-1.21,1.05,7.91,0.12,-0.32,0.06,.1
-1.89,2.10,8.74,0.21,-0.17,-0.05,.2
-1.80,2.44,7.98,-0.06,0.02,0.04,.3
-1.47,2.21,7.45,0.03,0.28,0.13,.4
-0.05,4.86,9.44,-0.07,0.30,0.24,.5
-5.03,6.36,10.14,1.20,1.41,-0.33,.6
-9.27,4.37,7.17,0.01,1.69,-0.93,.7
-6.83,2.23,3.49,-0.17,0.45,0.24,.8
-9.16,1.98,4.20,-0.13,0.66,0.70,.9
-5.53,3.18,1.85,-0.73,1.77,0.93,1
-4.46,5.27,6.97,-2.35,0.07,0.08,1.1
-4.22,4.83,9.56,-0.91,-2.60,0.02,1.2
-3.29,4.25,10.28,-0.26,-2.39,-0.14,1.3
-2.16,2.42,10.55,-0.46,-0.38,-0.02,1.4
0.48,1.54,6.06,0.24,-0.78,-0.37,1.5
-0.86,1.91,7.54,0.29,-0.41,-0.73,1.6
-0.58,3.61,9.90,0.50,-0.02,-0.47,1.7
-3.92,3.72,12.37,0.40,0.65,-0.57,1.8
-5.29,2.17,6.93,-0.64,-0.35,-1.08,1.9
-4.97,0.70,5.18,1.49,1.68,0.22,2
-6.17,2.48,7.94,-0.17,1.42,0.54,2.1
-5.23,2.86,5.71,0.14,1.81,0.28,2.2
-3.96,1.94,2.38,0.56,2.98,0.20,2.3
-8.48,4.48,0.41,-0.04,2.08,-0.24,2.4
-11.33,7.55,3.02,-0.78,1.18,-0.77,2.5
-13.07,7.11,10.83,-0.54,1.18,-0.86,2.6
-5.26,3.67,4.59,1.08,-0.69,0.18,2.7
-8.34,0.59,7.64,0.39,-2.61,-0.16,2.8
-10.46,2.06,5.39,2.44,-3.04,-0.75,2.9
-6.37,1.29,0.72,2.40,0.22,-0.17,3
-5.30,1.24,1.37,0.75,0.93,-0.04,3.1
-8.65,5.67,-3.62,1.54,1.29,0.40,3.2
-13.06,7.01,0.19,-0.08,-1.89,0.00,3.3
-7.88,4.63,5.99,-2.51,-2.32,-0.04,3.4
-12.24,0.45,10.20,-2.93,-1.45,-1.80,3.5
-6.26,-0.07,5.94,-0.75,-2.15,1.05,3.6
-3.99,-1.71,9.90,-0.81,-1.67,1.96,3.7
-1.15,0.07,5.08,1.32,-0.26,1.83,3.8
-1.17,2.27,7.30,-0.35,-1.77,0.69,3.9
-1.00,4.11,6.03,0.95,-0.23,0.37,4
0.64,4.86,6.78,0.52,0.07,0.85,4.1
0.73,5.33,7.63,0.06,-0.17,0.57,4.2
0.15,5.48,8.29,0.17,-0.15,0.35,4.3
0.72,4.46,10.67,-0.21,-0.40,0.22,4.4
1.73,3.96,8.07,0.06,0.04,0.00,4.5
0.80,4.09,8.09,0.02,0.23,-0.14,4.6
0.44,4.58,7.66,0.28,0.24,-0.06,4.7
0.09,5.18,7.65,0.05,0.24,0.06,4.8
-0.30,5.24,7.45,0.12,0.60,0.26,4.9
-1.31,4.96,8.07,0.05,0.77,0.60,5
-3.16,3.66,12.28,-0.21,1.10,0.87,5.1
-3.01,4.38,6.91,-0.16,0.26,0.84,5.2
-3.06,3.86,8.52,-1.01,0.70,0.93,5.3
-2.33,3.55,5.97,0.11,1.07,1.09,5.4
-3.41,2.86,9.47,-0.73,1.42,1.20,5.5
-3.40,5.01,6.87,0.10,2.46,1.61,5.6
-4.13,6.59,9.69,-1.00,-0.18,0.52,5.7
-4.76,2.22,10.38,-0.80,0.12,0.29,5.8
-5.36,1.07,9.69,0.08,-0.78,0.37,5.9
-3.62,0.68,8.99,-0.29,-0.40,0.93,6
-2.02,2.01,4.89,0.90,1.36,1.19,6.1
-3.72,2.86,7.86,-0.25,1.26,0.96,6.2
-0.97,3.69,7.10,-0.26,2.02,1.29,6.3
-7.01,6.99,6.18,-0.51,2.56,0.42,6.4
-3.84,3.97,14.19,-3.01,-2.34,0.54,6.5
-0.87,1.85,11.09,-0.28,-3.92,0.67,6.6
-2.49,2.78,6.55,0.83,-1.37,0.54,6.7
-1.58,2.62,8.11,0.80,1.21,0.82,6.8
-1.39,3.97,6.79,0.21,0.51,0.72,6.9
-1.54,4.27,9.03,0.04,0.65,0.77,7
-0.76,4.51,8.67,-0.13,0.06,0.80,7.1
-1.26,4.68,9.37,-0.17,0.08,0.59,7.2
0.52,3.76,8.63,0.02,-0.11,0.66,7.3
1.01,3.57,8.73,-0.21,-0.07,0.37,7.4
0.43,3.76,7.17,-0.12,0.27,0.05,7.5
0.40,3.63,8.70,-0.21,0.01,0.18,7.6
1.91,3.53,7.69,0.12,0.51,0.10,7.7
-3.62,6.01,5.33,2.42,5.32,-0.38,7.8
-15.88,7.25,5.68,0.82,2.22,-1.16,7.9
-9.09,4.22,-1.65,0.50,1.62,-0.99,8
-7.34,2.36,1.50,-2.20,0.84,-1.80,8.1
-8.57,3.38,-0.30,-0.89,1.80,0.16,8.2
-8.24,3.23,-0.69,-0.98,1.50,0.63,8.3
-6.15,3.72,0.49,-1.17,0.56,0.93,8.4
-6.44,4.18,1.66,-0.97,-0.34,0.59,8.5
-7.79,6.84,-0.01,0.00,0.69,0.24,8.6
-9.56,6.60,2.61,-0.71,-0.46,-0.17,8.7
-10.03,4.58,6.75,-1.00,-0.16,-1.59,8.8
-9.81,3.24,2.44,0.04,0.35,-1.05,8.9
-6.05,2.03,2.51,1.25,-0.95,0.81,9
-7.80,2.36,3.72,1.87,-0.39,0.69,9.1
-10.22,4.60,-1.04,2.20,0.16,0.22,9.2
-13.23,3.79,-1.48,0.44,-0.87,-0.26,9.3
-6.71,3.98,-5.06,1.04,0.68,-0.03,9.4
-8.88,3.01,-4.52,-0.62,0.71,-0.44,9.5
-10.83,1.91,-4.17,-2.01,-0.13,-0.11,9.6
-8.17,0.64,-1.84,-1.63,1.34,-0.11,9.7
-5.08,1.25,-2.31,-0.27,2.05,0.64,9.8
-7.47,3.53,-2.90,-0.21,2.01,-0.07,9.9
-14.58,6.04,-3.31,-0.03,0.15,-2.14,10
-11.91,7.69,1.22,-0.63,-0.33,-1.59,10.1
-9.66,4.66,1.54,0.61,-1.14,-0.97,10.2
-10.44,1.65,0.99,1.65,-1.31,0.60,10.3
-12.49,1.26,-3.83,2.84,-0.72,2.25,10.4
-11.21,0.17,-5.48,2.42,0.39,2.53,10.5
-7.13,-1.11,-5.58,1.39,0.27,1.05,10.6
-5.79,-2.93,-1.75,-0.86,-1.25,-1.13,10.7
-5.40,-4.73,-4.12,0.06,-0.45,-1.09,10.8
-8.80,-7.21,-6.13,-0.13,1.42,-2.89,10.9
-11.07,-6.79,-4.58,-1.43,0.26,-4.41,11
-10.78,-4.73,-2.82,-2.29,-0.45,-3.88,11.1
-10.45,-3.11,-2.92,-1.34,0.38,-2.47,11.2
-12.63,-2.78,-6.99,0.67,0.13,-0.88,11.3
-9.30,-1.96,-3.94,0.46,-0.61,0.07,11.4
-6.96,-1.25,-2.47,0.56,-0.72,1.29,11.5
-10.77,-4.44,-3.47,0.88,-0.05,1.80,11.6
-12.33,-7.82,-4.01,0.53,0.17,2.46,11.7
-12.36,-9.55,-2.84,-0.19,-0.81,2.41,11.8
-6.07,-4.11,-2.89,1.45,0.38,1.90,11.9
-5.06,-5.65,-6.35,0.51,-0.86,1.71,12
-4.93,-5.48,-3.79,-1.18,0.16,-0.16,12.1
-7.33,-3.76,-4.18,-0.89,0.50,-1.79,12.2
-7.72,-3.76,-4.60,-0.50,0.70,-2.92,12.3
-12.09,-4.05,-2.30,-2.15,-0.08,-3.40,12.4
-13.07,-5.14,-5.34,-0.20,0.46,-1.48,12.5
-10.51,-2.66,-3.09,0.27,-0.35,-0.85,12.6
-7.69,-0.44,-3.44,1.60,0.12,0.36,12.7
-10.81,-3.72,-5.68,1.05,0.28,1.65,12.8
-10.45,-6.77,-3.21,-1.06,-0.72,2.51,12.9
-6.67,-5.44,-1.38,-0.45,-1.02,2.63,13
-4.62,-3.72,-2.21,1.01,-0.11,2.37,13.1
-3.78,-3.32,-3.00,1.30,0.34,1.22,13.2
-6.11,-4.39,-4.58,0.89,0.28,-0.08,13.3
-10.67,-8.63,-5.20,-0.38,-0.09,-2.45,13.4
-14.94,-2.18,-4.23,-1.51,-1.34,-4.43,13.5
-9.17,-3.43,-5.19,-0.36,0.26,-0.30,13.6
-5.84,-3.20,-1.37,-2.59,-1.28,0.06,13.7
-6.07,-2.33,-2.99,-1.59,-0.94,-0.06,13.8
-8.87,-1.29,-4.26,-1.01,-0.95,-0.48,13.9
-9.69,-1.74,-5.75,-0.58,-0.66,-0.04,14
-10.34,-3.35,-4.37,-1.08,-0.88,0.37,14.1
-10.35,-1.01,-5.26,0.13,0.09,0.15,14.2
-10.29,-4.77,-4.64,-0.21,0.28,1.21,14.3
-8.15,-3.92,-3.20,-1.16,-0.16,0.96,14.4
-8.03,-3.27,-2.21,-1.20,0.10,0.99,14.5
-5.05,-1.96,-3.85,-0.60,0.83,0.64,14.6
-5.04,-1.88,-2.17,-1.73,-0.12,-0.69,14.7
-8.68,-3.35,-3.69,-1.30,0.47,-2.23,14.8
-13.60,-10.28,-6.33,-1.69,-0.07,-2.96,14.9
-14.72,-5.94,-0.20,-3.31,-0.57,-4.13,15
-5.94,-2.71,-2.83,-1.40,-1.44,-1.38,15.1
-5.98,-3.58,-1.75,-1.77,-1.09,-1.11,15.2
-8.50,-3.60,-2.53,-1.43,-1.22,-1.81,15.3
-9.69,-2.60,-4.74,0.37,-1.48,-1.75,15.4
-8.76,-2.36,-6.54,0.74,-1.05,-0.73,15.5
-9.73,-4.47,-5.63,-0.61,-0.60,-0.11,15.6
-10.46,-6.74,-2.94,-0.80,0.02,0.26,15.7
-9.60,-3.86,-2.09,-0.06,0.40,-0.20,15.8
-9.47,-5.56,-4.71,0.96,0.47,1.78,15.9
-10.26,-7.71,-2.16,-0.87,0.03,2.38,16
-7.22,-6.46,-1.13,-0.75,-0.75,2.23,16.1
-5.44,-4.86,-1.78,0.50,-0.43,1.98,16.2
-5.62,-2.53,-2.82,1.50,0.49,0.62,16.3
-7.63,0.45,-2.44,0.83,0.08,-0.22,16.4
-10.31,0.97,-1.70,-0.45,-0.88,-0.51,16.5
-14.30,-1.97,-6.73,0.85,0.10,-0.79,16.6
-8.62,-0.61,-3.50,0.35,-0.18,-1.08,16.7
-7.23,-3.91,-3.60,-0.44,-0.46,-0.57,16.8
-7.22,-7.28,-3.56,-1.59,0.53,-0.45,16.9
-6.57,-5.01,-1.31,-3.10,-0.96,-0.98,17
-5.84,-4.79,-2.72,-1.06,0.63,-0.97,17.1
-8.42,-3.98,-1.38,-1.64,0.08,-1.99,17.2
-11.21,-3.76,-5.45,-0.24,0.17,-1.52,17.3
-13.31,-5.67,-6.51,0.47,0.53,-0.77,17.4
-7.65,-1.34,-1.83,0.19,-0.14,-0.56,17.5
-6.69,-1.32,-3.58,1.00,-0.05,0.48,17.6
-10.15,-4.23,-3.35,0.76,1.13,1.58,17.7
-11.03,-5.53,-2.04,-0.35,0.34,1.67,17.8
-9.12,-4.62,-2.57,0.60,0.50,2.28,17.9
-7.41,-4.69,-3.01,0.56,0.38,2.67,18
-8.80,-7.60,-3.57,-0.03,-0.15,2.04,18.1
-10.17,-5.48,-5.28,1.28,0.28,-0.71,18.2
-7.41,-2.41,-4.58,1.02,-0.47,-1.53,18.3
-4.77,-4.34,-5.89,0.01,-0.39,-0.44,18.4
-7.86,-4.81,-2.90,-1.45,-0.15,-1.75,18.5
-7.94,-2.82,-3.21,-1.20,-0.38,-2.19,18.6
-7.06,-2.58,-2.41,-1.06,-0.05,-1.51,18.7
-9.16,-4.47,-2.96,-1.28,-0.80,-1.15,18.8
-11.52,-6.56,-8.22,0.25,-0.52,-0.53,18.9
-9.27,-2.13,-3.91,0.40,0.34,-0.58,19
-6.23,-0.91,-1.03,0.19,-0.47,0.58,19.1
-7.60,-3.82,-6.73,2.55,1.90,2.23,19.2
-14.15,-5.71,-4.40,-0.29,1.49,1.09,19.3
-10.15,-5.89,-1.18,-1.79,-1.04,2.40,19.4
-6.22,-4.88,-2.97,0.08,-0.85,3.34,19.5
-6.58,-5.30,-5.06,0.66,-0.41,2.51,19.6
-8.37,-5.82,-4.64,0.38,-0.41,0.04,19.7
-10.63,-2.33,-2.92,0.57,-0.21,-3.76,19.8
-8.37,-3.55,-5.24,0.81,0.36,-1.93,19.9
-8.17,-5.20,-3.16,-1.71,-0.58,-1.78,20
-8.95,-3.71,-1.70,-2.03,-0.65,-2.30,20.1
-6.89,-2.60,-2.08,-0.86,-0.14,-1.33,20.2
-9.35,-3.49,-1.96,-0.84,-0.89,-1.23,20.3
-11.11,-6.50,-8.78,1.27,0.22,0.07,20.4
-9.90,-3.88,-3.40,0.03,0.41,0.12,20.5
-6.92,-1.40,-0.42,0.49,0.02,0.64,20.6
-11.13,-5.03,-5.27,1.88,1.10,1.68,20.7
-11.63,-7.09,-6.29,0.74,1.58,2.48,20.8
-7.79,-5.07,0.96,-2.48,-1.76,1.82,20.9
-6.31,-1.84,-2.18,1.11,0.18,2.35,21
-12.21,3.37,0.58,0.12,-0.62,1.76,21.1
-10.73,1.87,-3.93,0.23,-1.26,1.31,21.2
-6.61,0.10,-4.85,1.19,-0.84,1.05,21.3
-8.11,-0.45,-2.15,0.65,-0.45,-1.08,21.4
-5.04,-3.28,-4.36,1.80,0.88,-0.68,21.5
-10.35,-6.05,-6.96,1.03,1.38,-2.22,21.6
-14.24,-3.50,-0.89,-2.84,-0.76,-3.77,21.7
-7.44,-1.80,-3.95,-1.41,-0.92,-1.08,21.8
-6.44,-2.00,-2.92,-1.91,-0.44,-0.59,21.9
-8.42,-2.14,0.13,-3.15,-1.06,-1.24,22
-10.24,-0.95,-2.25,-1.84,-1.11,-0.99,22.1
-9.59,-2.59,-4.55,-0.96,-1.16,-0.36,22.2
-10.91,-1.24,-4.59,0.11,-0.07,-0.53,22.3
-10.16,-3.89,-5.55,0.53,0.67,0.82,22.4
-9.09,-3.81,-3.99,-1.44,-0.46,1.12,22.5
-7.54,-2.83,-2.64,-2.00,-0.70,1.33,22.6
-6.19,-0.87,-3.03,-1.47,0.08,1.09,22.7
-4.84,1.83,-2.44,-1.68,-0.19,0.28,22.8
-7.03,1.52,-3.57,-1.27,0.42,-0.69,22.9
-7.81,-1.23,-4.49,-1.23,0.47,-1.07,23
-11.40,-4.46,-0.81,-1.90,0.87,-2.62,23.1
-12.18,-5.89,-5.76,-1.09,0.39,-3.05,23.2
-7.56,-4.73,-1.79,-2.91,-0.98,-1.72,23.3
-4.41,-3.70,-1.52,-2.91,-1.63,-0.97,23.4
-6.48,-5.49,-0.20,-2.27,-0.27,-1.80,23.5
-12.50,-6.47,-4.32,-0.50,-0.18,-2.28,23.6
-11.54,-5.10,-6.66,0.92,0.04,-1.79,23.7
-10.65,-0.31,-4.78,0.90,-0.43,-1.95,23.8
-8.24,-1.15,-4.18,1.66,0.73,0.04,23.9
-11.26,-5.89,-3.37,-0.96,0.34,2.04,24
-10.89,-8.51,-1.38,-1.51,-0.56,2.82,24.1
-6.65,-6.51,-0.77,-0.32,-1.37,3.11,24.2
-7.19,-7.40,-3.09,1.59,-0.20,2.71,24.3
-10.28,-7.05,-5.81,2.03,0.71,0.09,24.4
-7.24,-4.71,-2.09,0.54,0.07,-1.06,24.5
-7.42,-3.89,-4.40,0.71,0.21,-1.91,24.6
-8.97,-5.25,-4.51,-0.28,0.51,-2.00,24.7
-9.83,-3.67,-2.93,-1.54,-0.84,-2.47,24.8
-7.64,-2.23,-2.98,-1.03,-0.34,-1.38,24.9
-7.48,-2.26,-2.80,-1.30,-1.08,-0.41,25
-7.13,-6.23,-5.10,-0.75,-1.09,0.21,25.1
-12.26,-7.86,-7.34,0.70,0.13,-0.35,25.2
-6.93,-2.37,-1.29,0.40,1.00,-0.81,25.3
-6.14,-1.22,-3.62,1.50,0.38,0.22,25.4
-9.35,-3.04,-5.45,1.88,1.86,1.23,25.5
-9.86,-4.31,-2.58,-0.96,0.32,1.37,25.6
-9.41,-6.78,-2.37,-1.09,-1.01,2.23,25.7
-9.83,-8.21,-4.73,0.00,-0.15,2.67,25.8
-7.92,-4.41,-3.17,0.35,0.01,0.63,25.9
-5.50,-3.41,-3.61,0.67,-0.59,-0.10,26
-3.82,-4.86,-5.81,0.63,0.08,0.03,26.1
-7.47,-3.98,-3.15,-1.20,0.00,-1.70,26.2
-8.54,-3.22,-4.43,-0.69,0.18,-2.29,26.3
-7.78,-2.82,-2.68,-1.34,-0.15,-2.13,26.4
-12.32,-5.10,-2.97,-1.49,-0.67,-1.65,26.5
-14.95,-3.88,-4.69,0.17,-0.07,-1.40,26.6
-7.66,-2.12,-2.86,0.97,-0.47,0.98,26.7
-7.90,-4.13,-2.39,1.46,0.36,2.24,26.8
-10.77,-3.66,-1.88,0.86,1.14,2.00,26.9
-10.03,-2.35,0.59,-0.06,-0.06,1.74,27
-8.96,-2.88,-1.61,0.86,0.00,2.60,27.1
-7.45,-4.78,-3.04,0.67,-0.50,2.42,27.2
-8.29,-6.81,-4.94,1.47,-0.12,0.29,27.3
-9.14,-4.16,-5.09,1.53,-0.03,-2.19,27.4
-8.21,-4.10,-5.48,0.06,-0.23,-1.78,27.5
-8.35,-5.26,-3.30,-1.59,-0.36,-1.50,27.6
-8.28,-3.47,-2.47,-1.65,-0.42,-1.87,27.7
-7.46,-3.11,-2.84,-1.05,0.11,-1.36,27.8
-7.96,-3.18,-2.18,-1.86,-0.95,-1.08,27.9
-11.31,-6.65,-3.89,-1.17,-0.79,-0.61,28
-10.74,-4.71,-3.97,0.75,-0.10,-0.75,28.1
-6.69,-1.79,-3.64,1.78,-0.02,-0.37,28.2
-8.25,-2.41,-4.68,1.51,0.43,0.50,28.3
-11.29,-4.96,-1.78,0.42,1.12,1.14,28.4
-7.64,-4.33,-1.39,0.12,0.25,1.90,28.5
-6.79,-3.12,-1.53,0.67,0.56,1.67,28.6
-8.35,-2.47,-2.19,0.66,0.44,1.30,28.7
-9.79,-3.03,-0.71,-0.14,-0.23,0.77,28.8
-10.01,-5.90,-3.97,0.82,-0.27,0.76,28.9
-9.80,-4.33,-2.07,0.72,-0.71,-1.14,29
-7.84,-2.85,-5.32,2.23,0.47,-1.11,29.1
-8.54,-3.78,-6.09,0.52,0.57,-0.15,29.2
-8.71,-4.70,-3.36,-1.55,-0.10,-0.26,29.3
-7.30,-4.16,-2.99,-2.17,-0.51,0.37,29.4
-5.10,-4.30,-2.77,-2.05,0.04,0.86,29.5
-5.36,-2.79,-2.23,-2.45,-0.40,-0.14,29.6
-7.10,-2.06,-4.09,-1.88,-0.45,-0.87,29.7
-10.16,-5.39,-1.64,-2.97,-1.52,-2.00,29.8
-13.23,-3.33,-3.21,-1.28,0.32,-2.42,29.9
-11.18,-2.62,-3.93,-0.81,0.37,-0.40,30
-7.82,-3.78,-3.53,-1.42,-0.12,0.74,30.1
-7.08,-4.04,-2.95,-1.99,-0.17,0.89,30.2
-5.13,-3.14,-1.77,-2.12,-0.56,0.38,30.3
-4.09,-2.92,-2.08,-1.50,-0.32,-0.75,30.4
-11.27,-4.83,-3.54,-1.23,0.12,-2.13,30.5
-13.50,-6.15,-3.39,-1.76,0.64,-2.89,30.6
-9.92,-3.49,-2.26,-3.01,-2.44,-2.44,30.7
-6.31,-2.90,-3.00,-0.81,-0.35,-0.67,30.8
-7.57,-3.73,-2.33,-1.42,-0.96,-1.16,30.9
-8.99,-3.28,-4.07,-0.68,-0.72,-1.21,31
-7.98,-3.78,-5.15,0.06,-0.76,-0.43,31.1
-7.09,-3.96,-4.13,0.03,-0.60,-0.17,31.2
-6.82,-3.91,-4.80,0.29,-0.24,0.00,31.3
-8.37,-4.16,-4.27,-0.30,-0.46,-0.04,31.4
-10.12,-2.67,-4.99,-0.11,-0.14,0.12,31.5
-12.78,-2.94,-6.20,-0.07,0.21,0.90,31.6
-12.61,-3.00,-4.01,-0.42,1.01,2.08,31.7
-8.28,-2.72,-1.86,-1.01,0.15,2.78,31.8
-6.58,-3.81,-3.56,0.24,0.25,2.54,31.9
-7.55,-4.85,-4.69,0.52,0.66,1.17,32
-6.94,-4.70,-3.04,0.32,-0.18,-1.52,32.1
-9.59,-5.46,-5.17,0.50,-0.26,-2.63,32.2
-9.52,-5.56,-3.55,-0.99,-0.26,-2.40,32.3
-7.05,-4.33,-2.65,-2.01,-1.31,-2.04,32.4
-6.36,-4.03,-2.43,-2.32,-1.11,-1.92,32.5
-7.24,-3.35,-3.22,-2.59,-1.33,-2.19,32.6
-13.82,-5.50,-4.14,-2.69,-1.55,-2.24,32.7
-13.20,-3.22,-6.16,-0.07,-0.01,-1.41,32.8
-7.03,-1.01,-3.00,1.80,1.25,0.45,32.9
-8.19,-2.87,-3.39,1.37,0.65,1.07,33
-10.26,-6.19,-0.20,0.04,0.90,2.39,33.1
-9.24,-4.53,-2.68,0.65,0.30,2.58,33.2
-9.66,-5.73,-2.62,0.24,0.22,2.39,33.3
-10.12,-6.94,-3.84,0.41,0.34,1.95,33.4
-7.16,-4.56,-1.50,0.15,-0.08,0.96,33.5
-7.56,-3.59,-3.67,1.08,-0.19,0.03,33.6
-5.65,-3.53,-6.13,0.65,-0.16,0.09,33.7
-5.93,-4.25,-4.87,-1.12,-0.50,-0.72,33.8
-7.00,-3.14,-4.16,-1.42,-0.28,-1.74,33.9
-8.27,-3.79,-2.66,-1.52,-0.04,-2.18,34
-9.98,-4.15,-2.16,-1.30,0.00,-2.17,34.1
-11.54,-3.33,-3.94,-0.42,-0.45,-1.54,34.2
-13.23,-5.97,-5.45,0.46,-0.08,-0.54,34.3
-8.89,-2.84,-0.56,0.06,-0.52,-0.18,34.4
-7.85,-1.73,-3.00,2.11,0.65,0.77,34.5
-9.79,-5.12,-0.95,1.00,0.92,1.98,34.6
-9.36,-3.79,-0.17,0.93,0.55,2.10,34.7
-8.99,-2.57,-1.23,1.28,0.46,1.86,34.8
-8.23,-2.67,-1.50,1.23,0.48,1.92,34.9
-10.33,-7.60,-4.28,0.90,0.31,1.37,35
-9.95,-4.84,-2.02,0.23,-0.16,-0.52,35.1
-7.43,-1.86,-4.37,1.20,-0.05,-1.02,35.2
-5.90,-4.57,-6.88,0.45,0.13,-0.14,35.3
-6.61,-5.09,-2.37,-2.76,-0.39,-1.49,35.4
-6.78,-3.02,-2.61,-2.66,-0.77,-1.96,35.5
-7.63,-3.86,-2.08,-1.33,0.39,-1.29,35.6
-10.99,-4.67,-1.48,-1.26,-0.41,-1.39,35.7
-11.81,-6.66,-8.16,1.49,0.84,-0.41,35.8
-8.18,-2.14,-2.75,0.06,-0.80,-0.94,35.9
-6.07,-0.86,-2.32,0.28,-0.47,-0.17,36
-10.73,-3.50,-2.84,0.81,0.62,0.60,36.1
-9.92,-6.24,-1.94,0.19,0.51,1.63,36.2
-11.78,-8.90,-4.01,0.74,0.07,1.78,36.3
-6.62,-3.50,-1.96,1.05,0.75,1.17,36.4
-8.69,-4.26,-3.77,1.12,0.10,0.95,36.5
-6.36,-5.44,-5.29,0.81,1.60,2.09,36.6
-5.46,-4.20,-2.73,-1.83,-0.61,0.32,36.7
-4.97,-1.39,-4.62,-0.86,0.35,-0.35,36.8
-6.87,-0.83,-3.72,-1.15,0.57,-1.32,36.9
-7.73,-0.44,-1.49,-2.12,-0.37,-1.72,37
-10.82,-3.13,-3.43,-0.21,-0.07,-1.60,37.1
-14.30,-6.39,-5.43,0.37,-0.34,-1.76,37.2
-9.61,-1.63,-1.81,0.17,-1.06,-1.54,37.3
-9.70,-1.08,-3.49,1.51,-0.11,-0.01,37.4
-10.49,-4.46,-3.58,0.53,-0.09,1.31,37.5
-8.36,-4.54,-2.71,0.25,-0.08,1.94,37.6
-6.80,-3.20,-2.78,0.08,-0.39,1.51,37.7
-5.66,-2.82,-0.89,-0.35,-0.18,1.05,37.8
-6.98,-2.09,-4.00,0.60,0.60,-0.04,37.9
-7.71,-3.30,-4.33,-0.63,-0.14,-0.96,38
-11.48,-6.58,-0.66,-2.63,-1.05,-2.36,38.1
-11.86,-2.16,-3.67,-0.49,-0.37,-2.02,38.2
-10.86,-4.23,-4.56,-0.52,0.76,-0.06,38.3
-7.17,-4.62,-1.84,-2.09,-0.99,1.04,38.4
-5.55,-3.26,-2.37,-1.22,-0.42,1.08,38.5
-7.25,-1.01,-3.68,-1.00,-0.86,-0.18,38.6
-10.00,-2.22,-4.21,-1.07,-0.57,-0.28,38.7
-11.13,-2.23,-3.49,-0.71,0.05,-0.41,38.8
-8.09,-3.25,-4.77,-0.51,0.14,0.13,38.9
-7.57,-4.54,-4.92,-1.87,0.51,-0.30,39
-6.78,-4.79,0.01,-3.88,-0.74,-0.79,39.1
-7.73,-3.81,-0.68,-2.36,0.07,-1.12,39.2
-10.27,-4.50,-4.04,-0.73,0.79,-1.38,39.3
-8.57,-2.51,-3.90,-0.87,0.07,-1.32,39.4
-8.03,-3.19,-3.96,-1.38,-0.96,-1.16,39.5
-7.34,-3.86,-1.49,-2.47,-1.59,-1.05,39.6
-6.62,-3.07,-2.00,-1.66,-1.09,-1.05,39.7
-10.61,-4.93,-4.76,-0.40,-0.57,-1.18,39.8
-11.50,-3.76,-7.74,-0.20,-0.18,-1.65,39.9
-10.26,-3.69,-2.18,-1.08,-0.23,-0.99,40
-8.65,-1.13,-0.78,-1.03,-0.81,-0.35,40.1
-10.29,-4.48,-2.36,0.40,0.04,1.32,40.2
-7.56,-5.52,-4.10,1.28,1.06,2.71,40.3
-5.82,-4.46,-2.10,-0.03,-0.17,2.15,40.4
-6.47,-6.11,-1.97,-0.46,-0.64,0.86,40.5
-8.71,-7.11,-3.18,0.28,0.19,-0.19,40.6
-11.31,-7.68,-4.14,0.77,0.44,-2.14,40.7
-10.19,-3.22,-5.24,0.86,0.27,-2.36,40.8
-7.87,-3.17,-5.08,-1.23,-1.08,-0.84,40.9
-2.40,-5.64,-3.73,-2.82,-1.29,0.67,41
-5.16,-4.83,-0.75,-3.41,-1.37,-1.01,41.1
-7.17,-3.46,-2.21,-1.89,-0.35,-1.41,41.2
-11.75,-5.54,-7.25,-0.06,0.27,-1.47,41.3
-14.11,-3.63,-4.96,0.60,0.87,-1.82,41.4
-7.70,-1.89,-1.51,0.66,0.03,0.66,41.5
-7.46,-2.97,-1.14,1.70,0.80,1.60,41.6
-8.96,-5.94,-1.18,1.70,1.22,2.44,41.7
-8.87,-4.80,-2.00,1.20,0.77,1.99,41.8
-12.86,-8.87,-3.57,0.05,0.50,1.52,41.9
-9.37,-7.92,-2.64,-0.68,-0.47,0.80,42
-3.57,-5.73,-4.83,1.12,-0.54,0.76,42.1
-5.32,-5.08,-7.27,1.05,0.27,-0.25,42.2
-7.47,-6.58,-5.87,-1.78,-0.11,-1.91,42.3
-7.10,-4.80,-0.44,-3.58,-1.11,-2.78,42.4
-7.30,-5.31,-1.05,-1.23,0.51,-1.97,42.5
-11.12,-5.26,-2.84,-0.75,0.04,-2.40,42.6
-10.09,-6.52,-6.87,1.31,0.29,-1.23,42.7
-11.51,-3.30,-3.83,0.21,-0.07,-0.91,42.8
-7.47,-0.81,-1.63,0.61,-0.11,0.19,42.9
-10.18,-3.50,-3.47,1.02,0.65,1.70,43
-13.47,-8.79,-3.75,0.51,1.26,2.75,43.1
-12.05,-11.02,-3.83,-0.43,-0.44,3.23,43.2
-6.97,-7.98,-3.88,0.07,-0.04,2.51,43.3
-1.86,-7.90,-3.56,-0.45,-0.97,0.93,43.4
-6.29,-7.40,-3.99,0.07,0.70,-0.80,43.5
-7.44,-6.93,-4.17,-0.38,0.06,-2.09,43.6
-9.88,-5.40,-5.15,-0.39,0.30,-2.99,43.7
-11.19,-4.12,-3.90,-1.10,0.25,-3.11,43.8
-11.17,-3.67,-3.77,-1.71,-0.53,-2.15,43.9
-9.69,-6.04,-2.69,-1.01,-0.61,-0.02,44
-8.23,-1.81,-2.65,0.18,-0.88,-0.51,44.1
-8.20,-3.02,-3.54,1.52,-0.11,1.27,44.2
-10.03,-6.13,-3.14,1.18,0.12,1.98,44.3
-7.31,-5.39,-2.60,1.59,0.44,2.60,44.4
-7.10,0.08,-0.25,1.43,0.36,1.99,44.5
-10.77,-1.91,-1.47,0.83,0.52,1.99,44.6
-10.08,-4.40,-2.10,0.35,-0.11,1.95,44.7
-6.23,-5.17,-0.38,0.07,-0.97,-0.20,44.8
-11.26,-5.63,-2.86,1.64,-0.33,-2.08,44.9
-8.16,-4.56,-8.50,2.19,0.99,-0.27,45
-8.38,-5.27,-4.40,-1.71,-0.85,-1.07,45.1
-6.63,-4.25,-3.66,-2.08,-0.65,-0.93,45.2
-4.78,-4.33,-1.39,-2.98,-0.61,-0.82,45.3
-7.57,-3.56,-1.54,-3.06,-0.69,-1.13,45.4
-9.21,-1.66,0.31,-3.05,-1.68,-1.49,45.5
-9.62,-2.57,-4.36,-1.35,-1.29,-0.65,45.6
-13.35,-2.38,-4.30,-0.96,-0.84,-0.82,45.7
-9.73,-4.52,-4.00,-0.05,-0.08,0.43,45.8
-8.52,-3.90,-5.72,0.14,1.24,1.59,45.9
-8.05,-3.91,-2.69,-2.15,-0.30,1.03,46
-3.68,-2.68,-1.43,-1.93,-0.45,0.87,46.1
-5.19,-1.63,-2.23,-1.26,0.19,-0.29,46.2
-8.05,-2.08,-2.65,-1.19,0.27,-1.72,46.3
-11.65,-6.96,-4.51,-1.44,0.16,-2.55,46.4
-14.47,-3.85,-2.20,-1.99,-0.70,-4.12,46.5
-6.67,-4.06,-5.86,-0.83,-1.03,-1.32,46.6
-4.74,-5.56,-1.37,-2.50,-1.59,-0.73,46.7
-6.15,-5.23,-2.94,-1.11,-0.47,-0.87,46.8
-7.29,-4.64,-3.26,-0.36,-0.50,-1.17,46.9
-7.58,-4.73,-2.48,-0.27,-0.68,-1.07,47
-8.86,-4.80,-3.12,0.50,-0.82,-1.18,47.1
-6.18,-5.31,-6.71,1.59,-0.49,-0.77,47.2
-6.41,-6.70,-5.62,0.19,-0.87,-0.83,47.3
-7.19,-8.54,-3.60,-0.96,-0.52,-0.36,47.4
-10.46,-3.92,-3.97,-0.98,-0.45,-0.81,47.5
-11.02,-4.71,-4.15,-1.27,-0.69,1.15,47.6
-13.20,-11.17,-3.92,-1.91,-0.81,3.03,47.7
-13.85,-9.11,-4.36,0.28,-1.00,3.83,47.8
-5.45,-6.40,-4.91,1.93,1.08,5.21,47.9
-6.05,-2.52,0.12,-1.16,-0.12,1.50,48
-7.49,2.70,5.94,-1.35,-0.27,0.32,48.1
-8.03,5.50,-0.25,-0.88,-1.39,0.18,48.2
-8.00,5.00,-3.54,0.69,-1.00,0.83,48.3
-8.69,-1.08,-3.57,1.44,-0.21,-0.87,48.4
-8.33,-3.75,-4.39,1.35,-0.13,-3.15,48.5
-8.02,-4.95,-6.81,2.00,1.17,-2.32,48.6
-9.17,-8.16,-4.42,-1.08,0.17,-2.92,48.7
-12.20,-8.70,-0.03,-2.85,-0.67,-4.21,48.8
-7.87,-4.60,-2.13,-0.55,-0.04,-3.40,48.9
-8.57,-4.15,-1.32,0.34,-0.10,-1.93,49
-11.86,-8.56,-3.55,0.43,-0.89,-1.41,49.1
-10.52,-3.57,-10.68,2.41,-0.90,-0.19,49.2
-4.10,-1.68,-4.94,1.26,1.07,1.90,49.3
-9.59,-5.25,-5.69,-0.32,1.25,2.50,49.4
-12.22,-8.68,-2.13,-1.99,1.06,2.39,49.5
-9.92,-7.46,-0.63,-1.08,-0.80,2.33,49.6
-7.46,-6.02,-3.03,0.98,0.50,2.99,49.7
-6.59,-7.81,-3.08,0.01,-0.21,1.99,49.8
-7.63,-8.67,-2.35,0.12,-0.53,0.04,49.9
-8.17,-4.83,-5.52,1.66,-0.38,-2.35,50
-7.18,-5.12,-8.04,1.06,-0.29,-2.12,50.1
-9.89,-5.62,-2.20,-1.84,-0.75,-2.85,50.2
-7.46,-3.18,-5.94,-0.48,-0.10,-1.87,50.3
-6.45,-3.50,-2.36,-2.94,-1.04,-1.46,50.4
-10.32,-4.82,-2.78,-2.30,-0.76,-0.58,50.5
-10.58,-5.14,-3.99,-0.44,-0.15,-0.29,50.6
-8.44,-1.39,-0.10,0.59,-0.48,-0.40,50.7
-8.59,-3.05,-4.74,2.81,1.14,1.36,50.8
-11.46,-6.56,-2.77,0.64,0.56,2.07,50.9
-8.11,-5.72,-0.75,0.41,0.21,2.72,51
-6.11,-5.41,-2.05,1.64,0.57,2.66,51.1
-9.01,-6.83,-3.29,1.60,0.56,1.69,51.2
-9.59,-7.36,-4.59,1.29,0.53,0.34,51.3
-6.07,-2.31,-5.32,0.50,-1.07,-0.99,51.4
-5.50,-4.06,-5.93,0.19,0.09,-0.14,51.5
-5.95,-4.11,-5.48,-1.02,-0.40,-1.07,51.6
-7.35,-4.16,-3.98,-2.42,-0.45,-1.79,51.7
-8.05,-4.49,-3.82,-2.28,-0.21,-1.77,51.8
-8.07,-4.28,-1.07,-2.50,-0.67,-1.57,51.9
-7.53,-3.63,-2.35,-1.08,-0.35,-1.10,52
-9.49,-2.75,-5.39,-0.14,-0.34,-1.16,52.1
-7.80,-2.41,-5.48,-0.13,-0.42,-0.20,52.2
-7.33,-3.30,-4.09,-0.74,-0.62,0.35,52.3
-7.57,-3.40,-5.67,0.46,-0.01,0.52,52.4
-7.50,-3.85,-4.02,-0.14,-0.23,0.50,52.5
-7.07,-3.66,-4.89,0.43,-0.01,0.42,52.6
-7.31,-3.61,-4.71,0.37,0.03,0.17,52.7
-6.78,-3.51,-4.85,0.23,0.03,-0.18,52.8
-6.90,-3.16,-5.49,0.22,0.08,-0.48,52.9
-10.12,-5.11,-6.23,0.15,0.25,-0.62,53
-10.60,-5.75,-5.85,0.46,0.62,-0.58,53.1
-8.34,-2.09,-1.74,0.07,-0.07,-1.02,53.2
-7.47,-1.39,-3.58,1.14,0.39,0.08,53.3
-11.17,-4.43,-2.79,1.11,1.32,1.45,53.4
-11.20,-5.48,-0.96,0.04,0.49,1.98,53.5
-8.96,-5.30,-1.90,0.71,0.32,2.56,53.6
-8.24,-3.89,-1.17,0.49,0.06,2.30,53.7
-9.44,-0.76,-0.69,0.59,-0.77,1.61,53.8
-10.01,0.38,-4.63,1.22,-1.06,1.82,53.9
-7.92,-2.01,-5.32,1.83,-0.14,1.36,54
-8.22,-4.01,-3.57,1.21,-0.41,-0.06,54.1
-8.03,-3.99,-3.55,0.48,-0.47,-2.07,54.2
-9.71,-4.63,-2.90,-0.16,0.17,-2.42,54.3
-11.70,-4.22,-0.30,-1.97,-1.09,-2.49,54.4
-6.73,-3.33,-2.91,-1.42,-0.63,-0.78,54.5
-6.24,-3.51,-3.27,-2.79,-1.02,-0.53,54.6
-7.58,-2.18,1.56,-4.37,-2.64,-1.03,54.7
-7.61,-2.14,-1.26,-1.48,-0.51,-0.29,54.8
-11.12,0.05,-4.85,-1.08,-0.94,-0.77,54.9
-11.10,-4.66,-11.01,-0.93,-1.13,-0.28,55
-9.24,-5.46,-2.99,-0.60,-0.07,-0.12,55.1
-8.24,-5.64,-2.19,-0.51,-0.36,1.72,55.2
-7.19,-4.58,-1.62,-0.93,-0.80,0.94,55.3
-6.86,-4.87,-3.61,-0.31,-0.21,0.83,55.4
-6.58,-4.84,-1.42,-1.18,0.19,-0.12,55.5
-8.24,-4.19,0.37,-1.39,0.44,-1.10,55.6
-11.09,-4.31,-0.83,-0.42,0.73,-2.22,55.7
-11.53,-3.91,-1.51,-0.08,0.67,-2.15,55.8
-11.39,-2.77,-1.95,0.37,0.54,-1.33,55.9
-10.03,-2.68,-2.76,0.35,0.41,-0.26,56
-9.51,-3.57,-3.64,0.10,0.34,1.14,56.1
-12.57,-8.67,-5.85,-0.24,0.48,1.60,56.2
-9.85,-3.60,-1.65,-0.28,-0.04,1.20,56.3
-6.14,-4.71,-5.31,2.14,0.48,2.62,56.4
-6.86,-4.78,-4.87,1.38,0.29,2.27,56.5
-6.90,-5.71,-5.89,0.84,-0.23,1.69,56.6
-3.87,-5.53,-6.33,0.27,0.18,0.74,56.7
-5.03,-5.30,-5.48,-1.20,-0.52,-1.00,56.8
-6.71,-6.50,-5.90,-2.04,0.25,-2.73,56.9
-8.62,-8.40,-3.05,-3.73,-0.55,-4.10,57
-10.43,-7.06,-0.51,-4.24,-0.93,-4.64,57.1
-12.92,-5.95,0.17,-2.73,-0.31,-3.76,57.2
-13.38,-3.06,-2.32,-0.26,0.22,-2.53,57.3
-11.48,-3.59,-3.58,0.73,-1.26,0.50,57.4
-10.18,-5.04,-4.68,1.31,-0.86,2.01,57.5
-8.86,-6.06,-6.19,1.64,-0.70,3.16,57.6
-5.53,-5.04,-5.98,1.09,0.04,3.16,57.7
-5.53,-4.53,-5.06,-0.68,-0.20,0.89,57.8
-6.32,-7.94,-6.74,-0.86,0.57,-0.35,57.9
-12.29,-6.97,-2.91,-2.91,0.02,-3.64,58
-8.22,-4.14,-3.30,-1.87,-0.23,-2.19,58.1
-7.66,-4.24,-1.49,-2.12,-0.33,-1.83,58.2
-7.91,-3.09,0.55,-2.11,-0.85,-1.75,58.3
-8.81,-3.14,-5.97,0.67,-0.33,-0.72,58.4
-11.69,-5.82,-8.16,0.62,-0.51,-0.42,58.5
-9.16,-0.77,-5.76,1.02,0.16,-0.91,58.6
-7.30,-1.07,-3.57,0.65,0.22,0.33,58.7
-11.39,-5.21,-4.26,-0.09,0.92,1.79,58.8
-11.84,-7.12,-2.47,-1.39,-0.22,2.13,58.9
-9.61,-5.44,-1.37,-0.58,-0.85,2.72,59
-6.16,-4.14,-2.88,0.13,-1.24,2.77,59.1
-3.35,1.10,-1.62,0.35,-0.52,1.56,59.2
-9.68,6.15,-2.81,0.09,-1.13,0.07,59.3
-9.85,3.00,-4.83,1.09,-0.28,0.40,59.4
-11.53,-0.79,-2.55,0.97,0.05,-0.97,59.5
-5.30,-2.37,-4.91,1.60,0.36,-1.09,59.6
-6.08,-4.85,-1.94,-0.59,0.44,-1.73,59.7
-8.91,-7.49,-3.93,-1.19,0.60,-2.68,59.8
-13.47,-5.91,-1.69,-2.06,-0.10,-4.59,59.9
-10.73,-2.09,-2.90,-1.22,-0.04,-3.11,60
-9.27,-3.02,-3.06,-1.18,-1.04,-0.44,60.1
-7.76,-6.16,-4.81,-0.41,-0.83,0.56,60.2
-11.70,-4.05,-5.40,0.97,0.23,-0.43,60.3
-7.61,-1.11,-1.76,1.12,-0.28,0.29,60.4
-8.04,-2.39,-4.94,2.06,1.23,1.98,60.5
-11.47,-4.90,-2.57,0.08,1.17,1.66,60.6
-8.60,-4.81,-2.07,-0.05,0.75,2.42,60.7
-7.64,-5.59,-2.16,-0.09,0.48,2.26,60.8
-10.14,-9.19,-4.70,0.43,0.39,1.03,60.9
-7.96,-4.33,-2.46,0.43,0.05,-0.77,61
-4.84,-3.80,-5.71,1.74,-0.22,-0.85,61.1
-8.62,-6.71,-5.63,0.24,-0.67,-0.99,61.2
-8.47,-4.55,-2.13,-1.83,-1.07,-2.07,61.3
-6.03,-2.23,-6.00,-0.40,-0.64,-1.32,61.4
-7.24,-4.09,-2.55,-2.57,-0.89,-1.42,61.5
-8.86,-3.89,-2.69,-2.77,-1.00,-1.41,61.6
-11.21,-6.49,-5.64,-1.00,-0.39,-0.81,61.7
-9.96,-2.04,-5.81,-1.16,-1.19,-1.31,61.8
-7.57,-0.29,-3.96,0.23,-0.66,0.32,61.9
-6.77,-2.86,-2.18,1.18,0.32,1.35,62
-6.54,-1.97,-0.49,0.60,-0.23,1.77,62.1
-9.01,-2.77,0.98,0.96,0.08,1.25,62.2
-12.73,-4.37,-2.07,2.86,0.14,1.76,62.3
-12.62,-7.39,-6.60,3.66,0.92,1.39,62.4
-5.14,-4.14,-0.65,1.69,1.36,0.70,62.5
-5.72,-6.39,-2.58,0.10,0.08,-0.50,62.6
-6.22,-8.61,-3.13,-0.61,0.12,-0.94,62.7
-6.03,-6.83,-6.09,-0.98,-0.63,-2.04,62.8
-5.82,-4.88,-3.24,-2.35,-1.33,-2.75,62.9
-8.00,-5.73,-1.32,-2.96,-1.15,-2.49,63
-11.71,-4.74,-4.60,-1.73,-0.94,-2.13,63.1
-10.50,-5.91,-7.86,0.39,0.13,-0.80,63.2
-7.46,-2.78,-5.40,0.57,-0.04,-0.75,63.3
-8.65,-1.72,-1.53,1.08,0.58,0.49,63.4
-12.53,-6.36,-0.63,1.83,0.90,1.80,63.5
-9.60,-8.08,1.19,0.75,0.56,3.99,63.6
-7.29,-5.55,-1.60,1.17,0.26,3.48,63.7
-8.88,-2.13,-3.85,1.27,0.86,2.17,63.8
-9.28,-0.09,-2.66,-0.03,0.22,1.85,63.9
-8.81,-0.10,0.87,-1.02,-0.44,1.54,64
-8.33,-2.07,-5.12,1.43,-0.68,0.92,64.1
-10.31,-1.02,-5.22,0.58,-1.55,-1.96,64.2
-7.84,-3.44,-4.69,0.87,0.23,-0.90,64.3
-9.83,-5.24,-1.82,-1.02,0.13,-1.82,64.4
-9.23,-4.61,-1.70,-1.31,0.01,-1.67,64.5
-7.63,-3.40,-1.30,-2.01,-0.36,-1.12,64.6
-6.90,-4.01,-1.22,-2.26,-0.05,-0.92,64.7
-7.38,-3.50,0.17,-2.92,-0.84,-1.59,64.8
-8.73,-2.41,-2.36,-1.90,-1.04,-1.85,64.9
-9.92,-1.91,-3.74,-1.29,-1.35,-1.86,65
-13.76,-2.70,-3.66,-1.74,-1.75,-1.51,65.1
-8.88,-4.45,-4.88,-0.97,-1.15,0.60,65.2
-8.69,-6.67,-4.15,-1.31,-0.89,0.75,65.3
-5.34,-6.22,-2.78,-1.44,-0.50,0.84,65.4
-4.88,-4.95,-2.72,-1.20,-0.16,0.03,65.5
-7.71,-4.53,-2.64,-1.40,-0.23,-0.96,65.6
-8.51,-4.08,-2.77,-0.93,0.24,-1.47,65.7
-9.07,-3.41,-3.12,-0.78,0.15,-1.58,65.8
-12.06,-5.04,-7.34,-0.91,0.06,-1.11,65.9
-10.70,0.04,-1.02,-2.77,-1.17,-0.90,66
-6.08,-3.02,-8.69,0.96,0.31,2.33,66.1
-4.85,-4.55,-6.97,-0.94,-0.62,1.60,66.2
-4.20,-4.51,-7.31,-0.12,0.09,0.79,66.3
-6.12,-3.82,-7.22,-0.81,0.17,-0.31,66.4
-7.18,-2.34,-9.39,-0.49,0.66,-1.21,66.5
-8.47,1.03,-6.41,-0.93,0.86,-1.54,66.6
-7.92,0.38,-2.53,-0.99,0.96,-0.61,66.7
-8.15,-1.52,-1.88,-1.06,0.06,0.14,66.8
-8.10,-1.61,-4.22,0.07,-1.31,0.71,66.9
-8.68,-1.31,-8.00,0.32,-1.74,0.92,67
-7.61,-1.80,-6.57,-0.83,-1.90,1.20,67.1
-11.12,1.07,-7.55,0.19,-0.71,-0.52,67.2
-7.87,1.55,-1.82,-0.11,-0.13,-2.32,67.3
-7.30,-2.89,-4.67,1.30,0.55,-1.11,67.4
-12.34,-8.49,-7.33,0.29,0.57,-2.61,67.5
-11.87,-4.98,-1.83,-0.94,-0.70,-3.10,67.6
-3.56,-6.12,-6.08,1.96,0.31,0.11,67.7
-3.44,-5.16,-0.54,-1.85,-1.46,-0.78,67.8
-4.61,-5.32,-3.54,0.46,-0.14,-0.56,67.9
-8.92,-7.54,-6.77,0.38,-0.50,-0.90,68
-10.33,-7.03,-4.07,0.47,-0.12,-0.49,68.1
-9.06,-0.30,-5.89,1.85,0.86,0.06,68.2
-9.29,-4.00,-7.93,0.56,0.81,1.83,68.3
-14.54,-10.96,-4.80,-4.31,-0.32,2.38,68.4
-14.66,-9.79,1.68,-4.76,-1.65,1.91,68.5
-9.53,-8.66,-2.72,2.36,-1.06,3.54,68.6
-3.05,-1.73,-5.52,3.28,0.14,4.26,68.7
-3.71,1.52,-2.90,0.42,-1.23,1.78,68.8
-6.10,0.18,-8.80,2.28,0.18,0.86,68.9
-9.15,-2.63,-3.01,0.21,-0.42,-2.73,69
-9.03,-3.54,-3.74,0.59,0.35,-2.99,69.1
-7.38,-4.79,-4.63,-0.50,-0.57,-2.08,69.2
-8.43,-5.28,-3.56,-1.89,-1.18,-2.80,69.3
-11.02,-4.06,-4.10,-1.44,-0.39,-3.42,69.4
-10.57,-2.40,-2.74,-1.44,-0.18,-2.70,69.5
-10.31,-2.11,-4.05,-1.89,-1.01,-1.08,69.6
-12.10,-5.35,-6.98,-1.29,-0.66,-0.08,69.7
-10.01,-3.24,-6.98,1.59,0.70,1.04,69.8
-6.83,-2.33,0.50,-0.38,-0.34,0.86,69.9
-7.01,-2.02,-4.74,1.77,0.87,1.68,70
-13.60,-5.38,-1.18,-0.67,-0.16,1.22,70.1
-10.11,-5.61,-1.00,-0.16,-1.20,2.33,70.2
-7.15,-3.53,-2.72,2.14,-0.42,3.13,70.3
-5.36,-1.20,-3.52,1.89,-0.81,2.42,70.4
-10.38,-6.21,-7.07,2.19,-0.04,1.07,70.5
-10.57,-6.23,-4.95,2.28,0.10,-1.02,70.6
-6.22,-3.85,-5.30,1.21,-0.61,-2.25,70.7
-9.36,-5.76,-5.12,-0.14,-0.06,-2.31,70.8
-9.47,-6.04,-1.09,-2.53,-0.93,-3.06,70.9
-6.92,-4.23,-1.52,-1.44,-0.52,-2.37,71
-5.94,-6.33,-1.53,-1.63,-1.24,-1.83,71.1
-10.24,-9.08,-6.48,-1.04,-1.68,-1.41,71.2
-13.79,-3.46,-2.14,0.02,0.02,-1.35,71.3
-13.93,4.85,-0.28,1.08,0.10,0.52,71.4
-15.22,-6.89,-1.64,0.08,-0.20,4.03,71.5
-22.66,-17.18,-5.18,1.25,0.24,4.49,71.6
-0.21,-10.44,-2.55,1.86,0.55,4.80,71.7
-0.55,-9.63,-4.32,0.17,0.48,1.77,71.8
-6.02,-10.69,-4.07,-2.20,-0.62,-2.39,71.9
-9.87,-9.79,-7.62,-0.86,-0.02,-4.06,72
-12.61,-9.75,-3.82,-1.81,0.25,-5.51,72.1
-13.55,-2.88,-2.02,-1.92,0.52,-4.94,72.2
-10.76,-5.68,-5.06,-1.07,-0.33,-2.31,72.3
-13.04,-1.71,-7.69,1.10,0.06,-0.63,72.4
-8.26,-0.99,-3.33,1.72,0.18,1.38,72.5
-11.85,-5.25,-4.66,0.97,0.03,3.30,72.6
-12.32,-9.90,-5.72,1.13,0.41,4.25,72.7
-6.92,-5.96,-3.01,0.03,-0.07,3.83,72.8
-9.95,-1.43,-5.28,0.03,0.51,2.12,72.9
-9.21,1.43,-0.93,-1.77,-2.35,1.76,73
-6.90,2.94,-6.00,1.88,-0.78,2.70,73.1
-6.50,0.58,-4.45,1.15,0.00,0.36,73.2
-8.46,-1.49,-3.50,0.82,-0.59,-1.49,73.3
-7.12,-1.19,-5.16,1.61,0.51,-1.24,73.4
-6.72,-3.90,-4.56,-0.34,-0.17,-1.61,73.5
-9.33,-5.11,-4.74,-2.17,-0.79,-3.43,73.6
-10.90,-4.68,-3.05,-2.38,-0.74,-3.88,73.7
-10.70,-3.50,-1.90,-1.46,0.40,-2.95,73.8
-9.27,-0.91,0.97,-1.49,-0.59,-2.33,73.9
-13.82,-5.87,-3.62,0.48,-0.89,-0.12,74
-8.42,-5.44,-5.87,0.48,-1.45,0.72,74.1
-9.15,-4.56,-5.35,-1.72,-2.58,1.38,74.2
-7.26,-4.03,-3.22,-1.18,-1.68,1.35,74.3
-5.11,-3.65,-3.47,-0.22,-0.70,1.49,74.4
-5.87,-3.40,-4.09,-0.37,0.32,0.03,74.5
-9.90,-6.24,-5.18,-1.06,0.12,-1.15,74.6
-13.09,-5.45,0.39,-2.13,0.29,-2.38,74.7
-4.01,-5.14,-4.95,-0.09,-0.59,-0.68,74.8
-6.42,-3.60,-1.64,-2.05,-1.47,-1.35,74.9
-7.82,-3.15,-2.79,-1.06,-0.75,-0.94,75
-7.73,-2.23,-3.32,-0.69,-0.84,-0.74,75.1
-9.34,-3.39,-4.16,-1.06,-1.28,-0.32,75.2
-12.67,-4.48,-4.04,-1.97,-1.68,-0.61,75.3
-9.72,-2.76,-0.21,-2.36,-2.06,0.08,75.4
-9.70,-0.93,-4.62,1.64,1.48,1.98,75.5
-9.56,-1.47,-3.71,0.59,-0.11,2.39,75.6
-13.54,-9.82,-5.77,0.40,0.66,2.39,75.7
-7.69,-5.37,-4.15,-0.45,-0.07,-0.20,75.8
-5.20,-5.95,-2.42,-0.91,0.78,-1.40,75.9
-6.46,-7.07,-1.81,-2.07,-0.27,-2.02,76
-9.48,-6.84,-2.47,-1.37,0.08,-3.39,76.1
-12.31,-5.46,-3.33,-1.61,-1.00,-3.10,76.2
-12.33,-3.84,-7.98,0.83,0.46,-1.70,76.3
-12.50,2.39,-4.30,-0.24,-0.17,-1.27,76.4
-9.22,-0.84,-2.43,0.06,-0.30,2.02,76.5
-10.77,-5.87,-3.96,0.72,0.61,3.29,76.6
-12.92,-7.85,-5.50,0.28,0.62,3.11,76.7
-15.54,-11.12,-3.12,-1.02,-0.30,2.05,76.8
-1.59,-6.64,-1.19,1.64,0.06,2.28,76.9
-2.18,-6.90,-5.55,1.51,0.26,0.72,77
-5.37,-6.25,-5.23,-1.05,-0.56,-1.22,77.1
-8.13,-4.50,-4.89,-1.18,-0.12,-2.83,77.2
-8.23,-3.49,-5.18,-1.42,-0.31,-3.36,77.3
-11.53,-3.86,-2.75,-2.15,-0.19,-3.06,77.4
-15.24,-4.51,-5.73,-1.44,-0.11,-2.09,77.5
-10.24,-3.38,-2.06,-0.60,-0.74,-0.14,77.6
-5.92,-1.58,-1.21,0.90,-0.54,0.66,77.7
-8.40,-3.48,-4.81,2.88,1.27,2.05,77.8
-9.61,-4.32,-3.76,1.50,1.62,2.10,77.9
-7.88,-4.49,-1.70,-0.06,0.05,2.02,78
-7.28,-5.14,-2.85,0.73,0.91,2.15,78.1
-10.52,-9.49,-5.66,0.21,0.08,1.02,78.2
-8.80,-5.39,0.30,-0.74,-0.52,-1.32,78.3
-10.46,0.07,-2.96,1.76,-0.79,-1.93,78.4
-11.17,-4.11,-4.70,2.32,-0.46,0.80,78.5
-8.10,-2.48,-5.51,-0.24,-1.63,1.38,78.6
-7.67,-0.76,-4.83,-1.19,-0.65,0.69,78.7
-6.45,-1.23,-2.71,-2.31,-0.33,0.74,78.8
-8.89,0.54,0.66,-1.38,0.31,0.91,78.9
-12.08,1.77,-0.21,-0.04,-0.05,1.12,79
-12.37,3.58,0.71,0.14,-0.37,0.96,79.1
-5.38,2.56,4.24,-1.02,-2.19,-0.88,79.2
-10.93,5.65,3.97,0.90,-1.53,-0.21,79.3
-7.59,1.43,10.22,-1.15,-4.17,0.96,79.4
-2.02,-0.76,7.64,1.20,-3.53,1.31,79.5
-0.16,0.92,5.09,1.79,-1.70,0.91,79.6
1.19,3.60,5.09,0.90,-0.69,0.46,79.7
0.73,5.85,7.27,0.04,-0.61,-0.18,79.8
-0.26,3.81,13.40,-1.44,0.87,-0.22,79.9
-2.01,3.67,6.40,-0.70,0.73,-0.53,80
-2.83,3.06,8.36,0.04,0.43,0.25,80.1
-2.44,3.56,7.77,-0.34,0.24,0.67,80.2
-0.86,1.61,4.98,0.79,2.54,0.83,80.3
-4.61,2.97,2.00,2.37,7.47,0.67,80.4
-7.51,6.15,3.49,-1.24,1.95,-1.27,80.5
-9.87,6.70,4.62,-2.35,0.09,-0.86,80.6
-9.61,5.53,5.60,-1.07,-0.05,-0.33,80.7
-11.12,2.76,5.68,-0.67,-0.12,-0.59,80.8
-9.99,2.57,1.06,-0.14,-1.03,-0.40,80.9
-10.81,0.87,4.68,0.19,-0.48,0.53,81
-4.76,0.62,6.26,0.80,-0.56,0.49,81.1
-3.89,2.02,2.75,1.67,0.78,0.00,81.2
-5.74,1.57,0.25,2.20,2.35,-0.84,81.3
-6.39,0.87,-2.27,2.53,3.00,-1.00,81.4
-7.27,-1.03,-5.31,1.36,1.19,-1.36,81.5
-8.88,-6.78,-5.06,-1.16,-0.21,-2.47,81.6
-10.96,-10.46,0.31,-3.04,-0.03,-3.39,81.7
-13.10,-6.76,0.44,-3.14,-2.00,-4.18,81.8
-6.60,-3.01,-2.78,0.37,-0.59,-0.88,81.9
-7.99,-4.04,-1.93,-1.03,-1.57,-0.81,82
-8.84,-3.36,-2.71,-0.88,-1.59,-0.35,82.1
-11.19,-7.68,-4.61,-0.56,-1.66,0.29,82.2
-9.76,-5.58,-3.13,-0.44,-0.29,0.65,82.3
-8.35,-5.57,-3.29,0.14,0.20,2.19,82.4
-6.92,-5.71,-3.71,-0.07,1.13,1.78,82.5
-5.75,-5.17,-2.13,-1.90,-0.77,1.10,82.6
-3.76,-4.28,-2.73,-1.15,-0.36,0.15,82.7
-6.31,-6.05,-2.83,-1.19,0.28,-1.31,82.8
-13.08,-13.85,-2.55,-2.50,0.39,-3.77,82.9
-14.74,-4.37,-1.50,-2.60,-0.03,-5.53,83
-6.46,-4.10,-3.56,-0.41,-0.60,0.67,83.1
-4.33,-4.66,-1.73,-2.07,-2.12,0.25,83.2
-7.35,-5.04,-4.19,-0.11,-1.31,-0.53,83.3
-6.60,-5.04,-6.06,0.70,0.03,-0.52,83.4
-6.81,-4.86,-3.52,-0.01,-0.04,-0.70,83.5
-7.24,-3.86,-3.80,0.02,-0.13,-0.71,83.6
-7.35,-3.33,-3.93,-0.14,-0.26,-0.31,83.7
-9.55,-7.48,-4.43,-0.73,-1.26,-0.03,83.8
-10.84,-6.90,0.94,-2.21,-1.17,-0.36,83.9
-10.86,-5.00,-5.18,2.22,2.20,1.19,84
-11.29,-8.61,-3.13,0.24,1.50,2.70,84.1
-8.63,-8.19,-1.88,-1.05,-1.01,2.92,84.2
-6.98,-4.63,-0.56,-0.15,-0.98,2.64,84.3
-4.12,-0.34,-0.14,0.57,-1.12,1.99,84.4
-6.39,-2.37,-3.12,0.93,-0.98,0.71,84.5
-9.93,-4.36,-2.20,1.84,0.60,-1.91,84.6
-7.21,-4.83,-7.68,3.03,0.84,-1.50,84.7
-7.80,-6.14,-7.45,0.18,-0.31,-2.12,84.8
-9.41,-6.81,-1.68,-3.08,-1.45,-2.68,84.9
-6.93,-4.01,-3.39,-1.17,-0.36,-1.62,85
-6.11,-5.43,-1.34,-1.78,-0.08,-1.18,85.1
-5.37,-5.32,0.92,-2.31,-1.74,-1.43,85.2
-7.78,-6.35,-4.97,-0.05,-0.85,-1.49,85.3
-11.04,-9.89,-9.13,1.09,-0.30,-0.86,85.4
-10.09,-5.11,-3.05,0.03,0.39,-1.19,85.5
-6.63,-1.05,-2.21,1.28,0.42,0.23,85.6
-7.31,-3.92,-5.24,2.49,2.06,1.96,85.7
-11.32,-6.93,-3.19,-0.13,1.95,1.59,85.8
-10.89,-7.86,-1.56,-2.01,-0.15,1.58,85.9
-7.23,-8.10,-0.87,-0.51,-0.99,3.17,86
-5.10,-8.70,-2.04,0.72,-0.20,2.94,86.1
-8.77,-9.62,-2.26,0.80,-0.36,0.66,86.2
-8.02,-3.66,-5.46,2.95,0.34,-1.99,86.3
-6.48,-2.37,-8.67,2.89,-0.72,-1.19,86.4
-6.60,-5.38,-5.65,-1.48,-0.31,-0.07,86.5
-6.44,-4.45,-2.72,-2.81,-1.00,-0.43,86.6
-7.50,-4.42,-1.48,-2.11,0.04,-1.18,86.7
-7.77,-4.32,-0.63,-1.65,-0.09,-1.24,86.8
-7.61,-3.15,-2.65,-0.23,-0.15,-0.78,86.9
-11.68,-7.18,-5.51,-0.10,-0.47,-0.45,87
-10.65,-8.73,-6.50,0.93,0.59,0.53,87.1
-5.80,-3.67,-0.74,0.39,0.48,-0.19,87.2
-6.38,1.63,-5.87,1.46,0.41,-0.94,87.3
-17.37,-4.37,3.98,-1.11,2.55,-1.96,87.4
-10.71,-13.65,-2.79,1.98,-1.58,4.52,87.5
-7.57,-12.25,-5.18,3.50,1.58,4.71,87.6
-4.57,-5.68,-1.46,0.75,-0.15,0.95,87.7
-3.23,-7.43,-5.22,0.79,-0.70,0.18,87.8
-4.91,-7.84,-5.91,-0.81,-0.12,-1.52,87.9
-7.58,-7.33,-4.71,-1.78,-0.28,-2.40,88
-6.83,-6.09,-2.07,-2.59,-0.59,-3.02,88.1
-6.50,-6.15,1.10,-3.46,-1.16,-2.81,88.2
-12.68,-5.94,-1.86,-1.10,-0.58,-2.42,88.3
-11.51,-6.90,-5.25,1.45,0.23,-0.74,88.4
-8.86,-2.86,-2.46,0.66,-0.19,-0.67,88.5
-8.28,-3.25,-4.08,2.16,0.61,1.19,88.6
-10.30,-6.72,-3.40,1.26,1.42,2.28,88.7
-9.59,-9.16,-2.95,-0.22,0.66,3.05,88.8
-5.93,-6.00,-0.68,-0.64,-0.30,2.60,88.9
-5.00,-3.76,-1.17,0.87,0.06,1.52,89
-14.45,1.78,3.97,0.69,0.59,0.78,89.1
-11.05,-5.86,-2.44,0.91,-2.48,1.86,89.2
-7.37,-4.71,-4.93,3.71,-0.47,1.53,89.3
-9.09,-4.57,-4.21,2.70,-0.23,-1.70,89.4
-6.83,-4.75,-7.56,3.78,1.14,-0.69,89.5
-8.99,-6.80,-3.57,-1.92,-0.54,-2.08,89.6
-8.13,-4.79,-2.18,-2.86,-1.34,-1.71,89.7
-6.27,-5.21,-3.44,-1.78,0.40,-0.45,89.8
-5.11,-6.13,-0.80,-3.51,-1.03,-0.81,89.9
-5.42,-5.98,1.10,-3.85,-2.18,-1.45,90
-7.07,-5.34,-1.03,-1.95,-1.37,-1.79,90.1
-11.80,-7.58,-3.44,-0.32,-0.47,-2.19,90.2
-13.51,-3.32,-3.04,0.31,-0.25,-2.30,90.3
-8.63,-3.86,-4.79,1.33,-0.44,0.52,90.4
-8.69,-5.49,-3.01,0.01,0.69,1.39,90.5
-7.66,-5.95,-2.55,-0.99,-0.19,1.64,90.6
-6.78,-6.35,-1.63,-1.27,-0.69,1.68,90.7
-5.77,-5.04,-2.10,-0.16,-0.43,0.84,90.8
-5.55,-5.04,-6.52,0.31,0.06,0.29,90.9
-8.42,-5.70,-1.36,-1.79,-0.36,-1.12,91
-8.14,-5.18,-5.53,-0.87,-0.59,-1.35,91.1
-5.96,-5.02,-0.59,-2.16,-0.01,-0.78,91.2
-5.78,-4.68,-0.10,-2.53,-1.46,-0.91,91.3
-8.17,-4.19,-1.53,-1.22,-0.50,-1.27,91.4
-12.41,-7.36,-5.41,0.18,-0.51,-1.13,91.5
-9.65,-1.64,-3.33,0.52,0.10,-0.64,91.6
-8.96,-4.59,-4.00,0.20,0.18,1.07,91.7
-8.10,-5.45,-2.97,-0.76,-0.03,1.15,91.8
-6.37,-4.84,-3.43,-0.64,0.02,1.72,91.9
-4.63,-4.74,-3.09,-0.94,-0.39,1.24,92
-8.94,-7.13,-6.44,-0.67,-0.33,-0.64,92.1
-11.02,-3.47,-4.12,-1.23,0.49,-1.80,92.2
-6.86,-6.25,-4.53,-1.64,-0.04,-0.58,92.3
-5.67,-5.29,0.62,-3.85,-1.38,-1.62,92.4
-5.78,-5.00,-1.25,-1.62,-1.01,-1.14,92.5
-8.79,-5.10,-2.94,-0.38,-0.35,-1.57,92.6
-12.55,-8.53,-6.00,0.54,0.05,-1.79,92.7
-11.62,-2.00,-4.09,0.59,0.08,-2.34,92.8
-7.07,-1.59,-2.97,1.39,0.52,0.77,92.9
-8.36,-5.79,-2.72,1.00,1.53,1.67,93
-10.77,-7.14,-2.68,-0.20,2.01,1.74,93.1
-9.03,-8.33,-1.43,-0.91,0.82,2.17,93.2
-8.69,-8.95,-1.19,-0.58,-0.11,1.99,93.3
-5.87,-4.66,-1.89,0.37,-0.26,1.23,93.4
-1.80,-7.05,-4.62,0.88,-0.89,0.74,93.5
-4.00,-8.24,-7.04,0.63,-0.36,-1.00,93.6
-7.02,-6.33,-2.27,-1.73,-0.22,-1.16,93.7
-6.52,-4.69,-4.02,-1.08,-0.27,-2.42,93.8
-8.94,-4.90,-1.38,-2.33,-0.28,-2.87,93.9
-13.06,-5.90,-3.47,-1.17,-0.11,-2.03,94
-12.19,-4.30,-4.31,0.50,0.15,-0.97,94.1
-6.60,-1.80,-1.78,1.03,-0.27,0.61,94.2
-7.67,-3.77,-4.42,1.64,0.92,1.51,94.3
-9.60,-6.20,-2.45,-0.06,0.85,1.81,94.4
-7.97,-5.85,-0.72,-0.68,-0.13,1.89,94.5
-9.11,-9.09,-2.30,0.66,0.05,2.29,94.6
-8.53,-10.44,-4.89,1.41,0.82,1.73,94.7
-6.35,-6.20,-4.58,0.68,-0.78,-1.02,94.8
-4.95,-5.28,-4.78,0.52,-0.59,-0.42,94.9
-6.17,-5.52,-4.94,-0.81,-0.50,-1.26,95
-7.68,-4.46,-1.45,-1.50,0.13,-2.23,95.1
-7.84,-3.60,-2.06,-0.53,0.04,-2.08,95.2
-9.13,-4.97,-2.56,-0.22,-0.02,-1.57,95.3
-10.21,-9.30,-5.50,0.38,-0.41,-0.17,95.4
-8.94,-3.28,-1.21,-0.34,-0.13,-0.77,95.5
-7.05,-2.39,-3.23,1.67,0.26,1.18,95.6
-10.55,-5.57,-5.50,2.00,1.70,1.96,95.7
-11.26,-7.68,-2.78,-0.58,1.24,1.91,95.8
-6.80,-5.71,-0.35,-1.14,-0.74,2.47,95.9
-5.23,-5.55,-1.45,0.15,-0.20,2.47,96
-7.60,-11.11,-3.57,0.53,0.31,1.52,96.1
-10.97,-7.75,-1.65,0.39,0.40,-1.49,96.2
-7.34,-3.36,-6.55,2.18,-0.49,-1.85,96.3
-7.17,-5.19,-5.21,0.53,-0.03,-0.76,96.4
-8.35,-5.53,-0.98,-3.09,-1.22,-2.52,96.5
-8.18,-3.17,-2.75,-1.91,-1.27,-2.05,96.6
-6.96,-3.83,-2.50,-1.13,-0.72,-0.28,96.7
-8.09,-6.47,-3.72,-1.33,-1.46,0.04,96.8
-10.88,-8.89,-6.03,0.64,0.13,-0.03,96.9
-8.25,-2.77,-2.73,0.59,0.89,-1.03,97
-6.48,-1.77,-1.44,1.10,0.02,0.11,97.1
-9.40,-4.70,-5.37,2.62,2.36,1.05,97.2
-10.45,-7.15,-2.29,-1.33,1.02,1.21,97.3
-8.12,-7.03,0.32,-2.06,-1.85,2.05,97.4
-6.54,-3.27,-1.89,1.11,0.40,2.45,97.5
-9.58,0.84,-1.29,0.46,-0.68,1.72,97.6
-10.97,-1.22,-5.25,1.13,-0.35,1.75,97.7
-9.04,-2.49,-2.85,0.66,-0.18,0.93,97.8
-6.98,-2.95,-3.29,1.47,0.17,-0.51,97.9
-5.77,-4.18,-4.43,1.49,0.46,-0.06,98
-6.92,-6.90,-3.18,-1.02,-0.01,-1.91,98.1
-8.92,-6.32,-1.21,-2.40,-0.93,-3.11,98.2
-8.35,-4.52,-2.13,-1.69,-0.68,-2.63,98.3
-7.46,-5.05,-1.99,-1.41,-0.60,-1.75,98.4
-8.20,-4.75,0.48,-2.17,-1.54,-1.94,98.5
-10.67,-4.05,-3.39,-0.07,-0.83,-1.43,98.6
-13.38,-4.80,-3.90,0.14,-1.00,-0.67,98.7
-11.10,-6.17,-5.30,0.86,0.10,1.76,98.8
-10.98,-8.66,-3.78,-0.69,0.63,3.21,98.9
-8.01,-9.01,-3.38,-1.45,-0.64,3.52,99
-4.94,-5.80,-1.63,-1.79,-0.63,2.73,99.1
-2.20,-3.11,-1.19,-1.09,-0.16,0.82,99.2
-4.09,-3.11,-1.94,-0.66,0.66,-0.93,99.3
-10.65,-5.56,-3.46,-0.52,1.29,-3.24,99.4
-12.50,-7.50,-3.18,-0.65,0.57,-3.78,99.5
-11.76,-7.57,1.11,-2.50,-0.79,-3.75,99.6
-8.71,-6.39,-0.83,-2.39,-1.67,-3.26,99.7
-5.36,-4.39,-0.63,-1.47,-1.82,-0.57,99.8
-6.61,-4.69,-1.89,-1.43,-2.21,-0.82,99.9
-9.54,-4.06,-4.48,0.27,-1.53,-1.27,100
-8.95,-4.10,-6.22,1.14,-1.11,-0.79,100.1
-9.89,-5.00,-4.75,0.22,-0.87,-0.41,100.2
-12.17,-6.20,-3.79,0.03,0.51,0.35,100.3
-11.30,-7.89,-4.73,0.15,2.15,2.24,100.4
-7.46,-8.20,-2.01,-2.30,-0.53,3.17,100.5
-4.87,-6.03,-0.53,-1.91,-1.25,2.68,100.6
-5.98,-8.78,-2.67,0.22,0.23,1.24,100.7
-6.57,-9.16,-2.75,0.82,0.61,-1.07,100.8
-11.75,-6.04,-6.24,1.14,-0.36,-4.10,100.9
-9.11,-6.70,-2.73,0.06,0.11,-2.22,101
-5.82,-5.37,-1.12,-2.47,-2.24,-1.49,101.1
-3.35,-6.01,-0.82,-2.20,-1.62,-0.76,101.2
-6.47,-5.33,-1.21,-2.02,-1.32,-1.85,101.3
-10.72,-6.60,-7.02,-0.58,-0.75,-1.68,101.4
-11.90,-7.14,-5.64,-0.15,-0.18,-0.90,101.5
-8.20,-1.07,-0.71,-0.46,0.09,-0.86,101.6
-10.08,-3.08,-0.51,0.78,0.87,1.29,101.7
-12.08,-8.79,-1.39,0.12,0.89,2.35,101.8
-9.03,-9.20,-0.86,0.29,-0.13,3.68,101.9
-7.95,-9.83,-1.81,1.15,0.35,3.40,102
-8.64,-9.25,-4.54,2.09,1.03,1.59,102.1
-3.20,-6.28,-2.89,1.28,0.19,0.44,102.2
-5.15,-6.09,-5.94,1.26,-0.56,-1.40,102.3
-6.16,-7.20,-5.64,0.36,0.13,-1.25,102.4
-8.96,-5.44,-3.83,-0.91,-1.01,-2.84,102.5
-6.96,-4.61,-5.12,-0.01,-0.35,-2.13,102.6
-8.05,-5.73,-2.42,-1.82,-0.93,-1.96,102.7
-10.11,-6.00,-2.54,-0.92,-0.19,-1.14,102.8
-11.37,-4.62,-4.07,0.23,-0.23,-0.51,102.9
-7.51,-1.94,-2.17,0.70,-0.19,0.90,103
-9.51,-5.90,-3.80,1.13,0.86,2.04,103.1
-10.56,-8.63,-2.18,-0.73,0.59,2.49,103.2
-7.86,-6.50,0.22,-1.28,-0.85,2.33,103.3
-6.36,-7.63,-1.60,1.25,-0.34,2.68,103.4
-6.07,-10.82,-3.56,1.96,0.47,2.17,103.5
-9.01,-5.63,-3.30,2.02,0.05,-2.41,103.6
-7.98,-2.42,-6.98,2.39,-1.16,-2.11,103.7
-8.57,-6.07,-6.13,-1.04,-0.68,-0.57,103.8
-6.66,-4.85,-2.91,-2.49,-1.22,-0.59,103.9
-6.33,-4.25,-1.42,-2.20,0.11,-0.79,104
-6.39,-4.64,-0.63,-2.27,-0.32,-0.63,104.1
-9.75,-6.24,-3.67,0.14,0.45,-0.62,104.2
-11.10,-5.69,-4.09,1.65,0.97,-0.94,104.3
-7.64,-1.51,-1.14,-0.03,-1.28,-0.83,104.4
-11.90,-1.69,-2.34,1.79,0.93,0.53,104.5
-11.06,-6.49,0.90,-0.15,-0.13,2.45,104.6
-8.20,-7.13,-0.82,0.99,0.16,2.97,104.7
-8.65,-9.18,-2.07,1.79,0.60,2.65,104.8
-7.72,-7.17,-3.43,1.72,0.69,0.58,104.9
-5.34,-5.71,-3.20,0.33,-0.76,-0.27,105
-5.10,-6.76,-4.12,-0.43,-0.43,-0.47,105.1
-6.92,-7.08,-3.78,-1.84,0.08,-1.46,105.2
-7.49,-3.92,-3.10,-2.24,-0.38,-2.56,105.3
-7.47,-4.41,-1.64,-1.67,0.20,-2.11,105.4
-9.94,-4.64,-0.72,-1.67,-0.13,-1.80,105.5
-10.65,-7.18,-4.42,-0.49,-0.26,-0.52,105.6
-8.87,-6.03,-3.94,0.09,-1.07,-0.38,105.7
-7.84,-1.78,-4.56,0.76,-0.95,-0.82,105.8
-10.06,-3.17,-4.08,0.80,-0.07,0.48,105.9
-12.27,-7.53,-4.08,0.83,0.83,1.79,106
-7.96,-8.08,-2.69,-0.15,-0.08,3.50,106.1
-3.56,-4.96,-1.57,0.23,-0.34,2.83,106.2
-3.02,-3.22,-1.55,0.75,0.13,0.73,106.3
-4.20,-4.61,-3.23,0.89,0.31,-0.21,106.4
-8.58,-8.14,-3.73,-0.32,0.03,-2.47,106.5
-14.52,-8.88,-1.67,-1.01,-0.24,-3.92,106.6
-10.81,-1.48,-6.87,1.17,-0.70,-2.09,106.7
-8.32,-6.95,-3.32,-1.34,-0.59,0.41,106.8
-5.46,-5.39,0.07,-3.40,-3.13,0.69,106.9
-3.46,-2.73,-14.09,-0.91,-2.95,1.00,107
-7.90,-3.79,0.10,-3.21,-1.06,-1.08,107.1
-7.96,-4.84,-2.74,-0.18,0.43,-0.90,107.2
-12.00,-6.74,-2.55,-0.88,-0.29,-1.49,107.3
-10.45,-4.79,-4.52,0.31,0.56,-0.77,107.4
-10.29,-5.85,-3.99,-0.10,-0.16,1.21,107.5
-8.37,-5.57,-3.52,-0.95,-0.02,2.07,107.6
-5.47,-4.52,-2.32,-1.73,-0.83,2.07,107.7
-4.89,-2.75,-2.22,-1.50,-0.45,1.02,107.8
-6.23,-1.80,-1.92,-1.48,-0.22,-0.07,107.9
-7.66,-1.08,-3.09,-0.95,0.10,-1.31,108
-9.44,-4.61,-3.66,-0.97,0.47,-1.76,108.1
-13.05,-6.26,0.18,-1.80,0.36,-3.21,108.2
-5.25,-5.03,-5.89,0.18,-0.30,-2.36,108.3
-3.78,-5.49,0.08,-2.34,-1.39,-1.14,108.4
-6.39,-6.29,-0.54,-1.57,-1.74,-1.40,108.5
-7.94,-5.96,-2.20,0.31,-0.77,-1.41,108.6
-7.91,-4.25,-5.45,0.90,-1.42,-1.40,108.7
-10.89,-6.99,-6.73,-0.11,-1.41,-0.76,108.8
-13.23,-8.01,-6.72,-0.30,-0.31,-0.19,108.9
-11.30,-4.66,-2.72,-1.24,0.72,1.51,109
-11.70,-8.38,-3.37,-1.13,0.71,2.91,109.1
-10.20,-9.27,-0.48,-2.26,-0.73,3.16,109.2
-8.83,-12.06,-0.33,-0.47,-0.57,3.04,109.3
-4.39,-6.61,-2.57,2.04,1.03,2.32,109.4
-4.60,-4.65,-2.67,1.41,-0.88,-0.51,109.5
-3.06,-7.75,-6.24,1.75,-0.31,-0.75,109.6
-7.67,-6.33,-4.90,-1.29,-0.59,-2.98,109.7
-8.21,-5.01,-4.94,-1.37,-0.94,-3.24,109.8
-9.17,-5.84,-2.65,-2.54,-0.70,-2.75,109.9
-9.53,-4.17,-0.21,-3.29,-1.44,-1.78,110
-14.01,-5.29,-7.37,1.37,0.91,-0.20,110.1
-10.46,-1.86,-1.68,0.85,0.78,0.48,110.2
-10.13,-0.38,-2.72,1.44,0.13,1.06,110.3
-9.36,-3.60,-2.63,1.33,0.57,2.63,110.4
-10.71,-5.19,-1.89,-0.21,-0.39,2.63,110.5
-11.26,-9.46,-0.35,0.14,-0.56,2.70,110.6
-7.09,-9.11,-3.82,3.05,0.42,1.53,110.7
-7.09,-5.61,-4.87,3.20,0.17,0.34,110.8
-5.26,-7.37,-2.83,-0.30,-0.36,-0.94,110.9
-5.74,-7.67,-2.76,-1.90,-1.05,-1.84,111
-8.80,-6.54,-0.96,-1.44,-0.14,-3.18,111.1
-9.52,-4.97,-3.03,-0.07,0.11,-3.10,111.2
-12.95,-7.05,-5.46,0.06,0.07,-1.47,111.3
-9.05,-5.22,-3.09,0.19,0.20,0.26,111.4
-7.31,-0.11,-2.84,0.09,-0.89,0.38,111.5
-9.96,-1.91,-1.57,0.23,0.23,1.46,111.6
-10.40,-4.90,-4.20,0.19,0.38,2.68,111.7
-14.81,-8.68,-0.65,-0.78,0.31,2.19,111.8
-12.81,-14.26,-3.36,0.13,-0.18,2.78,111.9
-1.38,-8.64,-5.66,1.58,-0.31,1.84,112
-5.39,-9.81,-2.01,-1.28,0.02,-1.17,112.1
-7.88,-7.41,-1.84,-1.91,-0.42,-2.63,112.2
-7.92,-4.92,-6.31,0.12,0.07,-2.97,112.3
-9.03,-6.26,-2.26,-2.35,-0.90,-3.08,112.4
-12.31,-6.26,-0.96,-2.35,-0.56,-1.94,112.5
-11.22,-5.06,-5.54,1.21,0.70,-0.63,112.6
-9.14,-1.10,-3.36,1.95,0.16,0.09,112.7
-6.77,-2.34,-2.83,1.82,0.58,1.55,112.8
-11.12,-4.85,-2.98,1.38,1.29,1.84,112.9
-13.90,-6.29,-1.37,-0.16,1.52,2.31,113
-10.07,-5.89,0.89,-1.05,-0.54,3.06,113.1
-6.69,-3.62,-2.55,1.43,0.74,2.99,113.2
-6.29,-3.56,-2.22,0.91,0.43,2.18,113.3
-7.44,-6.76,-4.80,1.34,0.71,0.44,113.4
-9.51,-6.61,-2.83,0.82,-0.50,-1.83,113.5
-9.80,-5.99,-4.75,1.60,-0.20,-2.85,113.6
-9.23,-5.36,-0.37,-0.21,-0.56,-2.51,113.7
-7.34,-5.22,0.80,-0.82,-1.53,-1.72,113.8
-6.62,-4.45,-0.66,-0.62,-1.60,-1.47,113.9
-7.18,-4.77,-1.38,-0.93,-2.32,-1.00,114
-7.86,-3.56,-3.32,-0.93,-2.31,-1.07,114.1
-9.90,-3.59,-4.43,-0.89,-2.35,-0.64,114.2
-12.77,-6.16,-6.60,-0.57,-1.59,0.21,114.3
-12.54,-9.45,-5.04,-1.24,0.24,2.27,114.4
-11.78,-10.82,-2.55,-2.36,-0.48,3.27,114.5
-5.85,-8.26,-3.26,-0.59,0.52,3.76,114.6
-3.84,-6.13,-1.69,-1.28,0.12,2.26,114.7
-3.58,-4.81,-1.42,-1.27,0.72,0.80,114.8
-8.37,-5.27,-1.28,-0.86,1.09,-1.82,114.9
-11.82,-6.72,-4.86,0.08,1.34,-2.71,115
-9.64,-5.83,-3.09,-0.77,-0.01,-3.64,115.1
-11.52,-7.68,-0.48,-2.49,-2.51,-4.12,115.2
-11.29,-4.39,-3.76,0.94,-0.06,-3.20,115.3
-9.26,-3.68,-4.69,1.06,-1.37,-2.00,115.4
-9.32,-3.14,-5.65,0.18,-1.71,-0.47,115.5
-10.06,-6.43,-7.11,-0.01,-1.44,0.75,115.6
-13.08,-8.52,-6.24,0.08,0.43,1.94,115.7
-9.94,-10.59,-2.68,-1.75,-0.96,3.89,115.8
-4.45,-6.22,-2.95,-0.25,0.30,3.68,115.9
-2.87,-4.46,-1.33,-0.92,0.10,2.41,116
-6.72,-4.16,-2.51,-0.43,0.69,-0.40,116.1
-6.90,-3.87,-2.73,-0.50,-0.03,-1.16,116.2
-9.01,-6.54,-3.32,-0.73,-0.32,-2.57,116.3
-12.95,-12.22,-1.53,-1.30,-0.12,-3.71,116.4
-14.44,-3.54,-2.57,-0.77,-0.61,-4.26,116.5
-7.40,-3.16,-1.98,-0.36,-0.52,-0.37,116.6
-5.47,-5.93,-0.47,-1.59,-1.96,0.31,116.7
-5.41,-6.73,-4.51,0.09,-1.24,0.38,116.8
-5.21,-5.36,-7.60,1.40,0.33,-0.18,116.9
-6.76,-4.48,-5.74,0.33,0.22,-0.12,117
-10.67,-8.84,-7.48,-0.18,-0.06,0.19,117.1
-10.95,-6.32,-2.38,-1.15,-0.01,-0.43,117.2
-9.48,-1.82,-3.53,0.08,0.37,0.41,117.3
-10.46,-5.20,-1.80,-0.43,0.99,2.00,117.4
-8.94,-6.98,-0.95,-1.13,-0.11,2.52,117.5
-6.95,-6.50,-0.69,-0.26,-0.26,2.48,117.6
-4.71,-4.91,-0.30,0.45,-0.39,1.85,117.7
-6.60,-9.84,-3.69,1.64,-0.32,0.94,117.8
-11.78,-10.63,-6.22,2.20,0.34,-1.33,117.9
-8.72,-2.17,-10.40,2.59,-1.24,-3.35,118
-8.19,-4.88,-7.86,0.45,-0.66,-1.06,118.1
-5.39,-5.06,-2.46,-3.68,-1.67,-0.45,118.2
-8.15,-2.25,-1.77,-3.44,-1.29,-0.75,118.3
-13.80,-1.99,-1.59,-3.18,-1.55,0.62,118.4
-8.88,-1.93,2.29,-3.43,-3.60,1.96,118.5
-9.22,-1.15,3.54,-0.76,-2.66,1.60,118.6
-8.73,-1.25,2.41,1.29,-1.29,-0.68,118.7
-6.40,-1.00,-3.83,2.36,-1.08,-0.23,118.8
-8.12,-0.06,4.06,1.56,-0.90,-0.51,118.9
-6.86,0.56,2.39,1.95,-0.51,0.16,119
-10.65,0.42,2.11,2.19,-0.73,0.04,119.1
-11.01,1.53,-3.74,2.38,0.15,0.11,119.2
-11.32,1.96,2.00,-1.07,-0.08,-1.27,119.3
-3.76,1.81,2.15,-1.99,-1.58,0.33,119.4
-7.54,-0.37,8.35,-2.00,-1.05,1.07,119.5
-2.88,-0.60,8.99,-1.67,-2.39,2.24,119.6
-0.19,1.07,6.72,0.38,-1.41,2.18,119.7
0.55,3.29,6.53,0.60,-0.75,1.33,119.8
-0.23,4.73,7.19,0.52,-0.43,0.23,119.9
-1.76,6.44,7.90,0.73,-0.05,-0.21,120
-1.21,4.34,12.52,-0.79,0.19,0.10,120.1
0.61,3.07,9.43,-0.97,-0.59,0.01,120.2
0.35,1.88,7.78,0.05,-0.26,-0.56,120.3
0.94,2.05,8.10,0.39,0.05,-0.63,120.4
-0.83,4.03,7.23,0.53,0.89,-0.83,120.5
-3.82,4.42,11.34,-0.04,-0.09,-1.02,120.6
-4.77,3.26,10.13,-0.39,0.30,-0.62,120.7
-5.00,1.62,8.34,-0.36,0.41,-0.26,120.8
-4.78,1.06,5.16,0.09,0.15,0.30,120.9
-5.23,2.11,7.16,-0.01,0.40,0.52,121
-4.21,2.97,6.16,-0.20,0.37,0.67,121.1
-2.58,2.66,6.72,-0.19,0.38,0.99,121.2
-2.98,3.24,8.13,-0.43,0.49,0.87,121.3
-3.88,4.64,11.75,-0.22,0.34,0.71,121.4
-1.55,5.88,9.93,-0.38,0.26,0.53,121.5
-1.49,3.31,10.10,-1.54,-0.19,0.09,121.6
-3.52,2.82,7.19,1.01,-0.85,-0.19,121.7
-3.17,2.80,7.21,1.06,-0.95,0.03,121.8
-2.20,2.98,6.72,0.71,-0.38,0.21,121.9
0.56,3.87,6.06,0.01,-0.45,0.15,122
-0.06,4.52,6.97,-0.06,-0.13,-0.32,122.1
-0.43,4.82,7.19,0.02,0.05,-0.48,122.2
-2.36,5.47,8.29,0.03,0.08,-0.48,122.3
-4.03,3.84,15.42,-1.09,0.32,-0.26,122.4
-4.24,3.37,7.65,-0.80,-0.69,-0.58,122.5
-5.55,1.55,9.44,-0.09,0.00,0.16,122.6
-4.88,2.81,8.01,0.46,0.49,0.68,122.7
-5.18,3.66,7.76,0.03,0.53,0.96,122.8
-4.41,2.76,7.29,-0.16,0.72,1.40,122.9
-1.48,3.32,5.65,0.55,1.38,2.16,123
-0.30,5.12,7.66,-0.35,1.32,1.54,123.1
-1.67,6.21,9.45,0.31,1.10,1.25,123.2
0.47,7.69,9.58,0.36,0.15,1.74,123.3
-0.72,5.50,12.67,-1.41,0.03,-0.30,123.4
-1.39,1.39,6.67,-1.41,0.03,-0.30,123.5
-3.66,0.90,9.67,0.06,0.17,0.07,123.6
-0.28,2.24,7.41,0.04,-0.35,0.77,123.7
-0.25,3.49,9.37,-0.12,0.20,0.57,123.8
-0.88,3.87,10.22,0.75,0.25,0.41,123.9
3.74,5.61,4.80,1.20,0.42,0.60,124
0.84,3.61,13.20,-1.29,0.56,-0.03,124.1
2.41,2.20,6.17,-0.15,0.43,0.03,124.2
-0.14,0.80,7.86,0.48,-0.18,-0.42,124.3
0.08,6.52,8.18,1.01,-0.72,0.18,124.4
-4.44,5.08,11.65,-0.21,1.37,-0.25,124.5
-7.18,2.96,3.51,0.48,1.40,-0.14,124.6
-7.73,3.43,6.25,0.62,2.57,1.13,124.7
-5.97,3.81,6.79,-0.45,1.50,0.53,124.8
-5.40,3.84,3.43,-0.21,2.60,0.12,124.9
-6.19,3.99,6.38,-1.72,1.50,0.49,125
-5.88,4.56,9.51,-1.65,2.21,1.01,125.1
-8.56,7.71,15.31,-1.86,-0.07,-0.51,125.2
-4.38,5.21,6.04,0.03,0.10,-0.81,125.3
-6.33,1.63,7.72,0.77,-1.50,-0.07,125.4
-3.80,1.49,4.49,1.57,-1.39,0.05,125.5
-4.01,1.68,5.91,-0.33,-0.55,-0.07,125.6
-6.87,3.37,5.17,0.29,1.67,0.37,125.7
-8.08,5.86,3.70,1.57,1.37,0.25,125.8
-8.36,6.00,2.81,0.88,1.04,0.33,125.9
-11.46,7.13,1.83,0.03,1.11,0.26,126
-7.86,4.80,-0.51,-1.11,0.69,0.22,126.1
-5.00,5.18,-2.81,-0.35,0.77,0.48,126.2
-5.78,4.94,1.83,-2.01,0.64,0.03,126.3
-8.12,7.42,0.52,-1.17,0.61,0.88,126.4
-13.64,4.35,1.50,-1.42,-0.23,0.63,126.5
-9.13,2.61,1.97,-1.32,-0.08,0.56,126.6
-8.11,2.76,2.24,-1.65,1.12,0.24,126.7
-5.53,2.99,3.63,-1.38,0.90,0.68,126.8
-6.55,5.38,3.06,-1.25,0.92,0.53,126.9
-6.12,5.27,4.03,-1.02,0.17,0.64,127
-10.28,4.76,1.74,-0.50,0.54,0.79,127.1
-13.30,1.31,1.85,-1.50,1.36,-0.39,127.2
-10.65,1.52,1.21,-2.45,1.42,1.19,127.3
-6.39,1.61,3.67,-2.98,1.00,1.28,127.4
-7.54,1.92,3.10,-1.37,0.29,0.75,127.5
-3.55,6.86,6.50,-0.56,1.44,0.81,127.6
-8.43,7.02,13.07,-1.76,0.54,-0.92,127.7
-8.57,4.71,7.82,-0.09,-0.84,-0.76,127.8
-7.27,2.05,6.14,1.87,-0.83,0.61,127.9
-7.19,0.78,1.00,2.56,0.45,0.41,128
-8.70,-0.36,-0.32,2.16,1.32,-0.28,128.1
-7.69,-1.94,-2.69,1.30,0.89,-1.84,128.2
-11.68,-5.79,-4.06,0.12,1.05,-3.13,128.3
-11.58,-6.03,-3.10,-0.85,1.53,-3.72,128.4
-10.95,-4.17,-1.86,-2.29,-0.17,-3.49,128.5
-8.81,-1.84,-2.67,-1.08,0.09,-2.38,128.6
-8.76,-1.80,-2.54,-1.50,-0.62,-1.37,128.7
-11.49,-4.50,-3.72,-0.82,-0.26,-0.76,128.8
-10.74,-2.59,-3.74,1.22,-0.01,-0.38,128.9
-8.48,-0.87,-3.19,2.18,0.30,0.20,129
-11.24,-4.33,-3.24,0.74,0.85,2.17,129.1
-9.95,-5.30,-2.35,-0.14,0.89,2.56,129.2
-8.46,-5.69,-1.64,-0.81,-0.65,2.49,129.3
-10.49,-8.83,-3.90,-0.04,-0.22,2.28,129.4
-7.82,-3.97,-3.83,1.00,0.03,-0.34,129.5
-3.04,-3.80,-6.11,0.75,-0.77,0.11,129.6
-6.86,-6.33,-2.69,-2.67,0.20,-1.99,129.7
-10.42,-5.22,-1.70,-2.93,0.57,-3.50,129.8
-12.17,-3.32,-3.65,-0.64,1.19,-3.33,129.9
-13.56,-4.37,-4.08,-0.71,0.54,-2.43,130
-10.76,-4.01,-1.88,-1.12,-1.66,-0.67,130.1
-8.46,-0.04,-3.33,1.33,-0.09,-0.02,130.2
-10.92,-3.73,-3.19,1.73,0.49,2.08,130.3
-10.84,-6.74,-3.31,1.88,1.32,3.31,130.4
-8.18,-5.62,-2.81,0.45,0.19,2.96,130.5
-9.07,-6.88,-2.64,0.25,0.57,2.20,130.6
-9.47,-6.49,-3.10,0.27,0.56,1.14,130.7
-4.98,-4.61,-2.05,0.22,-0.39,-0.46,130.8
-9.65,-6.10,-5.63,0.63,-0.66,-1.83,130.9
-8.09,-5.99,-3.92,-0.13,0.27,-1.19,131
-8.23,-3.71,-3.83,-0.88,-0.69,-2.36,131.1
-8.05,-1.76,-4.52,0.52,0.48,-2.26,131.2
-9.89,-2.87,-2.75,-0.69,-0.23,-1.94,131.3
-15.70,-6.78,-4.22,0.12,0.31,-0.67,131.4
-8.44,-2.43,-1.84,0.39,-0.25,0.77,131.5
-7.46,-3.83,-3.39,1.82,0.47,2.68,131.6
-12.13,-6.25,-4.77,1.89,1.88,2.76,131.7
-9.25,-5.98,-1.96,-1.49,0.77,2.34,131.8
-5.20,-4.23,0.23,-1.99,-1.15,2.35,131.9
-5.98,2.18,0.36,0.50,0.11,1.37,132
-10.07,2.82,-2.40,-0.10,-0.59,0.43,132.1
-9.11,-0.08,-5.13,1.18,-0.84,0.97,132.2
-9.06,-2.03,-2.68,1.07,-0.89,-0.49,132.3
-8.59,-2.79,-4.31,2.30,-0.19,-1.60,132.4
-9.25,-3.75,-7.04,2.53,0.77,-1.02,132.5
-10.33,-5.09,-4.23,-2.26,0.04,-2.47,132.6
-7.65,-3.55,-1.22,-5.03,-2.58,-2.01,132.7
-5.55,-3.77,-2.35,-2.24,0.29,0.14,132.8
-5.15,-4.82,-1.27,-2.59,0.27,-0.77,132.9
-9.53,-5.29,2.51,-4.31,-1.51,-2.74,133
-16.27,-3.87,-3.86,-1.48,-0.59,-2.64,133.1
-12.34,0.35,-5.77,1.57,0.69,-0.71,133.2
-9.70,-2.19,-3.51,-0.80,-0.99,1.29,133.3
-7.75,-3.35,-4.42,-0.26,-0.57,1.95,133.4
-6.63,-3.47,-3.94,-0.67,0.06,1.68,133.5
-5.44,-3.28,-2.77,-1.39,-0.35,0.63,133.6
-7.11,-2.63,-3.48,-1.06,-0.03,-0.98,133.7
-12.66,-7.55,-6.43,-0.69,0.74,-1.72,133.8
-13.47,-4.39,-1.59,-3.25,-0.50,-3.62,133.9
-6.15,-2.22,-2.38,-2.29,-1.22,-0.92,134
-5.62,-3.27,-1.31,-1.98,-0.77,-0.50,134.1
-9.09,-2.64,-2.63,-1.65,-0.87,-1.46,134.2
-9.19,-2.47,-4.55,-0.43,-0.96,-1.00,134.3
-10.68,-3.09,-5.32,-0.33,-0.79,-0.96,134.4
-12.65,-1.60,-5.40,0.40,0.26,-0.74,134.5
-12.44,-4.48,-3.86,-0.48,0.63,1.32,134.6
-10.56,-5.90,-3.79,-0.96,-0.02,2.78,134.7
-8.10,-4.91,-2.04,-1.24,-0.30,2.92,134.8
-8.59,-0.67,-1.53,-0.58,-0.19,2.00,134.9
-4.60,3.43,-4.10,0.11,-0.15,1.71,135
-3.42,4.75,-4.02,-0.18,-0.42,0.67,135.1
-6.53,3.92,-5.63,0.21,0.24,0.28,135.2
-10.25,1.84,-3.27,0.11,0.55,-1.09,135.3
-10.33,-0.62,-5.04,0.87,0.41,-2.22,135.4
-8.08,-3.40,-4.05,0.90,0.62,-1.49,135.5
-10.60,-6.12,-4.03,-1.04,-0.02,-2.04,135.6
-8.20,-4.57,-2.51,-1.42,0.02,-2.02,135.7
-6.74,-2.97,-2.75,-0.93,-0.36,-1.65,135.8
-7.12,-3.54,-2.06,-1.14,-0.36,-1.61,135.9
-8.46,-3.33,-2.94,-0.69,-0.69,-1.78,136
-11.83,-5.66,-6.26,0.45,-0.59,-1.51,136.1
-11.67,-3.36,-3.89,-0.29,-0.47,-1.18,136.2
-7.05,-0.34,-1.83,0.17,-0.49,-0.15,136.3
-9.27,-2.31,-3.91,1.74,0.81,1.71,136.4
-11.98,-6.39,-3.99,1.23,2.00,2.67,136.5
-7.88,-5.54,-1.82,-1.05,-0.04,2.83,136.6
-7.31,-6.04,-1.53,-0.68,-0.48,2.29,136.7
-10.85,-9.00,-4.00,0.78,0.52,0.79,136.8
-6.86,-5.15,-3.81,0.98,0.18,-1.16,136.9
-6.25,-3.90,-3.74,0.09,-0.67,-1.76,137
-8.08,-4.90,-4.17,-0.04,-0.29,-1.45,137.1
-9.30,-3.15,-3.65,-0.86,-0.39,-2.64,137.2
-7.89,-1.70,-3.50,-0.70,-0.45,-2.07,137.3
-9.39,-3.17,-4.41,-0.96,-0.49,-0.61,137.4
-11.56,-5.40,-4.02,-0.62,-0.07,0.14,137.5
-10.06,-3.99,-3.08,-0.10,-0.40,0.26,137.6
-7.01,-1.96,-3.21,1.51,0.29,1.12,137.7
-9.57,-4.31,-2.49,0.94,0.30,1.57,137.8
-9.78,-5.31,-4.47,1.23,1.74,2.38,137.9
-7.51,-4.69,-1.07,-1.05,0.15,1.79,138
-9.53,-7.71,-2.46,-0.19,-0.17,1.68,138.1
-9.34,-5.95,-3.31,1.00,0.48,0.51,138.2
-8.12,-3.58,-4.02,1.17,-0.38,-1.20,138.3
-6.09,-3.64,-6.12,1.17,-0.36,-0.57,138.4
-6.73,-4.33,-2.91,-2.41,-0.60,-1.83,138.5
-7.92,-2.77,-1.26,-2.87,-0.97,-2.91,138.6
-7.88,-1.57,-2.21,-0.86,0.28,-2.01,138.7
-12.02,-3.93,-5.68,-0.52,-0.07,-1.28,138.8
-12.41,-5.31,-2.88,-0.64,-0.46,-0.16,138.9
-6.61,-0.77,-4.66,1.27,-0.54,-0.11,139
-11.32,-2.31,-5.01,0.63,0.08,1.24,139.1
-11.80,-6.89,-3.65,-0.44,0.75,2.67,139.2
-7.39,-5.57,-1.57,-1.16,-1.07,2.97,139.3
-4.36,-3.20,-2.12,1.02,-0.29,2.39,139.4
-3.87,-3.54,-3.38,1.39,0.43,1.42,139.5
-6.69,-5.16,-4.46,0.62,0.08,-0.39,139.6
-18.52,-4.07,-4.46,-0.25,0.04,-3.85,139.7
-11.87,-0.57,-6.30,0.94,0.25,-2.99,139.8
-6.19,1.90,-2.76,-1.92,-1.02,0.41,139.9
-6.53,1.59,-1.47,-1.91,-0.86,0.60,140
-8.48,-0.13,-3.58,-0.50,0.13,0.73,140.1
-9.14,-1.07,-6.22,0.61,-0.10,0.66,140.2
-12.38,-5.71,-7.25,0.45,0.13,0.89,140.3
-10.67,-3.51,-5.90,-0.20,-0.29,0.34,140.4
-9.47,-2.80,-6.52,-0.72,1.03,0.35,140.5
-7.44,-1.42,-3.15,-3.06,0.00,-0.42,140.6
-5.67,-1.33,-2.72,-2.96,0.54,-0.20,140.7
-6.06,-3.69,0.42,-3.57,0.54,-0.76,140.8
-8.91,-4.11,-1.60,-2.41,0.66,-1.65,140.9
-13.15,-7.06,-2.17,-1.59,0.89,-2.14,141
-13.54,-4.97,-0.64,-2.74,-0.29,-3.11,141.1
-7.63,-3.56,-1.41,-1.59,0.16,-1.65,141.2
-8.88,-3.63,0.82,-2.38,-0.70,-1.75,141.3
-8.02,-3.27,-3.78,-1.31,-0.62,-1.09,141.4
-12.49,-4.59,-2.04,-2.55,-1.18,-1.04,141.5
-12.05,-2.12,-2.93,-0.84,-0.64,-2.00,141.6
-9.76,2.24,-2.97,0.02,-0.51,-1.74,141.7
-10.79,-2.54,-1.35,0.19,-0.13,1.15,141.8
-10.61,-4.92,-4.28,2.35,1.47,2.64,141.9
-8.13,-3.92,-4.28,0.80,0.91,2.74,142
-8.20,-6.02,-1.46,-1.28,-0.51,2.05,142.1
-9.46,-8.01,-2.87,0.04,0.23,1.15,142.2
-9.15,-4.58,-3.52,1.12,0.39,-0.80,142.3
-7.48,-2.54,-6.01,1.60,0.14,-1.14,142.4
-5.56,-4.01,-3.75,-0.88,-0.45,-0.75,142.5
-7.28,-3.20,-2.47,-1.88,-0.85,-1.96,142.6
-7.95,-2.89,-3.73,-0.75,0.28,-1.90,142.7
-10.09,-3.31,-3.84,-1.06,-0.30,-1.60,142.8
-14.30,-5.30,-5.98,0.09,0.40,-0.88,142.9
-7.87,-1.35,-3.77,0.60,-0.45,0.02,143
-7.27,-0.92,-2.64,0.25,-0.21,0.87,143.1
-10.10,-3.26,-3.10,0.92,1.08,1.56,143.2
-8.92,-4.53,-2.06,0.05,0.80,1.91,143.3
-11.36,-8.06,-3.42,-0.13,-0.21,2.34,143.4
-9.94,-8.47,-3.93,0.37,0.24,1.21,143.5
-5.54,-4.72,-3.28,-0.06,-0.56,-0.08,143.6
-4.69,-4.26,-5.46,-0.09,-0.24,0.24,143.7
-7.19,-3.93,-2.69,-1.53,0.09,-0.93,143.8
-8.80,-2.35,-4.62,-0.24,0.56,-2.55,143.9
-8.37,-1.95,-3.64,-0.32,0.78,-2.28,144
-8.44,-1.73,-3.39,-1.57,-0.63,-1.54,144.1
-14.48,-4.14,-7.13,-0.58,-0.34,-0.78,144.2
-11.10,-2.79,-3.55,-0.66,-0.54,0.03,144.3
-6.57,-1.09,-0.38,0.22,-0.69,0.66,144.4
-7.65,-2.54,-2.88,2.62,0.49,1.78,144.5
-9.21,-4.26,-5.01,2.83,1.53,2.66,144.6
-11.69,-6.36,-4.76,-0.09,0.42,1.65,144.7
-11.93,-7.36,-3.06,-0.82,0.11,0.89,144.8
-5.59,-2.65,-2.02,-0.22,-0.92,0.17,144.9
-5.62,-4.14,-7.03,1.34,0.43,0.62,145
-3.65,-6.15,-4.73,-1.04,-0.10,-0.06,145.1
-7.80,-3.45,-3.92,-1.88,-0.96,-2.29,145.2
-7.55,-3.36,-4.78,-0.20,0.86,-2.04,145.3
-13.00,-3.28,-2.46,-1.71,-0.11,-2.87,145.4
-11.31,-5.63,-9.60,2.03,0.60,-0.27,145.5
-10.66,-2.31,-6.53,0.66,0.09,-1.11,145.6
-7.27,-0.09,0.34,-1.64,-1.14,-1.55,145.7
-11.29,-1.86,-2.34,1.09,0.73,0.62,145.8
-13.04,-6.64,-3.98,1.18,1.40,2.47,145.9
-9.59,-6.69,-2.49,-0.72,-1.50,3.60,146
-6.43,-4.81,-2.27,0.72,-1.03,3.29,146.1
-5.73,-4.97,-3.13,1.66,0.15,2.32,146.2
-6.91,-6.32,-4.58,1.42,-0.06,0.74,146.3
-12.76,-9.31,-5.45,0.83,-0.79,-3.06,146.4
-13.32,-2.15,-7.01,1.75,0.06,-5.54,146.5
-8.62,-2.51,-4.47,-0.85,-0.84,-0.94,146.6
-7.03,-2.76,-3.45,-1.89,-0.83,-0.01,146.7
-6.80,-2.67,-4.68,-2.50,-1.13,0.61,146.8
-6.66,-3.03,-2.72,-3.32,-1.63,0.94,146.9
-5.17,-2.05,-3.75,-0.59,-0.18,1.00,147
-8.44,-0.79,-4.78,-0.45,-0.24,-0.01,147.1
-10.59,-2.77,-4.96,-0.80,-0.61,-0.45,147.2
-11.65,-0.95,-3.66,-0.26,-0.05,-0.87,147.3
-10.81,-3.30,-5.18,0.42,0.54,0.56,147.4
-8.85,-3.29,-3.60,-0.58,0.34,0.75,147.5
-6.74,-3.64,-2.33,-1.94,-0.54,0.95,147.6
-4.60,-3.35,-1.72,-1.56,-0.29,0.76,147.7
-4.81,-4.06,-2.60,-1.29,-0.07,-0.22,147.8
-10.07,-6.19,-3.73,-1.60,0.59,-2.63,147.9
-14.24,-8.05,-1.98,-2.41,0.80,-3.80,148
-10.89,-2.12,-2.09,-1.86,-2.07,-2.94,148.1
-5.50,-2.97,-3.74,0.71,0.01,0.73,148.2
-7.97,-2.71,-1.06,-2.08,-1.57,-1.57,148.3
-9.19,-1.62,-5.93,-0.22,-1.19,-1.38,148.4
-9.04,-2.79,-5.58,-0.22,-0.56,0.23,148.5
-11.52,-2.20,-5.81,-0.93,-0.96,-0.23,148.6
-10.57,-3.67,-4.54,-1.20,-0.67,1.07,148.7
-10.52,-3.75,-3.48,-0.82,-0.16,1.78,148.8
-7.15,-3.37,-3.43,0.17,0.08,2.11,148.9
-5.00,-2.51,-2.80,-0.05,-0.16,1.63,149
-5.27,-3.14,-3.27,-0.17,-0.11,0.37,149.1
-10.37,-8.06,-5.26,-0.47,0.09,-0.86,149.2
-14.11,-6.14,-1.55,-1.32,-0.08,-4.60,149.3
-10.91,-3.48,-4.58,0.88,0.32,-3.28,149.4
-3.36,-5.54,-3.81,-1.43,-0.57,-0.08,149.5
-4.07,-6.64,-0.51,-4.22,-2.12,-1.27,149.6
-4.32,-6.04,-1.53,-1.87,-1.35,-0.93,149.7
-5.68,-4.34,-5.40,0.59,-0.07,-1.30,149.8
-8.72,-4.65,-7.66,0.81,-0.13,-1.56,149.9
-14.27,-4.61,-3.79,-0.37,0.26,-0.76,150
-7.84,-1.77,-2.54,0.90,0.34,1.11,150.1
-8.91,-3.29,-3.98,0.62,0.23,2.10,150.2
-11.01,-5.69,-4.38,0.25,1.70,2.62,150.3
-8.36,-5.02,-1.04,-1.76,-0.33,2.11,150.4
-8.70,-6.89,-2.03,0.06,-0.39,2.40,150.5
-7.98,-6.83,-4.31,1.54,0.50,1.75,150.6
-6.57,-5.80,-4.75,1.56,0.19,-0.45,150.7
-6.67,-4.50,-6.93,0.61,-0.70,-1.65,150.8
-8.55,-6.09,-4.25,-0.54,-0.10,-1.59,150.9
-8.88,-2.79,-3.89,-1.38,-0.41,-3.19,151
-7.96,-1.62,-3.65,-1.18,0.07,-2.44,151.1
-10.84,-2.34,-2.59,-2.25,-0.40,-1.45,151.2
-12.16,-3.60,-4.45,-0.05,-0.22,-0.23,151.3
-9.05,-2.18,-2.42,1.14,-0.59,0.88,151.4
-8.61,-3.43,-4.68,2.33,0.17,2.19,151.5
-9.27,-4.83,-3.47,0.71,0.59,2.60,151.6
-8.94,-5.91,-2.22,-0.39,-0.01,2.27,151.7
-11.49,-7.60,-3.47,0.35,-0.28,1.30,151.8
-6.04,-4.00,-2.72,1.27,0.36,0.81,151.9
-5.40,-4.49,-4.87,0.87,-0.36,-0.30,152
-6.18,-5.02,-4.53,-0.75,-0.38,-1.14,152.1
-8.26,-3.88,-2.09,-1.79,0.06,-2.71,152.2
-9.24,-2.39,-3.90,-0.66,0.03,-2.97,152.3
-12.53,-3.09,-4.82,-0.22,0.68,-1.85,152.4
-13.27,-5.23,-4.96,-0.34,0.07,-0.57,152.5
-9.07,-1.39,-1.77,-0.01,-0.76,0.24,152.6
-7.45,-1.82,-2.67,1.34,-0.05,1.65,152.7
-8.88,-4.23,-4.33,1.63,1.16,2.89,152.8
-10.88,-6.20,-4.28,-0.02,0.70,2.29,152.9
-12.50,-8.29,-2.71,-1.15,-0.43,1.29,153
-4.18,-4.65,-2.30,0.13,-0.65,0.69,153.1
-4.64,-4.82,-5.02,0.87,-0.29,0.28,153.2
-7.22,-4.93,-3.96,-0.83,0.28,-0.94,153.3
-7.93,-3.60,-3.65,-0.77,0.03,-1.54,153.4
-8.24,-2.93,-2.64,-0.87,0.13,-2.42,153.5
-9.40,-2.63,-2.05,-0.94,-0.09,-2.36,153.6
-11.92,-2.37,-4.70,0.31,0.35,-1.21,153.7
-12.04,-5.41,-6.76,0.55,-0.35,0.05,153.8
-10.24,-3.38,-2.32,-0.78,-1.04,-0.12,153.9
-11.73,-2.44,-4.28,0.67,-0.62,0.57,154
-12.36,-9.11,-6.67,0.67,0.76,3.91,154.1
-5.85,-5.50,-2.87,-1.48,-1.17,3.64,154.2
-1.99,-2.50,-1.43,-0.86,-0.71,2.10,154.3
-3.57,-1.13,-2.61,0.02,0.35,0.62,154.4
-7.83,-0.45,-2.53,-0.89,0.23,-1.75,154.5
-10.71,-1.16,-4.17,-1.08,0.33,-2.45,154.6
-14.29,-2.46,-4.99,-0.53,1.25,-2.60,154.7
-12.21,-1.69,-4.53,-1.57,-0.45,-2.60,154.8
-7.68,-2.39,-5.69,-1.15,-0.02,0.41,154.9
-6.62,-2.38,-2.46,-2.82,-0.99,0.70,155
-3.91,-1.47,-3.05,-1.08,-0.75,1.13,155.1
-5.97,-1.33,-6.39,1.31,0.44,0.10,155.2
-9.91,-2.54,-6.87,0.56,0.22,-0.60,155.3
-10.57,-3.49,-4.95,-2.35,-1.13,-0.85,155.4
-11.64,-2.94,-3.86,-2.60,-1.34,-0.79,155.5
-9.66,-0.99,-2.02,-2.87,-0.05,0.07,155.6
-6.10,-0.03,-1.00,-2.67,-0.38,0.76,155.7
-5.35,-0.79,-1.52,-1.37,0.21,0.54,155.8
-8.58,-4.40,-2.99,-1.16,0.38,-0.62,155.9
-12.04,-8.38,-4.54,-0.76,0.90,-2.93,156
-13.23,-5.54,-0.46,-2.35,0.17,-4.44,156.1
-9.22,-3.13,-3.21,-0.06,0.19,-1.14,156.2
-4.77,-2.80,-3.56,-0.55,-0.49,-0.10,156.3
-4.78,-3.29,-1.67,-2.16,-1.34,-0.73,156.4
-7.73,-3.60,-3.99,-1.09,-0.72,-0.99,156.5
-9.49,-5.84,-8.08,1.10,0.57,-0.21,156.6
-11.68,-3.89,-3.47,-0.91,-0.15,-1.12,156.7
-7.02,-1.98,-1.46,0.19,-0.28,0.06,156.8
-7.55,-2.50,-4.11,1.32,0.30,0.79,156.9
-11.84,-4.25,-3.19,0.34,0.98,1.24,157
-8.96,-5.21,-2.46,-0.29,0.41,2.26,157.1
-6.10,-4.60,-1.17,-0.22,-0.75,2.52,157.2
-7.17,-6.75,-2.99,0.82,-0.20,2.03,157.3
-10.00,-8.00,-5.30,1.29,0.46,-0.25,157.4
-9.44,-2.28,-5.23,0.69,-0.18,-2.60,157.5
-8.10,-4.09,-5.05,-0.98,-0.66,-1.20,157.6
-6.99,-3.61,-2.95,-1.61,-0.56,-1.37,157.7
-7.30,-1.99,-3.60,-1.15,-0.08,-1.67,157.8
-7.35,-2.09,-2.91,-1.65,-0.37,-1.23,157.9
-12.82,-3.52,-6.39,-1.02,-0.06,-0.82,158
-11.91,-3.32,-2.92,-0.33,0.18,-0.02,158.1
-7.57,-0.51,-2.18,0.30,-0.68,0.44,158.2
-9.14,-3.44,-2.36,0.92,0.44,1.93,158.3
-8.46,-4.80,-2.11,0.56,0.31,2.12,158.4
-11.16,-8.90,-3.51,0.34,-0.51,1.63,158.5
-7.05,-5.02,-3.57,1.38,0.42,0.52,158.6
-5.37,-4.75,-6.20,0.78,-0.80,-0.23,158.7
-4.72,-6.50,-4.31,-0.47,-0.01,-0.33,158.8
-7.49,-5.21,-4.11,-1.44,-0.41,-1.75,158.9
-7.54,-2.44,-4.79,-0.04,0.99,-1.93,159
-8.61,-2.79,-2.42,-2.39,-0.45,-1.87,159.1
-11.74,-3.14,-3.73,-1.79,-0.41,-1.31,159.2
-13.74,-5.27,-5.83,0.66,0.65,-0.18,159.3
-8.61,-1.26,-0.27,-0.50,-1.44,-0.40,159.4
-8.47,-3.50,-3.12,2.17,0.39,2.16,159.5
-8.71,-5.44,-3.35,1.75,0.66,2.81,159.6
-8.37,-6.56,-3.15,0.75,-0.43,2.14,159.7
-10.59,-7.03,-4.64,1.24,0.24,1.13,159.8
-7.27,-2.94,-2.12,0.68,0.24,-0.38,159.9
-7.13,-3.99,-5.88,0.51,-0.55,0.23,160
-5.27,-5.56,-6.41,-1.20,0.42,0.05,160.1
-6.18,-3.22,-2.57,-3.78,-0.66,-1.40,160.2
-6.78,-3.40,-3.84,-1.16,0.82,-1.85,160.3
-9.20,-4.44,-1.83,-2.21,0.38,-2.49,160.4
-10.62,-4.35,-2.71,-0.98,-0.09,-1.50,160.5
-13.09,-5.84,-6.09,0.44,0.22,-0.91,160.6
-9.90,-2.48,-5.76,0.63,-0.56,-0.77,160.7
-8.29,-1.25,-3.41,0.37,-0.80,-0.11,160.8
-9.40,-3.93,-5.92,1.22,-0.16,1.36,160.9
-8.21,-5.56,-2.11,-0.74,-1.26,2.13,161
-5.42,-4.56,-3.32,0.51,-0.50,2.13,161.1
-4.63,-3.32,-3.85,0.23,-0.04,0.69,161.2
-5.62,-3.47,-3.89,-0.53,-0.04,-0.34,161.3
-10.50,-8.64,-6.37,-1.62,0.57,-1.78,161.4
-15.56,-5.33,0.43,-3.80,0.40,-3.20,161.5
-5.98,-1.69,-6.39,1.86,0.20,-0.02,161.6
-6.39,-2.66,-2.18,-1.05,-0.30,-0.82,161.7
-9.25,-2.14,-3.78,-0.99,-1.01,-0.87,161.8
-6.91,-2.29,-6.15,0.32,-0.51,0.03,161.9
-11.60,-4.20,-4.53,-0.88,-0.76,-0.12,162
-12.30,-5.70,-9.21,0.93,0.45,0.56,162.1
-7.43,-4.82,-4.49,-2.53,-0.62,1.89,162.2
-4.20,-3.47,-2.77,-2.81,-1.72,1.78,162.3
-2.94,-3.13,-2.74,-1.30,0.22,1.55,162.4
-5.83,-4.28,-2.89,-1.15,0.50,-1.13,162.5
-13.70,-9.91,-5.71,0.24,1.19,-3.07,162.6
-16.16,-3.21,-7.59,0.37,0.31,-4.83,162.7
-6.02,-4.18,-2.40,-3.01,-0.56,-0.68,162.8
-2.47,-4.48,-0.40,-4.38,-3.19,-0.97,162.9
-6.82,-3.61,-1.53,-2.25,-1.52,-1.51,163
-8.43,-3.59,-7.31,0.67,-0.65,-1.34,163.1
-12.28,-6.22,-7.40,-0.03,-0.52,-1.36,163.2
-11.93,-4.36,-2.95,-0.90,-0.57,-1.20,163.3
-8.40,-1.61,-2.96,0.94,-0.10,-0.26,163.4
-11.14,-4.52,-4.20,1.28,1.15,1.94,163.5
-11.89,-7.92,-4.14,0.04,1.37,2.94,163.6
-8.99,-6.97,-1.59,-1.38,-0.93,2.96,163.7
-4.91,-4.51,-1.31,-0.25,-0.51,2.73,163.8
-4.32,-3.93,-2.46,0.32,-0.30,1.56,163.9
-6.30,-8.57,-3.65,0.37,0.00,0.49,164
-15.94,-9.16,-3.97,0.11,-0.23,-5.69,164.1
-14.37,-2.18,-5.89,2.11,1.36,-4.76,164.2
-8.54,-4.37,-4.25,-1.21,-1.23,-0.15,164.3
-5.14,-3.24,-1.68,-2.34,-1.27,0.16,164.4
-5.90,-2.50,-1.65,-1.85,-0.75,-0.80,164.5
-8.27,-2.53,-2.65,-1.66,-0.93,-0.90,164.6
-14.53,-6.03,-6.35,-0.16,-0.45,-0.17,164.7
-10.07,-4.44,-3.47,0.74,0.59,0.83,164.8
-5.67,-2.50,-0.46,0.84,-0.18,0.58,164.9
-6.31,-2.46,-3.10,2.69,1.17,1.05,165
-7.40,-3.22,-5.04,2.31,2.40,1.60,165.1
-9.30,-3.76,-2.00,-1.04,0.25,0.51,165.2
-10.98,-6.36,-1.67,-1.80,-0.27,0.89,165.3
-12.62,-9.07,-5.40,0.31,-0.14,1.40,165.4
-6.39,-3.06,-5.57,0.81,-0.39,0.32,165.5
-2.06,-4.28,-6.05,0.50,-0.08,0.30,165.6
-6.31,-5.85,-3.84,-1.89,-0.01,-1.58,165.7
-8.71,-3.93,-3.89,-1.16,0.11,-2.29,165.8
-7.92,-3.17,-4.05,-0.39,0.48,-1.87,165.9
-8.39,-2.72,-2.63,-1.54,-0.60,-1.79,166
-10.34,-4.33,-6.71,0.18,0.11,-0.98,166.1
-12.51,-5.04,-3.97,-0.24,0.08,-0.82,166.2
-8.21,-1.28,-2.49,0.58,-0.52,-0.51,166.3
-9.13,-1.65,-3.89,1.35,0.13,1.53,166.4
-10.33,-5.32,-3.09,0.75,0.69,2.42,166.5
-10.82,-7.30,-3.62,0.11,0.18,2.86,166.6
-11.41,-7.92,-4.11,-0.02,-0.07,2.43,166.7
-5.54,-4.43,-3.62,0.83,0.32,1.50,166.8
-4.67,-4.60,-4.08,0.24,-0.46,0.37,166.9
-5.08,-5.01,-5.00,-0.50,0.04,-1.26,167
-8.06,-3.91,-4.15,-0.93,0.39,-2.43,167.1
-7.67,-3.69,-4.71,-0.87,0.06,-3.01,167.2
-11.29,-4.18,-3.38,-2.05,-0.07,-3.42,167.3
-14.42,-4.81,-4.79,-0.82,-0.12,-2.09,167.4
-9.46,-1.29,-3.61,0.34,-0.73,-0.62,167.5
-7.09,-1.31,-4.56,1.60,-0.26,1.30,167.6
-11.10,-4.92,-4.13,0.66,-0.06,1.78,167.7
-9.98,-5.59,-2.77,-0.07,0.17,2.57,167.8
-7.42,-4.68,-2.03,0.07,-0.54,2.68,167.9
-4.98,-3.57,-2.51,1.16,-0.04,2.21,168
-4.97,-5.17,-2.77,0.70,-0.22,1.17,168.1
-9.43,-8.20,-3.37,0.55,0.09,-2.12,168.2
-15.93,-4.87,-4.49,1.31,0.30,-4.09,168.3
-10.29,-1.12,-8.45,4.42,1.06,-2.63,168.4
-8.94,-3.96,-5.92,-0.22,-0.04,0.92,168.5
-8.11,-4.67,-2.99,-2.61,-0.08,1.35,168.6
-7.29,-4.77,-1.55,-2.68,-0.42,1.55,168.7
-5.97,-4.32,-1.26,-1.69,-0.32,1.51,168.8
-5.97,-2.73,-3.91,0.11,-0.13,0.82,168.9
-7.79,0.42,-5.90,-0.23,-0.44,0.13,169
-10.59,0.95,-2.42,-2.69,-1.64,-0.70,169.1
-11.91,0.36,-3.69,-0.95,0.99,-0.42,169.2
-9.91,-2.48,-3.54,-1.13,0.58,0.11,169.3
-10.14,-1.82,-2.89,-1.70,0.94,-0.46,169.4
-9.35,-1.27,-1.69,-2.90,-0.26,-0.04,169.5
-5.71,0.38,-1.04,-2.94,-0.73,0.48,169.6
-5.23,0.27,-3.88,-0.24,0.85,-0.22,169.7
-8.49,-0.55,-4.24,-0.76,0.43,-1.25,169.8
-10.41,-6.08,-2.05,-2.57,-0.21,-1.76,169.9
-10.36,-4.41,-4.28,-1.51,0.66,-2.20,170
-10.52,-4.71,-4.00,-1.21,0.58,-1.87,170.1
-8.18,-2.92,-1.19,-2.77,-1.08,-1.71,170.2
-7.06,-3.41,-1.01,-1.61,-0.71,-0.60,170.3
-9.98,-3.21,-4.62,-0.97,-0.54,-1.40,170.4
-12.77,-5.09,-5.36,-0.26,-0.17,-1.50,170.5
-11.39,-1.31,-4.73,0.18,-0.30,-2.08,170.6
-8.69,0.21,-3.30,0.90,0.26,-0.84,170.7
-11.31,-3.58,-3.56,0.58,0.95,1.53,170.8
-10.61,-5.86,-3.59,0.35,1.11,2.65,170.9
-8.05,-5.71,-1.83,-0.89,-0.70,2.54,171
-7.55,-6.23,-1.66,-0.23,-0.44,2.12,171.1
-8.35,-5.72,-2.59,1.03,0.51,0.66,171.2
-6.87,-6.27,-5.53,1.23,-0.36,-0.88,171.3
-7.16,-5.24,-6.72,0.06,-0.46,-1.81,171.4
-7.50,-4.19,-4.13,-1.59,-0.11,-1.72,171.5
-7.01,-4.02,-2.44,-2.35,-0.20,-2.20,171.6
-9.55,-4.41,-0.49,-2.98,-0.67,-2.36,171.7
-10.92,-2.63,-5.21,0.36,-0.10,-1.15,171.8
-12.12,-3.09,-5.10,1.23,0.41,-0.41,171.9
-8.67,-2.58,-2.01,-0.61,-1.47,0.75,172
-10.18,-3.43,-2.67,0.58,-0.26,2.04,172.1
-11.20,-2.87,2.55,-0.05,-0.66,1.86,172.2
-8.75,-5.15,-2.69,1.93,-0.48,2.87,172.3
-9.08,-9.39,-6.56,2.13,-0.13,2.40,172.4
-5.64,-5.05,-3.78,0.68,-0.59,-0.53,172.5
-9.16,-4.89,-3.40,-1.07,-0.27,-2.61,172.6
-8.46,-7.26,-3.20,-0.70,1.22,-1.36,172.7
-9.76,-5.33,-2.07,-1.90,-0.05,-2.67,172.8
-6.95,-3.64,-2.10,-1.24,0.46,-1.96,172.9
-7.99,-5.73,-2.34,-2.10,-1.18,-1.44,173
-11.80,-7.23,-2.55,-1.32,-0.43,-1.29,173.1
-11.67,-1.17,-4.77,0.48,-0.10,-1.78,173.2
-10.07,-0.30,-2.45,0.82,-0.11,0.38,173.3
-9.42,-5.09,-3.66,1.81,0.73,2.78,173.4
-7.45,-5.33,-2.86,1.16,0.75,3.23,173.5
-9.47,-7.01,-3.90,0.92,0.72,2.25,173.6
-11.65,-10.41,-3.77,-0.18,0.90,0.79,173.7
-6.85,-6.00,0.06,-1.29,-0.75,0.06,173.8
-1.83,-5.81,-4.65,1.66,0.20,0.26,173.9
-7.19,-6.55,-4.57,0.01,-0.60,-1.58,174
-8.58,-4.94,-4.67,-0.24,0.02,-2.35,174.1
-6.28,-4.16,-0.81,-0.41,-0.10,-1.94,174.2
-9.36,-4.57,-2.09,-1.28,-1.27,-2.02,174.3
-10.03,-7.37,-5.94,-0.66,-1.18,-1.30,174.4
-12.38,-3.98,-4.07,0.02,-0.68,-1.19,174.5
-8.18,-0.93,-3.43,1.38,0.21,0.21,174.6
-9.71,-5.22,-5.15,0.98,1.12,2.72,174.7
-11.16,-7.54,-2.89,-1.18,0.89,2.57,174.8
-8.01,-5.87,0.14,-1.54,-0.67,2.26,174.9
-9.40,-0.70,1.41,0.33,0.31,2.03,175
-9.30,-2.98,1.63,-0.04,-1.28,1.99,175.1
-8.70,-5.32,-3.89,1.69,-1.34,1.78,175.2
-6.54,-5.96,-6.80,2.75,-0.31,0.26,175.3
-12.09,-6.84,-4.15,1.50,-0.39,-2.86,175.4
-12.36,-3.92,-7.58,1.98,-0.12,-3.63,175.5
-9.44,-4.76,-4.31,-1.38,-0.80,-1.61,175.6
-7.12,-5.45,-1.02,-3.43,-0.69,0.48,175.7
-5.05,-3.74,-0.98,-2.97,-0.86,0.39,175.8
-5.45,-3.51,-1.44,-2.61,-0.53,0.16,175.9
-6.54,-2.41,-3.15,-1.68,-0.63,-0.60,176
-7.16,-3.10,-3.52,-1.06,-0.52,-1.02,176.1
-11.28,-4.18,-3.38,-0.83,-0.88,-2.08,176.2
-14.21,-1.91,-4.36,0.09,-0.09,-2.30,176.3
-10.89,-3.55,-4.75,-0.23,-0.96,0.95,176.4
-10.36,-5.22,-3.36,-0.58,0.04,2.05,176.5
-8.58,-5.76,-3.36,-0.94,-0.25,2.49,176.6
-4.92,-4.23,-1.69,-1.67,-0.65,1.98,176.7
-2.99,-0.95,-2.64,-1.05,-0.84,0.73,176.8
-7.01,-0.41,-5.09,-0.16,0.30,-0.53,176.9
-8.95,-3.48,-3.90,-1.45,0.51,-1.85,177
-11.03,-9.44,-1.01,-2.55,0.38,-2.65,177.1
-14.36,-6.98,-0.34,-1.95,0.45,-4.06,177.2
-5.22,-4.74,-3.51,-0.82,-0.22,0.21,177.3
-3.13,-5.74,-3.57,-3.23,-2.63,-0.86,177.4
-7.45,-5.15,1.33,-4.75,-1.47,-1.73,177.5
-12.89,-6.74,-7.03,1.08,0.11,-1.65,177.6
-10.63,-5.96,-5.88,1.68,0.69,-0.65,177.7
-8.88,-1.66,-3.90,0.66,-0.30,-2.07,177.8
-10.22,-1.82,-3.37,0.77,0.66,-0.28,177.9
-11.76,-7.00,-2.81,-0.70,0.97,2.43,178
-9.19,-8.25,-2.55,-1.59,-0.69,3.38,178.1
-10.24,-9.51,-2.14,-0.48,-0.89,2.64,178.2
-6.74,-7.56,-3.33,1.03,0.36,1.76,178.3
-5.06,-5.53,-4.02,0.52,-0.40,0.16,178.4
-5.42,-5.25,-4.44,-0.20,0.12,-0.84,178.5
-7.03,-5.81,-2.87,-1.34,0.09,-1.58,178.6
-7.75,-4.39,-3.71,-0.82,0.23,-2.67,178.7
-9.03,-3.94,-2.55,-1.42,0.22,-2.84,178.8
-12.77,-5.08,-1.92,-2.38,-1.19,-2.11,178.9
-12.58,-5.67,-5.24,-0.37,-0.59,-0.64,179
-7.26,-0.96,-1.50,1.04,-0.08,0.14,179.1
-9.17,-3.73,-4.18,2.02,0.86,1.57,179.2
-9.83,-6.50,-3.45,-0.05,0.75,2.59,179.3
-7.13,-5.08,-0.40,-1.54,-1.41,1.89,179.4
-6.68,-5.92,-1.72,1.27,0.26,1.88,179.5
-10.14,-9.55,-4.86,2.09,0.89,1.38,179.6
-9.61,-5.20,-5.14,1.84,0.47,-1.58,179.7
-5.65,-2.98,-6.18,0.91,-0.52,-0.80,179.8
-3.67,-5.94,-4.47,-1.43,-0.55,-0.25,179.9
-6.32,-4.22,-1.78,-2.59,-0.90,-1.86,180
-6.87,-3.67,-3.34,-0.40,0.62,-1.53,180.1
-8.68,-3.80,-1.25,-1.24,-0.20,-1.82,180.2
-9.14,-4.94,-7.48,0.25,-1.03,-0.37,180.3
-9.45,-8.42,-4.05,-0.39,-0.58,0.49,180.4
-7.86,-2.58,-1.37,-0.14,-0.38,-1.02,180.5
-7.55,-1.66,-3.42,2.05,0.85,0.39,180.6
-9.05,-3.25,-2.49,1.75,1.39,1.16,180.7
-9.19,-5.53,-2.16,0.29,0.68,2.10,180.8
-7.53,-5.38,-1.58,0.24,0.14,2.15,180.9
-10.52,-8.34,-4.02,0.88,0.53,1.68,181
-7.98,-6.75,-2.54,0.30,0.67,0.81,181.1
-4.27,-4.45,-5.78,-0.28,-1.48,-0.92,181.2
-4.81,-4.36,-4.76,-0.06,0.22,-0.22,181.3
-8.23,-5.59,-2.16,-1.49,-0.08,-1.23,181.4
-8.02,-3.18,-3.48,-0.26,0.16,-1.71,181.5
-6.90,-2.55,-2.85,-0.87,-0.51,-1.29,181.6
-7.36,-4.05,-3.24,-1.20,-0.81,-0.94,181.7
-10.82,-5.94,-4.84,-0.23,-0.12,-0.77,181.8
-13.46,-5.34,-6.97,0.85,0.65,-0.64,181.9
-7.17,-2.20,-1.47,-0.56,-0.99,0.17,182
-7.30,-2.04,-2.69,0.56,-0.24,0.82,182.1
-10.24,-5.65,-3.34,1.01,1.37,2.08,182.2
-7.67,-4.75,-1.31,-0.45,0.18,1.95,182.3
-4.85,-4.40,-0.19,0.33,-0.48,1.90,182.4
-5.38,-5.07,-2.53,1.55,0.15,1.33,182.5
-9.62,-8.22,-4.92,1.57,0.40,-0.01,182.6
-11.68,-9.25,-1.70,-0.10,-0.45,-2.73,182.7
-11.59,-2.46,-5.21,0.99,-1.13,-3.84,182.8
-7.84,-3.79,-7.44,2.02,1.69,1.97,182.9
-7.24,-4.00,-4.68,-2.02,-0.64,1.33,183
-5.06,-3.76,-3.67,-2.82,-0.09,1.30,183.1
-5.23,-2.91,-2.66,-3.05,-0.77,0.91,183.2
-6.56,-0.44,-4.08,-1.11,-0.15,0.30,183.3
-11.75,-3.00,-5.73,-1.11,-0.43,-0.11,183.4
-11.24,-2.80,-5.33,-2.02,-0.11,-1.12,183.5
-9.47,-5.23,-1.15,-3.60,-0.60,-0.93,183.6
-8.67,-3.65,-1.45,-2.13,0.06,-0.53,183.7
-7.51,-3.40,-3.91,-1.06,0.94,0.11,183.8
-11.88,-1.37,0.79,-3.61,-1.00,-1.04,183.9
-8.34,0.77,3.29,-3.62,-2.05,0.01,184
-7.26,0.67,1.62,-0.46,-0.97,0.63,184.1
-9.63,-0.02,-1.53,0.54,-0.47,0.22,184.2
-13.49,1.25,-2.59,0.23,0.21,-0.40,184.3
-12.75,0.34,-3.17,-1.14,-0.42,-0.63,184.4
-8.92,-0.17,-2.88,-2.00,0.58,0.81,184.5
-6.51,0.74,-0.66,-3.55,0.50,1.05,184.6
-8.80,2.78,-1.46,-2.09,0.20,0.23,184.7
-9.38,3.90,-0.68,-1.34,0.24,0.51,184.8
-13.73,5.70,1.46,-0.45,-1.49,-0.53,184.9
-7.37,6.53,-0.39,-0.02,-1.74,1.02,185
-6.18,5.68,3.58,-1.94,-3.80,0.15,185.1
-2.75,0.10,10.37,-2.20,-4.65,0.02,185.2
-0.25,0.73,5.08,0.76,-2.83,1.55,185.3
0.77,2.50,5.26,0.27,-1.36,0.50,185.4
1.18,4.39,10.01,-0.20,-0.72,0.27,185.5
-0.02,4.02,12.29,-0.26,0.60,-0.30,185.6
-2.62,3.47,7.82,-0.66,0.68,-0.39,185.7
-2.76,2.03,7.35,-0.17,0.57,0.10,185.8
-2.26,1.72,8.19,0.51,0.63,0.41,185.9
-0.23,0.75,4.29,1.20,2.84,0.39,186
-8.90,4.26,0.82,2.67,7.24,-0.60,186.1
-8.67,7.51,-0.26,-2.33,0.79,-0.83,186.2
-7.70,5.36,3.80,-4.53,-0.74,0.13,186.3
-10.59,3.04,6.44,-1.91,0.25,-0.05,186.4
-11.19,4.29,6.88,-0.45,0.87,-0.42,186.5
-4.83,1.69,6.47,0.92,-0.25,0.36,186.6
-7.49,-0.81,5.69,1.48,-0.38,-1.09,186.7
-9.90,1.60,9.17,2.50,-0.31,-0.67,186.8
-5.18,0.34,1.95,3.84,-0.75,0.08,186.9
-5.33,-2.40,-1.51,3.53,-0.29,-0.76,187
-10.91,-2.17,-5.02,4.12,3.10,-0.55,187.1
-9.22,-4.11,-5.97,1.81,1.64,-2.48,187.2
-12.04,-6.75,-6.09,-0.98,-0.35,-4.09,187.3
-11.74,-7.36,-2.31,-3.25,0.10,-3.41,187.4
-9.14,-3.16,-1.33,-2.26,-0.83,-2.97,187.5
-5.52,-3.45,-3.16,-1.16,-0.47,-0.92,187.6
-8.64,-3.81,-3.91,-1.31,-0.96,-1.28,187.7
-11.03,-4.94,-6.52,-0.19,-0.19,-0.89,187.8
-8.80,-1.05,-4.75,0.66,-0.34,-0.50,187.9
-8.54,-1.43,-3.20,0.52,-0.62,0.23,188
-10.59,-3.72,-3.35,1.19,0.86,1.89,188.1
-10.22,-6.12,-2.72,0.32,0.48,2.91,188.2
-10.93,-8.26,-4.04,0.59,0.21,3.12,188.3
-8.17,-7.83,-4.29,0.89,0.21,2.26,188.4
-5.46,-4.72,-3.83,0.67,-0.64,-0.38,188.5
-5.48,-5.40,-4.33,0.09,-0.85,-0.73,188.6
-7.32,-6.04,-3.27,-1.62,0.05,-1.86,188.7
-8.54,-4.55,-1.64,-1.97,0.01,-2.88,188.8
-10.87,-3.72,-2.84,-1.17,-0.25,-2.99,188.9
-11.73,-3.69,-4.89,0.05,0.37,-1.90,189
-12.94,-4.12,-3.53,-0.26,-0.69,-0.84,189.1
-8.15,-1.58,-3.02,0.56,-0.80,0.28,189.2
-10.84,-3.49,-2.27,0.89,0.17,1.83,189.3
-13.22,-6.46,0.27,0.19,0.76,2.06,189.4
-10.62,-5.77,0.83,0.30,-0.15,3.03,189.5
-6.12,-3.68,-0.53,1.30,-0.30,2.80,189.6
-5.83,-3.61,-2.09,1.49,-0.42,2.14,189.7
-7.96,-7.44,-3.30,1.21,-0.18,0.99,189.8
-10.75,-7.34,-3.31,0.81,-0.11,-1.17,189.9
-13.02,-5.48,-4.16,1.88,0.54,-3.48,190
-11.05,-3.27,-5.26,2.39,0.76,-2.67,190.1
-8.31,-4.24,-3.57,-1.65,-1.16,-0.69,190.2
-4.07,-5.42,-2.98,-2.66,-1.36,-0.09,190.3
-5.15,-6.94,-2.13,-4.26,-1.94,-0.46,190.4
-5.19,-4.49,-1.08,-4.31,-2.42,-0.27,190.5
-6.16,-3.15,-3.60,-2.10,-1.15,-1.17,190.6
-11.27,-2.37,0.94,-3.63,-1.46,-2.11,190.7
-10.46,-1.16,-3.80,0.04,-0.26,-0.74,190.8
-14.37,-2.45,-4.86,-0.55,-1.26,-0.54,190.9
-13.87,-3.79,-2.81,0.62,0.17,1.14,191
-8.87,-6.07,-4.62,1.05,-0.14,4.04,191.1
-7.33,-4.08,-5.07,0.14,0.17,2.65,191.2
-4.09,-0.75,-2.15,-1.57,-0.56,1.53,191.3
-6.98,4.39,-3.06,-1.01,-0.22,-0.30,191.4
-7.60,2.56,-3.75,-0.39,1.31,0.19,191.5
-6.68,-0.99,-3.27,-0.73,0.11,-0.60,191.6
-11.04,-6.67,-7.58,0.13,0.95,-1.09,191.7
-15.17,-5.78,-3.68,-2.08,1.12,-4.05,191.8
-8.62,-4.56,-2.92,-2.62,-1.12,-2.90,191.9
-7.46,-5.04,0.30,-2.94,-0.06,-1.51,192
-7.11,-5.23,1.61,-2.35,-0.60,-1.75,192.1
-8.80,-4.57,-0.47,-0.84,-0.38,-2.10,192.2
-10.96,-4.64,-5.15,1.15,-0.68,-1.61,192.3
-10.74,-5.60,-6.79,1.33,-1.51,-1.30,192.4
-12.41,1.14,-7.30,0.84,-0.72,-2.25,192.5
-10.65,-2.72,-3.79,-0.68,0.03,1.09,192.6
-11.91,-7.08,-3.55,-1.23,0.11,3.49,192.7
-10.36,-6.66,-3.37,-0.70,-0.01,3.43,192.8
-7.86,-5.31,-2.04,-0.18,-0.14,2.65,192.9
-9.13,-9.73,-3.81,-0.18,-0.48,2.27,193
-8.40,-4.00,-1.54,1.07,0.30,-1.87,193.1
-5.88,-2.41,-6.89,2.21,-0.41,-1.74,193.2
-7.83,-6.27,-3.86,-1.90,-0.10,-2.11,193.3
-8.66,-4.83,-0.80,-4.19,-0.85,-3.16,193.4
-9.63,-3.75,-1.21,-1.12,0.43,-2.46,193.5
-11.74,-4.03,-4.06,0.17,0.60,-1.63,193.6
-12.89,-2.65,-4.74,0.25,-0.72,-0.81,193.7
-9.92,-1.41,-3.17,0.01,-0.25,0.56,193.8
-11.27,-6.79,-1.68,-0.50,0.35,3.10,193.9
-7.80,-4.99,-2.18,0.42,0.28,3.97,194
-6.71,-2.10,-2.70,0.91,-0.82,2.00,194.1
-7.03,-3.03,-3.01,0.56,-0.88,1.56,194.2
-10.53,-5.65,-6.64,1.09,-0.17,0.78,194.3
-11.92,-6.27,-4.02,0.08,1.18,-1.11,194.4
-8.62,-0.96,-2.25,0.37,-0.12,-2.60,194.5
-9.07,-3.73,-5.91,1.24,0.70,-1.08,194.6
-6.65,-3.24,-1.72,-2.12,-0.38,-1.09,194.7
-7.11,-1.48,-2.51,-1.41,-0.49,-1.48,194.8
-6.80,-2.11,-3.26,-0.09,0.54,-0.51,194.9
-8.69,-2.88,-4.30,-0.74,-0.50,-0.60,195
-12.44,-5.40,-6.01,-0.41,-0.34,-0.26,195.1
-10.13,-3.19,-4.22,-0.09,-0.26,-0.60,195.2
-7.15,-0.40,-0.94,-0.49,-1.06,-0.97,195.3
-7.15,-1.44,-3.40,2.05,0.83,1.13,195.4
-8.58,-2.93,-3.09,1.44,1.15,1.36,195.5
-12.05,-6.49,-3.70,1.21,1.06,1.69,195.6
-9.96,-8.59,-3.61,1.20,1.57,1.46,195.7
-5.00,-4.71,-2.14,-0.43,-0.76,-0.04,195.8
-1.28,-7.92,-3.73,0.36,0.59,0.49,195.9
-7.44,-6.56,-2.80,-1.80,-0.77,-2.16,196
-7.76,-3.83,-4.72,-0.48,-0.68,-2.20,196.1
-7.05,-3.77,-2.83,-0.57,-0.37,-1.70,196.2
-7.52,-3.41,-2.15,-1.02,-0.98,-1.78,196.3
-9.72,-3.87,-6.95,0.84,-0.26,-0.76,196.4
-11.08,-9.63,-7.88,0.95,-0.05,0.49,196.5
-9.44,-3.59,-2.06,-1.37,-0.73,-0.71,196.6
-5.19,-1.24,-1.74,0.71,0.35,1.06,196.7
-10.01,-1.41,-4.17,1.70,1.59,1.52,196.8
-10.83,-4.17,-0.35,-0.56,1.28,1.90,196.9
-9.83,-6.57,-2.19,0.15,-0.23,2.94,197
-12.54,-9.99,-5.10,0.85,0.75,2.92,197.1
-6.03,-8.58,-1.72,-0.20,-0.76,0.80,197.2
-5.97,-6.31,-5.95,0.37,-1.38,-1.15,197.3
-6.37,-6.01,-8.19,1.15,0.07,-1.05,197.4
-7.64,-4.95,-5.62,-0.68,-0.34,-2.12,197.5
-6.92,-3.19,-6.03,-1.36,-0.72,-2.46,197.6
-6.19,-5.03,-1.71,-3.51,-0.44,-2.23,197.7
-7.72,-5.22,1.62,-4.44,-1.47,-2.70,197.8
-14.43,-2.96,-1.09,-0.61,-0.29,-2.25,197.9
-12.19,-0.74,-7.45,2.49,-0.05,0.31,198
-12.98,-7.56,-7.43,0.30,-0.80,3.81,198.1
-9.72,-6.33,-6.26,-0.22,-0.47,3.65,198.2
-4.75,-4.49,-3.49,-1.44,-0.67,2.96,198.3
-3.82,-2.96,-2.86,-1.21,0.14,1.44,198.4
-1.41,-2.05,-4.36,-0.52,0.39,-0.32,198.5
-11.45,-3.27,-3.99,-1.15,0.42,-2.62,198.6
-15.54,-8.51,-3.04,-0.80,1.07,-3.88,198.7
-13.37,-6.13,-1.72,-1.81,-0.75,-4.61,198.8
-7.57,-3.84,-0.13,-2.46,-1.13,-1.46,198.9
-6.28,-3.21,-0.31,-2.42,-1.91,-1.28,199
-8.04,-3.51,-1.86,-1.05,-1.37,-1.31,199.1
-9.18,-4.84,-3.16,-0.18,-1.30,-1.24,199.2
-8.86,-5.72,-4.29,-0.20,-1.32,-1.08,199.3
-3.64,-8.04,-1.43,-2.03,-1.24,-1.15,199.4
-4.76,-3.64,-5.51,-0.85,-0.78,-0.27,199.5
-6.66,-2.92,-5.20,-1.63,-1.17,-0.13,199.6
-12.87,-5.84,-3.65,-1.57,-0.72,0.03,199.7
-16.11,-10.76,-7.82,0.77,0.53,2.52,199.8
-4.41,-7.54,-5.16,-0.44,-0.37,3.25,199.9
-4.68,-8.02,-2.46,-1.39,-0.66,0.37,200
-3.13,-7.73,-3.26,-0.48,0.87,1.07,200.1
-4.75,-5.53,-3.60,0.02,-0.40,-1.15,200.2
-7.50,-5.12,-1.76,-0.91,-0.67,-2.49,200.3
-9.74,-5.54,-4.89,0.54,0.20,-2.16,200.4
-13.52,-7.20,-7.38,1.12,0.51,-1.73,200.5
-9.45,-0.67,-3.71,0.03,-0.91,-1.57,200.6
-6.95,-1.52,-3.01,0.53,-0.15,0.82,200.7
-9.90,-5.42,-4.92,1.37,1.72,2.65,200.8
-8.99,-4.88,-2.92,-0.03,1.66,2.24,200.9
-8.58,-4.93,-1.19,-1.32,-0.07,1.69,201
-8.42,-5.67,-2.12,-0.21,0.53,1.95,201.1
-9.75,-8.40,-2.80,-0.06,0.22,1.00,201.2
-7.86,-5.37,-4.41,0.55,-0.75,-0.65,201.3
-5.93,-3.86,-5.54,1.04,-0.48,-1.10,201.4
-5.82,-5.05,-5.13,-0.88,-0.82,-1.27,201.5
-8.03,-3.79,-2.27,-1.64,-0.27,-2.20,201.6
-8.67,-3.12,-4.21,-0.22,0.01,-2.13,201.7
-7.33,-4.53,-1.97,-2.24,-0.91,-1.29,201.8
-12.14,-5.90,-4.03,-2.16,-1.88,-1.11,201.9
-11.70,-5.36,-7.13,2.03,0.80,-0.07,202
-6.78,-0.57,-4.90,1.74,-0.25,-0.17,202.1
-8.18,-1.88,-3.04,0.60,0.00,0.53,202.2
-10.40,-4.81,-5.03,0.81,2.11,2.10,202.3
-10.44,-5.71,-1.11,-1.33,0.96,1.87,202.4
-11.29,-4.89,-1.67,-0.01,0.23,2.57,202.5
-11.89,-8.51,-5.22,1.28,0.74,3.46,202.6
-6.11,-3.48,-2.78,0.51,-0.19,0.60,202.7
-5.26,-3.11,-2.43,-0.14,-1.43,-1.17,202.8
-4.52,-3.31,-5.60,0.44,-0.45,-1.13,202.9
-7.56,-4.69,-3.04,-1.47,0.62,-1.94,203
-11.00,-3.04,-2.30,-1.74,-1.13,-3.97,203.1
-9.00,-2.46,-3.54,-0.42,-0.16,-2.34,203.2
-12.47,-3.30,-5.60,-0.19,-0.41,-0.97,203.3
-9.65,-3.98,-6.20,0.94,0.20,0.72,203.4
-6.52,-1.20,-3.23,0.63,-0.40,0.27,203.5
-10.86,-2.09,-3.96,0.91,0.60,0.83,203.6
-13.54,-3.63,-2.66,0.11,1.94,2.20,203.7
-11.93,-5.60,-1.98,-1.22,0.09,2.56,203.8
-7.97,-5.81,-1.44,-0.46,-0.24,3.34,203.9
-8.49,-6.77,-2.61,0.30,-0.38,2.75,204
-6.37,-7.69,-5.55,2.10,-0.36,1.70,204.1
-7.80,-4.86,-4.71,2.01,-0.42,-2.55,204.2
-10.30,-5.57,-4.76,0.52,-1.45,-3.43,204.3
-12.95,-4.83,-5.78,-0.20,-0.19,-3.28,204.4
-8.26,-1.78,-3.40,-1.54,-1.58,-2.11,204.5
-6.21,-1.91,-4.67,-0.95,-0.68,-0.63,204.6
-8.65,-1.98,-2.95,-3.25,-1.16,-0.81,204.7
-14.42,-1.37,-4.58,-1.98,-1.69,0.26,204.8
-13.70,-1.10,-3.69,-1.05,-1.44,1.76,204.9
-11.85,-1.41,0.54,-1.06,-2.28,2.00,205
-10.06,-3.13,0.52,-0.42,-3.18,1.97,205.1
-8.93,-1.60,-1.82,0.21,-2.08,0.84,205.2
-6.85,0.98,0.24,-0.01,-0.55,0.76,205.3
-6.39,2.00,2.81,0.07,-0.41,0.11,205.4
-6.54,3.69,1.65,1.33,0.16,0.15,205.5
-7.91,4.53,2.79,0.41,0.46,0.42,205.6
-8.76,4.98,0.25,0.03,0.55,0.43,205.7
-9.88,4.04,3.08,-1.48,-0.64,0.10,205.8
-7.42,3.03,4.60,-2.34,-1.81,-0.08,205.9
-6.13,1.01,8.91,-2.28,-2.96,0.27,206
-3.16,1.68,6.03,-0.42,-1.57,0.87,206.1
-2.07,2.20,7.37,-0.24,-0.92,0.89,206.2
-2.08,2.91,7.55,0.06,-0.24,0.83,206.3
-2.21,3.21,9.38,-0.35,-0.12,0.65,206.4
-2.35,2.92,9.54,0.04,-0.18,0.62,206.5
-3.14,1.44,12.74,0.30,-0.26,0.68,206.6
-2.33,1.30,9.32,0.53,0.63,0.65,206.7
-2.78,0.20,9.81,0.16,0.89,0.62,206.8
-4.52,2.65,3.13,0.66,4.09,1.34,206.9
-5.57,4.57,4.63,-0.74,3.36,1.00,207
-6.45,4.86,3.46,-0.56,2.56,0.63,207.1
-6.47,5.60,1.33,-0.58,1.77,0.60,207.2
-10.07,3.92,-1.68,-0.45,1.23,-0.63,207.3
-7.34,-2.21,-3.95,0.01,3.37,0.35,207.4
-9.49,-5.62,-8.54,1.64,4.25,-1.87,207.5
-9.83,-6.22,-4.90,0.02,1.60,-3.91,207.6
-11.75,-7.38,-3.36,-1.33,-0.86,-4.96,207.7
-11.18,-5.75,-2.43,0.07,-0.22,-3.95,207.8
-8.89,-3.99,-5.14,2.90,-0.71,-1.67,207.9
-8.05,-6.25,-6.37,2.28,-1.48,-0.79,208
-8.19,-8.68,-7.89,1.02,-1.88,0.00,208.1
-9.50,-7.16,-4.65,-0.26,0.09,0.37,208.2
-11.54,-5.88,-6.02,0.02,1.36,1.07,208.3
-12.06,-12.73,-3.81,-2.39,2.82,3.30,208.4
-9.43,-10.53,-1.01,-5.41,-0.94,3.25,208.5
-9.58,-6.25,-0.30,-1.43,-0.78,2.39,208.6
-6.12,2.65,-0.27,1.13,-0.35,2.39,208.7
-10.33,2.26,-4.67,1.48,-1.56,1.65,208.8
-4.39,-1.28,-3.34,1.58,0.40,2.01,208.9
-5.18,-4.50,-5.17,1.97,0.33,-0.86,209
-4.91,-3.89,-5.53,1.86,0.80,-1.09,209.1
-7.83,-8.52,-4.71,-0.98,-0.48,-2.98,209.2
-15.16,-12.01,-0.37,-3.09,-0.95,-5.15,209.3
-15.97,-3.84,-1.81,-1.07,0.06,-5.67,209.4
-10.77,-4.57,-4.37,0.56,0.73,-0.88,209.5
-10.38,-6.19,-4.96,-0.15,-1.65,-0.26,209.6
-9.64,-1.20,-3.00,0.40,-0.16,-0.77,209.7
-7.87,-1.37,-4.62,1.28,0.00,1.48,209.8
-11.84,-7.12,-3.66,0.12,1.12,2.48,209.9
-10.36,-7.61,-2.90,-1.15,0.29,2.90,210
-7.59,-5.86,-1.27,-0.66,-0.97,2.71,210.1
-5.55,-5.76,-2.76,1.27,0.49,2.47,210.2
-6.08,-8.28,-3.40,0.91,0.44,1.21,210.3
-11.17,-6.34,-2.96,0.90,-0.03,-3.54,210.4
-6.56,-5.17,-7.61,1.89,-0.59,-2.40,210.5
-7.32,-5.83,-3.80,-2.05,-1.27,-2.29,210.6
-7.82,-3.06,-4.44,-1.63,-0.54,-2.55,210.7
-7.73,-3.33,-4.59,-1.64,-0.56,-1.54,210.8
-10.39,-5.17,-5.03,-1.85,-0.89,-0.82,210.9
-11.07,-4.20,-2.69,-0.63,0.21,0.43,211
-9.37,-0.36,-3.05,0.95,-0.59,0.69,211.1
-9.05,-2.64,-2.75,1.13,0.05,2.39,211.2
-11.10,-6.68,-3.92,0.98,0.29,3.16,211.3
-10.99,-7.52,-4.89,0.98,0.66,2.65,211.4
-6.69,-6.67,-2.25,0.49,0.05,1.34,211.5
-3.92,-4.81,-2.09,0.88,-0.68,0.15,211.6
-5.24,-7.04,-3.72,0.23,0.02,-0.85,211.7
-7.84,-6.81,-4.21,-1.15,-0.63,-2.52,211.8
-8.40,-3.89,-5.27,-0.05,0.36,-2.65,211.9
-8.27,-3.50,-3.31,-0.84,-0.08,-2.45,212
-9.31,-3.80,-4.12,-1.72,-1.00,-1.61,212.1
-10.98,-6.59,-4.32,-1.26,-1.23,-0.51,212.2
-8.51,-1.55,-3.54,0.95,-0.18,-0.50,212.3
-6.81,-2.05,-3.63,1.57,0.26,1.24,212.4
-10.86,-5.33,-4.41,0.87,1.33,1.99,212.5
-11.49,-6.68,-2.98,-0.43,1.04,1.98,212.6
-8.20,-6.17,-1.69,-0.60,-1.13,2.66,212.7
-6.28,-4.53,-2.15,0.88,-0.38,2.58,212.8
-6.28,0.68,-1.73,0.87,-0.33,1.65,212.9
-10.28,2.55,-0.82,-0.61,-1.83,0.35,213
-13.23,0.57,-7.86,1.30,-0.46,0.59,213.1
-10.21,-2.34,-5.70,1.67,0.60,0.36,213.2
-7.72,-3.34,-4.34,0.63,0.24,-1.40,213.3
-4.93,-3.54,-5.21,0.60,1.06,-0.94,213.4
-7.61,-7.34,-1.80,-1.92,1.15,-2.56,213.5
-18.38,-1.13,-3.22,-2.75,-0.05,-3.97,213.6
-10.17,-1.04,4.77,-3.95,-4.08,-1.88,213.7
-8.75,2.86,2.85,-1.40,-4.00,0.42,213.8
-8.07,2.64,3.59,-0.65,-2.55,1.26,213.9
-11.22,0.77,3.87,0.79,-1.43,0.53,214
-7.87,-0.97,8.86,1.98,-2.22,0.54,214.1
-8.01,1.21,5.35,2.19,-0.79,0.06,214.2
-3.31,2.95,0.36,1.76,-0.02,0.74,214.3
-5.74,1.85,4.52,-2.26,-1.58,0.10,214.4
-4.21,4.81,2.01,0.61,0.94,0.93,214.5
