0.15,5.84,8.15,-0.07,0.02,-0.08,.1
0.23,5.73,8.56,-0.07,0.02,-0.08,.2
0.16,5.69,7.91,0.10,-0.05,-0.04,.3
0.35,5.75,7.50,0.04,-0.09,0.02,.4
0.35,5.96,8.19,-0.07,-0.05,-0.05,.5
0.11,5.97,8.53,-0.05,-0.01,-0.04,.6
0.36,5.67,7.86,0.15,-0.08,-0.02,.7
0.42,5.81,6.87,0.14,-0.09,0.01,.8
1.11,6.22,7.36,0.00,-0.08,0.08,.9
1.14,6.46,9.27,-0.35,-0.19,0.14,1
0.69,6.09,7.75,0.04,-0.16,0.05,1.1
0.72,5.90,9.94,-0.23,-0.12,0.00,1.2
0.42,5.63,8.68,0.32,0.06,0.24,1.3
0.43,5.56,6.88,0.35,-0.13,0.24,1.4
0.88,5.69,8.46,-0.07,-0.11,0.18,1.5
1.74,5.23,6.98,0.36,-0.31,0.19,1.6
1.73,5.85,7.23,0.11,-0.13,-0.01,1.7
1.56,5.92,6.19,0.25,-0.09,-0.05,1.8
1.60,6.66,7.22,0.01,-0.04,-0.13,1.9
1.79,6.69,7.08,0.07,0.08,-0.01,2
1.59,6.68,7.58,-0.01,0.09,-0.05,2.1
1.82,6.55,7.27,0.01,0.04,0.01,2.2
1.55,6.59,6.82,0.11,0.09,-0.02,2.3
1.48,6.48,7.15,-0.11,0.06,-0.02,2.4
1.65,6.81,6.14,-0.02,-0.08,0.01,2.5
0.86,6.79,7.38,-0.37,0.26,0.14,2.6
0.68,5.66,8.64,-0.41,0.47,0.36,2.7
1.27,5.56,7.92,0.10,0.72,0.88,2.8
1.37,6.13,7.77,-0.37,0.12,0.46,2.9
1.13,5.53,7.94,-0.08,0.15,0.15,3
1.27,5.34,8.32,-0.16,0.00,0.13,3.1
1.57,5.04,7.21,-0.01,-0.26,0.19,3.2
1.48,5.44,7.14,-0.22,-0.53,0.12,3.3
2.28,5.33,7.73,-0.17,-0.36,0.21,3.4
2.70,5.07,8.17,0.00,0.01,0.00,3.5
2.02,5.30,7.72,0.01,-0.01,-0.08,3.6
2.71,5.08,8.05,0.06,0.11,-0.01,3.7
2.32,4.94,8.23,-0.13,0.07,-0.07,3.8
2.40,4.90,8.40,-0.08,-0.02,-0.01,3.9
2.63,4.81,8.27,0.01,0.04,0.01,4
2.06,5.19,8.35,0.01,0.06,0.01,4.1
2.58,4.91,8.24,0.11,0.02,0.12,4.2
2.04,4.91,8.66,-0.10,0.05,-0.01,4.3
2.48,4.91,7.89,0.11,-0.04,0.05,4.4
2.26,5.20,7.72,0.12,-0.05,0.02,4.5
2.80,5.52,7.36,0.08,0.00,0.03,4.6
2.27,5.13,9.21,-0.22,0.11,-0.08,4.7
2.32,5.13,8.66,-0.10,0.02,-0.06,4.8
2.44,5.31,8.75,0.12,0.06,-0.01,4.9
2.14,5.34,8.44,0.11,0.24,0.03,5
1.99,5.07,8.12,0.15,0.03,0.14,5.1
3.30,4.89,7.55,0.11,-0.13,0.11,5.2
2.63,4.91,6.55,0.03,-0.19,0.13,5.3
2.76,5.01,7.47,-0.02,-0.13,0.04,5.4
2.98,4.77,7.05,-0.03,0.10,0.04,5.5
3.17,5.14,7.48,-0.01,-0.21,-0.07,5.6
2.64,5.06,7.90,-0.14,0.01,-0.09,5.7
3.35,4.86,8.44,-0.25,0.01,-0.04,5.8
2.53,4.70,7.53,-0.12,-0.11,-0.12,5.9
2.83,4.61,7.94,-0.18,0.07,-0.07,6
2.87,4.69,7.70,-0.08,-0.29,-0.13,6.1
2.75,4.73,8.69,-0.25,0.01,-0.04,6.2
2.48,4.49,9.11,-0.16,0.15,-0.03,6.3
1.97,3.84,8.85,-0.06,0.11,-0.02,6.4
2.40,4.79,7.46,0.10,0.05,0.01,6.5
2.55,4.67,8.29,-0.05,0.06,0.01,6.6
2.63,4.17,9.17,-0.10,0.06,0.04,6.7
2.40,4.38,8.03,0.16,-0.03,0.03,6.8
2.57,4.58,8.83,-0.02,0.03,0.07,6.9
2.49,4.35,9.71,-0.17,-0.02,0.06,7
2.03,4.04,8.42,0.02,0.01,0.03,7.1
2.16,4.28,7.47,0.15,-0.10,0.05,7.2
2.94,4.49,8.02,0.07,-0.24,0.07,7.3
2.78,4.54,8.53,-0.06,0.07,0.03,7.4
2.76,4.29,8.86,-0.07,-0.05,0.04,7.5
2.67,4.30,8.66,0.00,0.01,0.03,7.6
2.62,4.40,8.22,0.07,0.07,-0.01,7.7
2.75,4.41,8.10,-0.01,0.04,-0.01,7.8
2.83,4.29,8.37,-0.07,0.05,-0.01,7.9
2.61,4.23,8.14,-0.06,-0.06,-0.03,8
2.64,4.13,8.84,-0.08,-0.08,-0.02,8.1
2.75,4.20,7.94,-0.04,0.00,0.00,8.2
2.65,4.17,8.65,-0.13,0.04,-0.05,8.3
2.51,4.06,8.63,-0.01,0.01,-0.06,8.4
2.68,4.13,8.56,-0.04,0.02,-0.04,8.5
2.78,4.00,8.73,-0.07,0.01,-0.04,8.6
2.72,4.00,9.16,-0.05,-0.05,-0.04,8.7
2.67,4.11,8.31,0.05,-0.14,-0.04,8.8
2.36,4.20,7.64,0.07,0.01,-0.05,8.9
2.52,4.23,8.46,-0.11,-0.03,-0.04,9
3.14,4.80,8.06,-0.11,-0.04,-0.06,9.1
1.79,6.17,1.91,-0.12,0.09,-0.13,9.2
0.17,-0.22,-0.07,-1.95,1.02,0.52,9.3
0.23,-0.12,0.06,-3.33,1.20,0.20,9.4
0.23,-0.05,0.22,-3.06,1.07,-0.04,9.5
0.27,0.04,0.46,-2.81,0.98,-0.18,9.6
-0.96,-1.40,3.30,-2.23,0.69,-0.32,9.7
2.32,-4.52,11.24,17.31,-1.62,4.49,9.8
-1.96,-2.09,13.77,-1.10,4.80,-0.06,9.9
-3.32,4.05,23.94,7.16,-0.05,1.30,10
-1.12,0.50,9.71,-0.76,-0.46,0.08,10.1
-0.40,0.16,9.24,-0.04,0.36,0.01,10.2
-0.74,0.11,9.46,0.00,0.00,0.00,10.3
-0.42,0.08,9.75,0.02,-0.10,-0.01,10.4
-0.40,0.27,9.59,0.03,-0.18,-0.01,10.5
0.20,0.37,9.79,0.06,-0.21,0.00,10.6
-0.13,0.48,9.36,-0.03,0.11,0.01,10.7
0.84,1.20,11.37,-0.03,0.22,0.01,10.8
-1.18,0.32,10.26,-0.10,1.57,0.01,10.9
-2.59,-0.07,9.40,-0.05,1.00,0.01,11
-2.76,-0.42,9.75,-0.08,0.56,0.03,11.1
-2.45,0.42,8.93,0.06,-0.21,-0.04,11.2
-2.78,-0.33,9.50,0.07,-0.41,0.03,11.3
-3.69,-0.22,8.49,-0.09,0.40,-0.02,11.4
-2.55,0.12,9.14,0.13,-1.00,0.01,11.5
-2.25,0.49,8.78,0.03,-0.21,0.00,11.6
-1.52,0.15,9.37,0.10,-0.95,0.01,11.7
-0.86,0.36,9.37,0.08,-0.43,0.02,11.8
-0.68,0.15,9.50,0.07,-0.50,0.01,11.9
-0.58,0.37,9.44,0.07,-0.16,0.02,12
-0.61,0.54,9.39,0.05,-0.09,0.02,12.1
-0.69,0.76,9.16,0.04,0.15,0.04,12.2
-0.90,0.57,9.29,0.05,0.06,0.04,12.3
-1.04,0.56,9.27,0.02,0.02,0.04,12.4
-0.71,0.79,9.81,0.01,0.10,0.00,12.5
-0.39,0.72,9.50,-0.01,0.00,0.00,12.6
-0.61,0.44,9.59,-0.01,-0.11,0.00,12.7
-1.00,0.46,9.04,0.00,0.04,0.00,12.8
-1.11,0.51,8.78,0.01,0.00,0.01,12.9
-0.62,0.63,9.42,0.00,-0.17,-0.01,13
-0.51,0.73,9.42,0.01,-0.14,0.00,13.1
-0.42,0.72,9.45,0.03,-0.13,0.00,13.2
-0.35,0.72,9.48,0.02,-0.11,0.00,13.3
-0.45,0.70,9.73,0.02,-0.14,0.00,13.4
-0.07,0.97,9.40,0.05,-0.09,-0.06,13.5
-0.20,1.05,9.63,0.04,-0.07,-0.02,13.6
-0.34,0.96,9.56,0.02,0.05,0.00,13.7
-0.39,0.75,9.36,0.03,0.02,0.00,13.8
-0.36,0.69,9.42,0.01,0.00,0.00,13.9
0.01,0.96,9.39,-0.01,0.00,-0.01,14
-0.23,1.01,9.41,-0.01,-0.08,-0.01,14.1
-0.31,0.93,9.52,0.00,-0.06,-0.04,14.2
0.10,1.04,9.60,0.00,-0.01,-0.02,14.3
0.23,0.60,9.54,-0.01,-0.04,-0.03,14.4
0.44,0.91,9.64,-0.01,0.01,-0.01,14.5
-0.27,0.86,9.38,0.01,0.07,0.01,14.6
-0.31,0.78,9.21,0.01,0.00,0.00,14.7
-0.28,0.61,9.44,0.01,-0.02,0.00,14.8
-0.01,0.72,9.49,0.00,0.03,0.00,14.9
-0.06,0.75,9.49,0.00,0.01,0.00,15
-0.16,0.95,9.65,0.01,-0.01,0.00,15.1
-0.40,0.87,9.45,0.01,0.00,0.00,15.2
-0.14,0.85,9.47,0.01,0.01,0.00,15.3
0.01,0.76,9.55,0.01,-0.02,0.00,15.4
0.01,0.73,9.45,0.00,-0.04,0.00,15.5
-0.22,0.83,9.33,-0.01,-0.01,-0.01,15.6
-0.42,0.83,9.42,0.04,-0.01,0.00,15.7
-0.12,0.79,9.44,0.02,0.02,0.00,15.8
-0.17,0.94,9.43,0.00,0.02,0.00,15.9
-0.14,0.84,9.44,0.01,-0.01,0.00,16
-0.12,0.60,9.54,0.01,0.00,0.00,16.1
-0.01,0.73,9.44,0.00,0.02,0.00,16.2
0.22,0.88,9.49,0.00,0.00,0.00,16.3
0.12,0.78,9.56,0.00,0.00,0.00,16.4
0.02,0.57,9.47,0.01,0.01,0.00,16.5
0.41,0.66,9.51,0.01,0.01,0.00,16.6
0.31,0.92,9.75,-0.02,0.00,0.00,16.7
0.10,1.03,9.49,-0.01,-0.01,0.00,16.8
-0.27,0.84,9.40,-0.01,-0.02,-0.01,16.9
-0.11,0.76,9.54,0.00,0.01,0.00,17
0.22,0.78,9.48,0.00,0.00,0.00,17.1
0.26,0.92,9.70,0.00,-0.03,0.00,17.2
0.20,0.91,9.56,0.00,-0.03,0.00,17.3
0.03,0.84,9.33,-0.04,0.09,0.01,17.4
0.13,0.35,9.34,-0.17,0.08,0.00,17.5
-0.20,-0.73,9.25,-0.79,-0.06,-0.09,17.6
-1.87,-3.99,9.85,-2.33,0.46,-0.05,17.7
-1.03,-5.28,11.86,-2.44,0.59,0.68,17.8
-0.78,-4.70,8.67,0.46,-0.77,0.56,17.9
-2.01,-3.79,9.18,0.42,-0.45,0.30,18
-1.54,-2.92,9.13,0.52,-0.26,0.28,18.1
-0.97,-2.33,9.21,0.58,0.11,0.23,18.2
-1.42,-2.30,10.04,0.40,0.17,0.16,18.3
-1.39,-1.86,10.48,0.54,0.06,0.21,18.4
-0.91,-0.72,9.11,0.56,0.09,0.15,18.5
-1.36,-0.11,10.16,0.13,-0.27,0.25,18.6
-1.16,0.28,7.70,0.71,-0.64,0.30,18.7
-0.20,1.01,8.78,0.22,-0.48,0.34,18.8
0.93,0.86,9.69,0.44,-0.58,0.30,18.9
0.83,1.38,7.98,0.84,-0.31,0.24,19
1.08,1.50,10.40,0.35,-0.55,0.29,19.1
2.04,2.08,9.06,0.80,-0.62,0.01,19.2
1.79,2.87,7.54,0.54,-0.84,-0.17,19.3
2.35,2.58,8.84,0.37,-0.31,-0.14,19.4
3.06,3.45,8.17,0.21,-0.52,-0.20,19.5
2.65,4.07,7.94,0.20,-0.47,-0.13,19.6
3.65,3.48,8.92,-0.05,-0.25,0.06,19.7
3.39,3.35,6.76,0.23,-0.37,-0.21,19.8
3.18,3.88,7.15,-0.01,-0.11,-0.27,19.9
2.50,4.15,6.70,-0.02,-0.09,-0.17,20
2.55,3.84,7.37,-0.27,-0.53,0.06,20.1
4.49,3.64,8.39,0.08,-0.71,0.22,20.2
5.51,3.86,6.50,0.28,-1.08,0.04,20.3
6.13,4.35,7.86,0.05,-0.18,0.00,20.4
5.71,4.13,7.96,0.12,0.13,-0.10,20.5
4.47,4.44,6.87,0.16,-0.29,-0.18,20.6
5.90,5.00,6.90,0.45,-0.37,-0.01,20.7
6.19,4.75,6.15,0.33,-0.45,0.03,20.8
6.36,5.14,5.29,0.24,-0.47,-0.06,20.9
6.48,5.58,5.44,0.21,-0.36,0.00,21
7.03,5.37,5.31,0.08,-0.15,0.07,21.1
6.51,5.13,6.40,-0.12,-0.01,-0.06,21.2
6.45,5.33,4.79,0.14,0.02,-0.12,21.3
6.41,5.47,5.09,-0.09,-0.04,-0.07,21.4
6.48,5.27,5.86,-0.15,-0.15,-0.03,21.5
6.69,5.54,4.98,0.07,-0.05,-0.07,21.6
6.48,5.53,6.02,-0.06,0.02,-0.04,21.7
6.22,5.32,5.51,-0.15,0.02,-0.07,21.8
6.28,5.44,5.49,0.01,-0.07,-0.06,21.9
6.36,5.85,4.48,0.12,0.06,-0.09,22
6.67,5.69,5.31,-0.13,0.21,-0.04,22.1
6.73,5.26,6.59,-0.35,0.09,-0.04,22.2
6.38,5.43,4.98,0.19,0.37,-0.14,22.3
5.61,5.61,6.63,-0.13,0.30,-0.17,22.4
5.57,5.48,5.88,-0.03,-0.10,-0.09,22.5
5.73,5.49,5.52,0.08,0.05,-0.09,22.6
5.59,5.69,5.95,-0.09,0.03,-0.06,22.7
5.74,5.50,6.76,-0.17,0.01,-0.02,22.8
5.41,5.60,6.17,-0.01,-0.08,-0.09,22.9
5.46,5.69,5.33,0.06,0.04,-0.07,23
5.34,5.61,4.17,-0.12,-0.08,-0.11,23.1
1.96,4.08,0.54,-0.10,0.22,-0.15,23.2
0.34,0.32,-0.14,-0.60,2.29,1.19,23.3
0.29,0.26,0.00,-0.85,2.23,0.96,23.4
0.27,0.22,0.22,-1.32,2.25,0.78,23.5
0.27,0.21,0.46,-1.57,2.03,0.63,23.6
0.26,0.22,0.95,-1.71,1.26,0.41,23.7
0.54,-4.05,-5.82,2.12,-2.23,1.05,23.8
0.25,-0.93,-0.29,-5.34,0.26,-0.86,23.9
0.22,-0.85,-0.34,-4.97,0.47,-0.91,24
1.66,-33.03,5.13,-4.82,0.99,-1.15,24.1
0.50,-0.48,-0.28,-3.52,-0.23,1.12,24.2
0.40,-0.62,-1.10,-3.86,-0.67,1.07,24.3
-1.14,20.31,1.78,-13.64,4.70,0.69,24.4
1.64,0.20,-4.79,3.24,2.28,0.44,24.5
0.32,1.14,-8.57,0.06,0.71,-0.02,24.6
-0.13,0.44,-11.17,0.15,-0.11,-0.01,24.7
0.07,0.17,-10.11,0.01,-0.04,0.00,24.8
0.06,0.68,-10.13,0.00,-0.10,-0.01,24.9
-0.17,0.57,-10.01,-0.01,-0.23,-0.02,25
0.31,0.51,-10.38,0.01,0.06,0.00,25.1
-0.35,1.17,-9.78,0.00,-0.03,-0.01,25.2
-0.25,0.96,-10.26,0.01,-0.14,-0.01,25.3
-0.07,0.82,-9.77,0.03,-0.03,-0.01,25.4
-0.04,0.44,-9.52,0.00,0.10,0.00,25.5
0.40,0.87,-10.73,-0.03,0.62,0.04,25.6
0.25,0.73,-10.12,0.00,-0.01,-0.01,25.7
0.23,1.00,-10.01,0.03,-0.09,-0.01,25.8
0.21,0.71,-9.90,-0.01,0.02,0.00,25.9
0.51,0.77,-10.16,0.00,0.00,0.00,26
0.27,0.94,-9.75,0.00,0.03,0.01,26.1
0.04,0.78,-10.03,0.00,0.03,-0.01,26.2
0.40,0.70,-9.77,0.00,0.01,0.00,26.3
-0.02,0.92,-10.00,0.07,-0.54,-0.07,26.4
3.00,0.40,-9.85,0.06,0.66,-0.02,26.5
1.23,0.85,-10.87,-0.01,0.54,0.08,26.6
1.11,1.47,-9.64,-0.07,0.65,-0.10,26.7
2.32,1.76,-10.79,-0.06,0.71,-0.09,26.8
3.05,1.04,-9.90,-0.36,0.75,0.09,26.9
4.01,2.14,-10.38,-0.43,0.28,0.14,27
3.72,3.16,-9.40,-0.79,0.42,0.20,27.1
3.28,3.55,-8.43,-0.79,0.60,-0.06,27.2
5.71,4.91,-9.78,-1.03,0.29,0.03,27.3
5.10,5.53,-8.16,-1.15,1.18,-0.52,27.4
4.96,5.52,-5.63,-1.61,1.34,-0.67,27.5
5.96,7.05,-4.95,-1.30,0.83,-0.63,27.6
5.40,9.02,-2.38,-1.89,2.22,-2.14,27.7
3.06,8.23,-0.58,-2.26,2.31,-2.54,27.8
-1.57,6.53,1.65,-1.25,1.39,-3.39,27.9
-5.99,7.52,0.51,0.26,-0.38,-2.59,28
-4.83,6.73,2.16,-2.69,-0.22,-2.19,28.1
-6.18,6.49,9.17,-2.42,-0.37,-1.27,28.2
-6.21,4.42,6.54,-1.14,-0.21,-0.50,28.3
-5.51,5.02,6.97,-0.05,-0.85,-0.41,28.4
-4.98,3.59,7.22,-0.59,-0.10,-0.44,28.5
-4.24,4.45,6.79,0.33,-0.75,-0.23,28.6
-5.19,-0.01,3.77,-0.34,-0.86,-1.46,28.7
-2.63,2.41,12.14,-1.82,-1.60,-0.84,28.8
-3.55,2.67,10.21,1.05,-1.46,-0.24,28.9
-2.45,2.42,8.95,0.36,-0.15,-0.10,29
-2.19,2.60,8.76,-0.16,-0.11,-0.05,29.1
-2.43,2.39,8.82,-0.04,0.12,0.01,29.2
-2.42,2.07,9.45,0.02,-0.03,0.09,29.3
-1.87,2.10,8.18,-0.15,-0.09,-0.20,29.4
-1.91,1.45,9.03,-0.40,-0.04,-0.71,29.5
-2.36,0.98,9.11,-0.54,-0.27,-0.79,29.6
-1.85,1.05,9.49,0.23,-0.06,-0.25,29.7
-2.36,1.13,9.21,0.19,0.02,0.04,29.8
-2.37,1.36,8.87,0.22,0.10,0.05,29.9
-1.96,1.74,8.87,0.15,0.11,0.07,30
-2.37,1.80,9.49,0.17,0.08,0.02,30.1
-2.46,1.65,8.93,-0.03,-0.02,-0.01,30.2
-2.31,1.59,9.01,-0.04,-0.02,-0.07,30.3
-2.49,1.69,8.79,0.01,0.11,0.02,30.4
-2.39,1.87,8.95,0.04,0.07,0.01,30.5
-2.26,1.83,9.04,0.05,0.04,0.00,30.6
-2.40,1.62,9.25,-0.01,0.03,0.01,30.7
-2.56,1.76,9.00,0.01,0.00,0.00,30.8
-2.46,1.77,8.96,-0.01,-0.01,0.00,30.9
-2.33,1.78,9.09,0.00,-0.02,0.00,31
-2.40,1.79,8.91,0.00,-0.01,0.00,31.1
-2.35,1.91,8.98,0.01,-0.01,0.00,31.2
-2.42,1.86,9.02,-0.01,-0.01,0.00,31.3
-2.39,1.64,9.07,-0.01,-0.01,0.00,31.4
-2.28,1.83,9.11,0.02,0.03,0.00,31.5
-2.33,1.94,9.03,0.03,0.02,0.00,31.6
-2.41,1.73,9.07,0.03,0.01,0.00,31.7
-2.49,1.80,9.15,0.02,0.01,0.00,31.8
-2.44,1.79,9.06,0.00,0.01,0.00,31.9
-2.35,1.89,9.03,0.00,0.01,0.00,32
-2.33,1.91,9.04,0.01,0.00,0.00,32.1
-2.48,1.85,9.04,0.03,0.03,0.01,32.2
-2.54,1.88,8.86,0.01,-0.01,0.00,32.3
-2.26,1.89,9.05,0.03,-0.02,0.01,32.4
-2.41,1.91,9.00,0.03,0.01,0.00,32.5
-2.38,2.10,9.00,0.03,0.00,0.00,32.6
-2.45,2.03,9.01,0.02,-0.02,0.01,32.7
-2.38,1.92,8.86,0.01,0.02,0.01,32.8
-2.33,2.04,8.99,0.05,0.00,0.02,32.9
-2.41,2.11,9.06,0.09,-0.05,0.01,33
-2.52,2.09,8.85,0.03,-0.04,0.00,33.1
-2.25,2.07,8.88,-0.05,-0.01,0.06,33.2
-3.03,1.61,9.54,0.00,-0.10,0.26,33.3
-1.84,1.15,9.77,-0.55,-0.04,-0.11,33.4
-2.11,-0.40,13.08,-1.24,-0.14,-0.21,33.5
-1.82,0.82,10.90,0.10,0.17,0.01,33.6
-1.04,1.50,13.16,-0.36,-0.40,0.12,33.7
-1.19,1.85,14.42,0.33,-0.43,0.01,33.8
-0.18,2.05,10.95,0.69,-0.72,0.35,33.9
-0.90,2.19,9.24,0.92,-0.59,0.47,34
1.30,2.03,7.97,0.57,-0.22,0.50,34.1
-0.44,2.15,7.69,0.23,-0.52,0.28,34.2
0.53,1.85,4.90,-0.10,-0.22,0.28,34.3
2.77,2.53,7.02,-0.17,-0.56,0.17,34.4
4.07,2.93,7.33,1.00,-1.42,0.07,34.5
4.18,3.64,6.89,0.75,-0.73,-0.28,34.6
3.68,4.39,4.75,0.74,-0.09,-0.39,34.7
4.30,4.78,7.72,-0.14,-0.20,-0.02,34.8
3.98,4.64,7.82,-0.12,-0.02,-0.06,34.9
3.80,4.74,7.07,0.14,-0.02,-0.06,35
4.94,4.47,6.77,-0.19,-0.05,-0.02,35.1
4.77,4.41,8.03,-0.25,-0.23,-0.04,35.2
3.59,5.16,5.87,0.47,0.12,-0.22,35.3
3.98,5.39,5.82,0.21,0.10,-0.02,35.4
4.91,4.87,7.19,-0.19,0.09,0.16,35.5
4.64,4.58,7.57,0.02,-0.15,0.20,35.6
4.60,4.51,6.77,0.03,-0.28,-0.02,35.7
3.39,4.42,4.37,-0.12,-0.03,-0.26,35.8
0.09,-0.28,-0.79,-1.36,0.35,-0.49,35.9
0.26,-0.11,-0.07,-3.00,0.09,0.07,36
0.26,-0.12,0.15,-2.99,0.40,-0.04,36.1
0.25,0.01,0.56,-2.97,0.67,-0.12,36.2
0.25,0.12,0.73,-2.54,1.18,-0.30,36.3
11.43,-21.68,25.87,-2.12,1.69,-0.47,36.4
0.85,-7.56,-0.02,-15.76,-3.03,0.67,36.5
1.89,-7.35,-0.23,-11.42,-3.03,2.24,36.6
4.90,0.98,7.90,-8.74,-8.42,6.68,36.7
11.06,-1.95,-24.14,3.74,12.62,-5.59,36.8
2.30,0.79,-1.13,-4.19,-10.23,-1.04,36.9
-2.28,1.03,-12.19,1.31,4.75,0.20,37
-0.48,0.98,-10.33,0.02,-0.08,0.00,37.1
-0.69,1.00,-10.02,0.02,-0.09,-0.04,37.2
-1.23,0.81,-9.75,0.05,-0.46,-0.06,37.3
-1.51,0.81,-9.36,0.02,-0.22,-0.08,37.4
-0.70,0.79,-9.15,0.03,0.52,0.02,37.5
-0.25,0.18,-9.50,-0.05,1.64,0.09,37.6
0.37,0.56,-10.18,0.01,-0.07,0.00,37.7
0.37,0.60,-10.37,0.01,0.03,0.00,37.8
0.22,0.64,-10.27,-0.01,-0.02,-0.01,37.9
-0.31,0.66,-10.06,0.01,0.00,0.00,38
-0.01,0.61,-10.10,0.00,0.01,0.01,38.1
0.59,0.72,-10.22,-0.01,0.00,0.01,38.2
0.50,0.90,-9.75,0.00,-0.01,-0.01,38.3
-0.27,0.62,-10.28,0.00,0.00,-0.01,38.4
-0.17,0.52,-10.22,-0.01,0.00,0.01,38.5
0.23,0.69,-10.09,0.00,0.01,0.01,38.6
0.63,0.68,-10.37,0.00,-0.01,0.00,38.7
0.37,0.72,-9.81,0.00,0.00,0.00,38.8
0.07,0.68,-10.35,0.00,0.00,0.00,38.9
0.03,0.72,-9.94,0.00,0.00,0.00,39
0.13,0.51,-10.40,0.00,0.00,0.00,39.1
0.79,0.55,-10.27,0.00,0.00,0.00,39.2
0.72,0.70,-9.84,0.00,-0.01,0.00,39.3
0.14,0.67,-10.13,0.00,-0.01,0.00,39.4
-0.08,0.73,-9.90,0.01,0.01,0.00,39.5
-0.21,0.67,-10.19,0.00,0.01,0.00,39.6
0.31,0.62,-10.41,0.00,0.01,0.00,39.7
0.54,0.69,-9.98,0.00,0.00,0.00,39.8
0.46,0.82,-10.12,0.00,-0.01,0.00,39.9
0.21,0.73,-10.05,0.01,0.00,0.00,40
0.17,0.54,-10.12,0.00,0.00,0.00,40.1
0.16,0.64,-10.20,0.01,0.00,0.00,40.2
0.07,0.75,-9.93,0.00,0.00,0.00,40.3
0.34,0.65,-10.31,0.00,0.00,0.00,40.4
0.14,0.68,-9.98,0.00,0.00,0.00,40.5
-0.46,0.76,-9.84,-0.03,-0.15,0.00,40.6
-0.35,0.88,-10.85,-0.06,-0.26,-0.05,40.7
2.95,-3.00,-9.55,-0.09,0.21,-1.05,40.8
-2.66,3.37,-7.47,-0.15,-0.47,-0.88,40.9
0.29,2.55,-8.18,0.09,0.25,-1.29,41
-0.20,-2.18,-11.31,-0.04,-0.50,-1.48,41.1
-1.02,-0.06,-10.22,0.83,-0.30,-3.08,41.2
2.55,0.87,-13.59,0.69,-0.17,-1.24,41.3
-0.61,-0.66,-15.25,-1.29,0.87,-0.82,41.4
-0.79,0.68,-10.12,-2.82,0.48,-1.07,41.5
-2.98,1.71,-4.64,-4.97,-1.49,-3.48,41.6
-3.03,6.44,-2.96,-3.19,-2.04,-2.57,41.7
-8.51,4.78,0.77,-2.84,-0.87,-3.36,41.8
-8.61,5.66,2.26,-2.54,-0.58,-1.67,41.9
-11.47,4.88,0.77,-1.62,-0.45,-1.99,42
-10.46,7.33,4.67,-1.33,-0.60,-0.18,42.1
-9.08,5.21,2.28,-0.19,-0.88,0.52,42.2
-8.58,2.42,6.25,-1.95,-1.01,0.78,42.3
-5.93,4.48,4.84,0.25,-1.25,1.56,42.4
-7.42,3.87,6.87,-0.37,-1.16,0.54,42.5
-4.18,3.04,5.40,-0.13,-1.56,0.48,42.6
-4.59,4.94,5.86,0.18,-1.62,0.36,42.7
-2.17,4.26,7.10,-0.79,-1.49,0.30,42.8
0.22,4.78,6.52,0.50,-1.46,0.91,42.9
2.56,5.39,8.29,0.52,-0.67,0.49,43
0.25,4.64,7.34,0.06,-0.61,0.37,43.1
2.34,4.04,9.35,-1.77,-0.69,0.12,43.2
2.10,3.56,12.63,-1.12,-1.02,-0.19,43.3
3.48,3.72,8.41,0.67,-1.42,-0.39,43.4
3.92,4.16,7.63,0.17,-0.43,-0.54,43.5
4.45,4.12,6.92,0.27,-0.79,-0.49,43.6
4.26,4.04,5.41,-0.09,-0.02,-0.48,43.7
3.62,4.21,8.36,-0.29,-0.52,-0.66,43.8
4.97,5.46,5.81,0.31,-0.03,-0.43,43.9
3.40,4.41,6.64,-0.22,0.02,-0.30,44
3.44,5.17,6.39,-0.48,-0.11,-0.30,44.1
3.89,5.53,5.12,0.11,0.10,-0.15,44.2
5.55,5.25,5.67,-0.01,-0.26,0.00,44.3
5.75,4.44,8.67,-0.33,-0.54,-0.05,44.4
4.55,4.81,7.04,0.09,0.14,-0.14,44.5
4.07,4.59,8.58,-0.36,0.25,-0.15,44.6
4.04,4.31,7.55,-0.42,0.10,-0.15,44.7
4.07,3.61,0.17,-0.44,0.01,0.22,44.8
0.30,0.26,-0.16,0.19,-1.01,-0.87,44.9
0.30,0.27,0.02,-0.06,-0.94,-0.84,45
0.29,0.27,0.25,-0.25,-0.65,-0.83,45.1
0.27,0.28,0.64,-0.52,0.17,-0.80,45.2
0.29,0.27,0.94,-0.72,0.97,-0.79,45.3
2.37,1.17,-7.57,-9.72,5.04,-0.32,45.4
0.05,-2.56,-0.31,9.82,-1.75,-0.37,45.5
0.02,-2.34,-0.27,7.68,-2.16,-1.31,45.6
0.04,-1.97,-0.43,7.23,-3.15,-2.24,45.7
-5.49,-6.00,-37.52,5.50,-4.66,-4.23,45.8
1.00,0.31,-3.25,-0.84,-3.60,1.39,45.9
8.34,1.92,-33.53,-0.14,4.87,0.20,46
0.53,0.79,-11.05,-0.01,-0.49,-0.06,46.1
0.08,0.44,-10.11,-0.01,-0.02,0.00,46.2
0.24,0.19,-9.80,-0.01,-0.01,0.01,46.3
0.46,0.09,-10.57,0.00,-0.01,0.00,46.4
0.43,0.57,-10.10,-0.01,-0.01,0.00,46.5
0.13,0.52,-10.00,0.01,0.00,0.00,46.6
0.12,0.74,-10.44,0.03,-0.04,-0.01,46.7
0.10,0.64,-9.87,0.05,0.00,0.00,46.8
0.33,0.43,-10.19,0.00,0.01,0.01,46.9
0.22,0.59,-10.06,0.01,-0.02,-0.01,47
0.04,0.57,-10.10,-0.01,0.00,-0.01,47.1
0.25,0.24,-10.20,0.01,0.00,0.01,47.2
0.04,0.40,-10.14,0.01,-0.01,0.00,47.3
0.13,0.44,-10.24,0.00,0.00,0.01,47.4
0.17,0.45,-10.14,0.00,0.00,0.00,47.5
0.18,0.43,-10.12,0.00,0.00,0.00,47.6
0.30,0.44,-10.08,0.00,0.00,0.00,47.7
0.30,0.44,-10.16,0.00,0.00,0.00,47.8
0.39,0.31,-10.20,0.00,0.00,0.00,47.9
0.41,0.25,-10.24,0.00,0.00,0.00,48
0.07,0.61,-9.94,0.00,0.00,0.00,48.1
0.05,0.61,-10.13,0.00,0.00,0.00,48.2
0.07,0.53,-10.08,0.00,0.00,0.00,48.3
0.13,0.54,-10.14,0.00,0.00,0.00,48.4
0.27,0.32,-10.20,0.00,0.00,0.00,48.5
0.25,0.46,-10.13,0.00,0.00,0.00,48.6
0.40,0.38,-10.10,0.00,0.00,0.00,48.7
0.28,0.27,-10.25,0.00,0.00,0.00,48.8
0.20,0.43,-10.13,0.00,0.01,0.00,48.9
0.13,0.49,-10.18,0.00,-0.02,0.00,49
-0.02,0.51,-9.98,0.00,0.00,0.00,49.1
0.08,0.49,-10.17,-0.01,-0.03,0.00,49.2
0.34,0.26,-10.29,-0.01,-0.02,0.00,49.3
0.56,0.13,-10.07,0.01,0.08,-0.01,49.4
0.30,0.35,-10.18,0.01,0.11,0.00,49.5
0.35,0.12,-9.96,-0.07,-0.04,-0.14,49.6
1.09,-0.05,-10.25,0.02,-0.02,-0.88,49.7
1.24,0.50,-10.33,0.00,0.02,-1.06,49.8
-0.63,0.15,-10.18,0.16,0.07,-2.12,49.9
-0.45,-1.32,-11.72,0.43,-0.62,-5.07,50
2.20,1.60,-13.51,0.31,-0.26,-6.19,50.1
-1.26,3.04,-11.36,-3.86,0.54,-2.92,50.2
-3.46,4.36,-6.91,-4.53,0.20,-2.99,50.3
-4.11,3.67,-3.41,-3.65,-1.07,-3.29,50.4
-5.82,4.02,0.29,-2.97,-1.14,-3.76,50.5
-10.93,5.59,3.83,-2.14,-0.03,-2.65,50.6
-13.53,5.86,6.33,-1.23,-0.06,-1.79,50.7
-10.66,4.74,2.99,-1.05,-0.63,-1.68,50.8
-8.98,3.59,5.32,-0.60,-1.24,0.19,50.9
-7.85,4.01,4.82,0.89,-1.31,1.18,51
-7.35,3.14,4.64,-0.39,-1.14,0.72,51.1
-6.68,3.14,5.26,-0.49,-1.12,1.28,51.2
-4.64,2.56,6.10,0.12,-1.12,0.77,51.3
-4.34,4.98,6.14,0.22,-1.49,0.44,51.4
-2.54,4.46,7.37,-0.55,-2.15,0.34,51.5
-0.70,3.53,8.47,-0.82,-1.85,0.31,51.6
0.82,3.22,7.63,0.03,-1.77,0.50,51.7
2.77,3.61,5.82,0.50,-1.40,0.00,51.8
3.42,4.05,7.08,0.06,-0.83,0.16,51.9
2.12,4.58,8.50,0.01,-0.08,-0.13,52
3.18,3.73,9.05,-0.65,0.08,-0.08,52.1
2.95,4.15,9.09,-0.17,-0.23,0.03,52.2
3.52,4.06,7.55,0.32,-0.40,0.14,52.3
3.50,4.92,8.73,0.14,-0.06,-0.10,52.4
4.84,4.25,7.56,0.10,-0.21,0.36,52.5
4.28,3.58,8.09,0.02,0.00,0.20,52.6
4.35,3.12,7.31,-0.53,0.18,-0.09,52.7
5.32,2.42,10.48,-1.09,-0.56,-0.17,52.8
5.54,2.85,9.73,-0.26,0.09,-0.38,52.9
4.42,2.83,10.63,-0.26,-0.77,-0.44,53
4.05,3.34,7.78,0.53,-0.49,-0.39,53.1
4.91,3.63,7.79,0.05,-0.29,-0.35,53.2
4.71,4.12,8.51,0.16,0.17,-0.49,53.3
4.19,3.65,8.77,0.03,-0.39,-0.33,53.4
4.01,4.10,6.98,0.33,-0.42,-0.37,53.5
4.18,4.27,7.63,0.01,0.15,-0.19,53.6
3.88,4.37,6.68,0.17,-0.31,-0.22,53.7
4.17,4.40,6.46,0.05,-0.17,-0.18,53.8
3.98,4.24,6.47,-0.10,-0.24,-0.20,53.9
4.14,4.47,5.96,-0.01,-0.25,-0.15,54
4.22,4.84,5.32,0.05,-0.06,-0.17,54.1
4.61,5.21,6.47,-0.27,-0.05,-0.20,54.2
5.25,5.18,5.66,0.08,0.11,-0.09,54.3
5.41,4.93,6.99,-0.74,0.06,-0.15,54.4
2.68,4.23,0.78,0.06,0.12,-0.41,54.5
0.20,0.18,-0.06,-0.68,1.07,0.17,54.6
0.28,0.31,0.04,-0.86,0.76,-0.06,54.7
0.27,0.29,0.29,-0.94,0.84,-0.09,54.8
0.29,0.27,0.52,-1.00,0.90,-0.13,54.9
0.30,0.30,1.08,-1.00,0.84,-0.19,55
1.45,1.21,-4.24,-0.58,0.61,-0.17,55.1
0.33,0.31,-0.55,-0.54,0.84,0.10,55.2
0.30,0.32,-0.31,-0.52,1.09,0.02,55.3
0.29,0.33,-0.20,-0.54,1.09,-0.01,55.4
0.29,0.35,0.02,-0.50,1.28,-0.06,55.5
-2.47,-1.60,-3.46,4.25,-9.44,1.10,55.6
-4.11,-4.81,17.49,-3.15,0.55,-0.45,55.7
-3.91,2.11,26.28,7.16,-5.75,0.47,55.8
-0.98,0.51,16.81,1.25,-1.07,0.18,55.9
0.14,-0.06,12.99,-0.04,-0.82,-0.02,56
0.27,0.06,8.53,0.00,-0.03,0.00,56.1
0.31,0.18,9.76,0.01,0.01,0.00,56.2
0.29,0.06,9.39,0.00,0.00,0.00,56.3
0.18,-0.11,9.64,0.00,0.00,0.00,56.4
0.37,-0.05,9.29,0.00,0.00,0.00,56.5
0.31,-0.13,9.67,0.01,0.00,0.00,56.6
0.16,0.19,9.31,0.00,0.01,0.01,56.7
0.20,0.14,9.52,0.00,0.00,0.00,56.8
-0.07,-0.02,9.39,0.00,0.00,0.00,56.9
0.44,0.02,9.44,0.00,0.01,0.00,57
0.32,0.18,9.43,0.01,0.00,0.00,57.1
0.31,0.11,9.88,0.00,0.01,0.00,57.2
0.22,0.09,9.84,0.00,0.00,0.00,57.3
0.41,0.07,9.32,0.01,0.02,0.00,57.4
0.35,0.12,9.56,-0.01,-0.02,0.00,57.5
0.31,-0.01,9.27,0.00,-0.01,0.00,57.6
0.50,0.17,9.41,0.00,-0.01,0.00,57.7
-0.14,-0.24,9.59,0.00,-0.01,0.00,57.8
0.49,0.04,9.63,0.01,0.02,0.00,57.9
0.46,0.09,9.39,0.00,0.00,0.00,58
0.29,0.13,9.59,0.00,0.00,0.00,58.1
0.31,0.06,9.44,0.00,0.00,0.00,58.2
0.49,0.29,9.37,0.00,0.00,0.00,58.3
0.36,0.00,9.54,0.00,0.00,0.00,58.4
0.26,-0.05,9.58,0.00,0.00,0.00,58.5
0.26,-0.01,9.54,0.00,0.00,0.00,58.6
0.27,0.01,9.51,0.00,0.00,0.00,58.7
0.34,0.07,9.47,0.00,0.00,0.00,58.8
0.31,0.05,9.62,0.00,0.00,0.00,58.9
0.33,0.09,9.53,0.00,0.00,0.00,59
0.37,0.15,9.44,0.00,0.00,0.00,59.1
0.27,-0.08,9.70,0.00,0.01,0.00,59.2
0.18,-0.11,9.60,0.00,0.01,0.00,59.3
0.36,0.24,9.44,0.00,0.01,0.00,59.4
0.23,-0.09,9.44,0.00,0.00,0.00,59.5
0.40,0.20,9.49,0.02,0.00,0.00,59.6
0.54,0.30,9.37,-0.01,-0.02,0.00,59.7
0.23,0.17,9.62,0.00,0.03,-0.01,59.8
0.21,0.25,9.42,0.01,0.01,0.00,59.9
0.01,0.08,9.63,0.03,0.07,0.02,60
0.08,0.06,9.57,0.04,0.11,0.06,60.1
0.18,0.21,9.41,0.05,0.11,0.06,60.2
-0.16,0.35,9.56,0.01,0.03,0.02,60.3
-0.25,-0.05,9.67,0.01,0.03,0.02,60.4
-0.05,0.45,9.30,0.05,0.09,0.07,60.5
-0.04,0.21,9.24,0.01,0.06,0.03,60.6
-0.26,0.34,9.52,0.02,-0.01,0.03,60.7
-0.16,0.46,9.33,0.06,-0.03,0.02,60.8
1.14,0.33,9.49,0.08,-0.06,-0.06,60.9
-0.84,0.67,10.22,-0.29,-0.17,-0.50,61
-1.28,0.00,10.18,-1.00,-0.16,-0.85,61.1
-2.18,-3.91,11.44,-0.47,1.71,-0.21,61.2
-0.66,-3.79,12.01,-0.70,-0.54,0.47,61.3
-1.93,-2.85,9.34,0.56,-0.20,0.33,61.4
-3.11,-0.94,9.31,-0.18,-0.14,0.17,61.5
-1.01,0.09,10.80,0.40,0.92,-0.10,61.6
-2.48,-0.26,9.84,0.30,0.56,-0.01,61.7
-1.64,-0.21,11.91,-0.26,0.10,0.35,61.8
-1.71,-0.02,7.76,0.72,-0.40,0.87,61.9
-1.87,1.55,9.74,0.24,0.17,0.55,62
-1.99,1.62,10.85,0.52,-0.16,0.33,62.1
-1.50,1.72,9.51,0.81,-0.91,0.67,62.2
0.87,0.61,7.77,0.65,-1.20,0.75,62.3
1.54,2.19,6.10,0.98,-0.78,0.12,62.4
1.13,3.03,7.41,0.32,-0.84,0.27,62.5
1.97,3.09,8.98,0.14,-1.08,0.19,62.6
3.04,3.06,6.43,0.76,-0.16,-0.01,62.7
2.67,3.52,8.53,0.06,-0.53,-0.11,62.8
2.36,3.83,8.32,-0.15,-0.46,-0.21,62.9
4.71,5.00,6.54,0.18,-0.65,-0.18,63
3.56,4.10,8.15,0.25,-0.21,-0.42,63.1
3.44,4.45,7.18,-0.02,-0.37,-0.32,63.2
4.47,4.67,6.66,0.25,-0.05,-0.35,63.3
4.27,5.06,6.28,0.15,-0.25,-0.30,63.4
4.90,5.34,5.53,0.16,0.02,-0.06,63.5
4.57,4.67,7.47,-0.22,0.05,-0.06,63.6
4.28,4.26,7.42,-0.27,0.00,-0.19,63.7
4.40,5.31,6.54,0.10,-0.04,-0.36,63.8
3.86,5.98,6.06,-0.13,-0.15,-0.30,63.9
4.04,4.77,3.03,-0.21,-0.03,-0.28,64
0.38,0.03,-0.19,-0.99,0.00,-0.44,64.1
0.25,0.14,-0.01,-2.09,1.68,0.18,64.2
0.25,0.12,0.19,-2.17,1.54,0.01,64.3
0.26,0.17,0.45,-2.09,1.31,-0.22,64.4
0.25,0.22,0.72,-1.85,1.01,-0.33,64.5
-7.45,-8.33,10.77,-1.28,0.30,-0.40,64.6
0.55,-4.62,0.39,5.94,-4.12,0.28,64.7
0.40,-4.82,-0.21,-11.14,-0.31,0.31,64.8
0.72,-4.83,-0.32,-9.93,-1.22,1.00,64.9
1.17,-3.66,2.09,-9.33,-3.24,2.60,65
16.21,-11.18,-38.86,10.18,17.45,1.19,65.1
0.44,-0.37,-2.83,-0.71,11.17,-0.93,65.2
1.81,0.34,-4.06,1.04,-5.05,-0.04,65.3
0.45,0.39,-8.48,0.64,-0.34,0.03,65.4
0.35,0.64,-9.11,-0.03,-0.01,0.00,65.5
0.41,0.58,-10.36,0.01,0.00,0.00,65.6
0.03,0.87,-9.97,0.00,0.01,0.01,65.7
0.20,0.84,-10.04,0.01,0.00,0.00,65.8
0.09,0.55,-10.12,0.00,-0.01,-0.01,65.9
-0.05,0.68,-10.05,-0.01,0.01,0.00,66
-0.48,0.89,-10.14,0.00,0.02,-0.01,66.1
-0.06,0.24,-10.11,0.00,0.01,0.00,66.2
-0.12,0.62,-10.18,0.01,0.00,0.00,66.3
0.14,0.74,-10.11,0.00,0.01,0.00,66.4
-0.22,0.83,-10.12,0.01,0.00,0.00,66.5
0.11,0.65,-10.12,0.00,0.00,0.00,66.6
0.16,0.68,-10.14,0.00,0.01,0.00,66.7
0.04,0.70,-10.01,0.00,0.00,0.00,66.8
0.13,0.61,-10.29,0.00,0.00,0.00,66.9
0.00,0.60,-9.99,0.00,0.01,0.00,67
0.10,0.63,-10.28,0.00,0.00,0.00,67.1
0.11,0.67,-10.06,0.00,0.00,0.00,67.2
0.10,0.71,-10.10,0.00,0.00,0.00,67.3
0.17,0.63,-10.06,0.00,0.00,0.00,67.4
0.16,0.59,-10.11,0.00,0.00,0.00,67.5
0.13,0.67,-10.14,0.00,0.00,0.00,67.6
0.13,0.66,-10.10,0.00,0.00,0.00,67.7
0.06,0.65,-10.13,0.00,0.00,0.00,67.8
0.09,0.67,-10.18,0.00,0.00,0.00,67.9
0.13,0.64,-10.11,0.00,0.00,0.00,68
0.08,0.56,-10.14,0.00,0.00,0.00,68.1
-0.02,0.62,-10.16,0.01,-0.01,-0.01,68.2
0.05,0.63,-9.99,0.01,0.00,0.00,68.3
0.03,0.59,-10.10,0.01,-0.01,0.00,68.4
0.09,0.64,-10.18,0.01,-0.01,0.00,68.5
0.21,0.55,-9.90,-0.02,0.06,0.01,68.6
0.05,0.73,-10.25,0.00,0.02,0.02,68.7
0.28,0.83,-9.87,0.01,-0.01,0.00,68.8
0.11,0.66,-10.29,-0.01,0.00,0.01,68.9
-0.15,0.72,-10.13,0.00,0.00,0.01,69
0.03,0.60,-10.09,0.00,0.02,0.01,69.1
0.21,0.58,-10.06,0.00,0.01,0.01,69.2
0.16,0.52,-10.17,0.00,0.00,0.01,69.3
0.14,0.51,-10.04,0.00,0.00,0.00,69.4
0.00,0.43,-10.12,0.00,0.00,0.00,69.5
0.17,0.61,-10.16,0.00,0.00,0.00,69.6
0.57,0.90,-10.76,0.00,-0.02,0.00,69.7
0.16,0.68,-10.10,-0.02,0.15,0.00,69.8
-0.25,0.67,-9.79,0.00,-0.01,0.00,69.9
0.00,0.73,-10.14,0.00,-0.14,-0.01,70
0.64,0.55,-10.50,-0.03,0.11,-0.16,70.1
0.30,0.58,-9.94,-0.02,0.11,-0.06,70.2
0.40,0.22,-10.03,0.04,0.12,-0.39,70.3
1.12,0.59,-10.44,0.01,0.21,-0.78,70.4
0.31,0.70,-10.33,0.11,0.02,-0.54,70.5
0.17,0.93,-10.12,0.05,-0.14,-0.41,70.6
1.09,0.73,-10.47,0.19,0.10,-0.74,70.7
0.15,0.60,-11.33,0.23,0.46,-0.62,70.8
1.05,0.98,-10.79,-0.52,0.38,0.31,70.9
1.20,0.68,-11.31,-0.33,0.55,0.20,71
1.76,1.10,-10.73,-0.60,0.13,0.08,71.1
1.36,-0.14,-9.48,-0.17,0.31,0.76,71.2
1.55,0.75,-11.59,0.18,0.18,0.53,71.3
2.45,0.85,-11.08,-0.30,-0.02,0.35,71.4
0.95,1.89,-8.86,-0.42,-0.32,0.07,71.5
2.37,3.67,-8.59,-1.36,-0.09,-1.07,71.6
1.52,7.43,-10.39,-2.74,-0.12,-2.89,71.7
-6.21,7.87,-3.40,-4.92,-1.34,-6.35,71.8
-8.16,6.39,1.88,-4.48,-2.47,-5.36,71.9
-9.50,4.33,4.54,-2.14,-1.73,-2.18,72
-8.74,5.01,2.27,-0.26,-1.65,0.58,72.1
-7.60,5.91,3.92,-0.82,-1.10,0.84,72.2
-7.97,3.84,4.66,-1.34,-1.26,1.27,72.3
-7.08,3.27,7.07,-1.34,-1.24,0.59,72.4
-3.73,2.18,5.45,-0.50,-1.87,0.81,72.5
-1.26,1.99,5.24,-0.58,-1.43,0.06,72.6
-0.17,1.97,10.36,-0.93,-1.25,0.12,72.7
-0.18,2.03,11.85,-0.35,-1.40,0.04,72.8
0.75,1.66,11.34,-0.01,-0.60,-0.11,72.9
1.92,1.63,9.08,0.38,-0.86,-0.26,73
2.93,2.35,9.17,0.35,-0.98,-0.38,73.1
3.58,2.66,9.63,0.11,-0.76,-0.44,73.2
4.31,2.66,8.63,0.19,-0.69,-0.30,73.3
3.80,2.97,6.71,0.14,-0.53,-0.48,73.4
4.33,3.55,6.60,0.05,-0.24,-0.43,73.5
2.99,3.47,7.99,0.01,-0.35,-0.52,73.6
4.35,3.84,7.21,0.19,-0.23,-0.19,73.7
4.55,3.73,6.57,0.13,0.01,-0.21,73.8
5.07,4.04,6.73,-0.26,-0.27,-0.28,73.9
4.96,3.93,8.36,-0.01,-0.27,-0.26,74
3.93,3.83,8.12,0.12,0.13,-0.29,74.1
3.93,4.23,6.53,0.08,-0.03,-0.26,74.2
4.07,5.01,6.78,0.13,-0.07,-0.22,74.3
4.82,5.01,7.15,-0.01,0.05,-0.04,74.4
3.54,5.21,6.40,-0.30,-0.03,-0.23,74.5
0.17,-0.01,-0.73,-0.03,0.31,-0.04,74.6
0.31,0.26,-0.15,-0.14,0.79,1.19,74.7
0.30,0.24,0.05,-0.28,0.75,1.12,74.8
0.29,0.22,0.30,-0.66,0.74,1.10,74.9
0.29,0.24,0.61,-0.89,0.76,1.07,75
0.30,0.21,1.19,-1.17,0.91,1.01,75.1
1.61,-0.82,-5.76,-0.03,2.55,0.93,75.2
0.29,0.26,-0.58,-1.10,0.64,-0.38,75.3
0.28,0.25,-0.30,-1.21,0.54,-0.43,75.4
0.27,0.27,-0.16,-1.17,0.64,-0.48,75.5
-12.36,-38.88,37.71,-1.07,0.65,-0.52,75.6
0.35,-0.37,4.62,-7.19,1.38,0.03,75.7
-0.28,-3.18,10.50,1.08,-0.06,0.27,75.8
-0.53,-0.48,6.25,-2.37,1.09,-0.13,75.9
-0.52,0.07,7.45,1.43,-1.73,0.12,76
0.15,0.42,10.27,0.01,-0.06,0.00,76.1
0.12,0.35,9.80,-0.01,-0.02,0.00,76.2
0.06,0.31,9.33,0.00,0.00,0.00,76.3
0.13,0.30,9.50,0.00,0.00,0.00,76.4
0.20,0.41,9.45,-0.01,0.00,0.00,76.5
0.09,0.31,9.53,0.00,0.00,0.00,76.6
0.06,0.24,9.54,-0.01,0.00,0.00,76.7
0.07,0.27,9.55,0.00,0.00,0.00,76.8
0.11,0.29,9.49,0.00,0.00,0.00,76.9
0.12,0.29,9.53,0.00,0.00,0.00,77
0.07,0.31,9.48,0.00,0.00,0.00,77.1
-0.01,0.32,9.43,0.01,0.00,0.00,77.2
0.05,0.62,9.53,0.01,0.02,0.01,77.3
0.18,0.51,9.42,0.00,0.01,0.00,77.4
0.18,0.51,9.58,0.00,0.00,-0.01,77.5
0.06,0.42,9.58,0.01,0.02,0.01,77.6
0.20,0.40,9.30,0.01,0.04,0.00,77.7
0.17,0.37,9.65,-0.04,-0.06,-0.01,77.8
-0.11,0.27,9.63,0.02,0.04,0.01,77.9
0.18,0.26,9.69,0.01,-0.01,0.01,78
0.10,0.41,9.73,0.00,0.01,-0.01,78.1
-0.01,0.44,9.34,0.02,0.03,0.00,78.2
-0.08,0.21,9.58,-0.01,-0.03,0.00,78.3
-0.01,0.22,9.54,0.00,-0.02,0.02,78.4
0.02,0.35,9.67,0.00,-0.01,0.01,78.5
-0.34,0.40,9.41,0.01,0.02,0.02,78.6
0.15,0.40,9.00,0.02,0.02,0.05,78.7
0.22,0.17,9.54,-0.01,-0.01,0.00,78.8
0.27,0.44,9.60,0.00,0.01,0.00,78.9
0.15,0.61,9.41,-0.01,0.00,0.00,79
0.15,0.23,9.57,-0.02,-0.02,-0.01,79.1
0.04,0.08,9.55,0.00,0.00,0.00,79.2
0.18,0.24,9.58,0.00,-0.01,0.00,79.3
-0.07,0.60,9.47,0.02,0.02,0.00,79.4
-0.09,0.44,9.44,0.01,0.01,0.00,79.5
-0.01,-0.13,9.25,-0.01,-0.02,0.00,79.6
0.04,0.06,9.48,0.00,-0.03,0.00,79.7
0.15,0.38,9.61,0.01,0.00,0.00,79.8
0.41,0.78,9.31,-0.06,-0.26,-0.17,79.9
0.38,0.34,9.57,0.06,0.07,-0.48,80
0.21,0.27,9.50,0.10,0.06,-0.31,80.1
0.25,0.01,9.48,0.05,0.09,0.00,80.2
0.35,0.36,9.80,0.04,0.02,-0.01,80.3
0.29,0.60,9.67,-0.01,-0.02,-0.07,80.4
-0.24,0.43,9.46,0.02,-0.02,-0.07,80.5
-0.07,0.47,9.43,0.00,-0.08,-0.47,80.6
0.29,0.61,9.66,-0.05,-0.07,-0.52,80.7
0.60,0.01,9.27,-0.04,-0.08,-0.35,80.8
0.14,0.06,9.43,-0.05,-0.03,-0.50,80.9
0.49,0.06,9.35,-0.07,0.05,-0.46,81
0.13,0.27,9.97,-0.08,0.14,-0.43,81.1
-0.49,-0.38,9.31,-0.08,0.13,-0.48,81.2
0.15,0.05,9.09,0.02,-0.03,-0.12,81.3
1.03,0.30,9.72,0.12,-0.02,-0.23,81.4
1.53,0.99,9.98,-0.04,0.01,-0.29,81.5
0.32,-0.13,9.50,-0.03,-0.12,-0.29,81.6
0.29,-0.88,9.30,0.09,0.01,-0.37,81.7
-0.53,0.20,9.74,0.03,0.16,-0.79,81.8
1.20,-0.34,9.80,-0.14,0.06,-0.18,81.9
-1.27,-2.22,10.17,-0.80,0.32,-0.76,82
0.92,-2.57,11.51,-0.91,0.59,-0.40,82.1
-3.70,-3.48,6.53,-0.30,2.01,-1.88,82.2
-4.08,-3.60,8.79,-1.19,0.94,-0.81,82.3
-7.84,-5.63,5.59,-0.38,2.49,-1.25,82.4
-6.23,-4.93,5.79,-0.58,1.22,0.06,82.5
-7.72,-5.04,9.27,-2.08,0.76,0.45,82.6
-6.25,-4.61,5.31,-0.52,-1.27,1.57,82.7
-5.48,-2.96,7.07,-0.87,-1.62,2.08,82.8
-4.69,-3.18,6.20,-0.08,-1.09,1.50,82.9
-5.30,-2.00,7.19,0.05,-0.55,0.84,83
-3.64,-1.94,6.99,0.21,-1.39,0.93,83.1
-3.80,-2.14,7.19,0.01,-0.67,0.53,83.2
-3.46,-1.54,5.67,0.51,-0.40,0.22,83.3
-3.25,-1.05,8.36,-0.11,-0.50,0.14,83.4
-2.45,-0.85,9.49,0.22,-0.59,0.49,83.5
-2.52,-0.89,10.04,-0.23,-0.75,0.21,83.6
-2.12,-0.45,10.69,0.12,0.13,0.04,83.7
-2.49,-0.42,9.84,0.47,-0.52,0.30,83.8
-1.56,-0.26,11.11,0.22,-0.52,0.33,83.9
0.63,-0.31,11.03,0.18,-1.16,0.57,84
0.40,0.23,10.94,0.41,-1.21,0.43,84.1
-0.31,1.24,9.97,0.54,-0.72,-0.27,84.2
1.46,1.12,10.74,0.26,-0.98,0.07,84.3
3.00,1.84,7.59,0.53,-1.22,-0.07,84.4
3.97,2.10,8.39,0.33,-1.07,-0.41,84.5
2.66,2.43,8.68,0.37,-0.65,-0.69,84.6
3.39,3.47,6.76,0.70,-0.79,-0.56,84.7
2.98,3.84,7.52,0.12,-0.33,-0.49,84.8
3.34,3.96,6.05,0.39,-0.49,-0.15,84.9
4.73,4.82,4.00,0.61,0.21,-0.28,85
5.16,4.68,6.59,-0.11,-0.08,-0.34,85.1
3.87,4.61,6.73,0.04,-0.16,-0.46,85.2
3.59,5.38,6.32,0.16,-0.08,-0.41,85.3
4.51,6.04,4.55,0.41,0.04,-0.21,85.4
3.47,5.37,7.95,-0.68,-0.31,-0.26,85.5
4.44,5.73,6.53,-0.26,0.14,-0.07,85.6
4.02,5.78,7.29,-0.03,-0.09,-0.06,85.7
4.39,5.49,7.04,-0.11,0.07,0.01,85.8
4.09,5.20,7.76,-0.21,-0.08,-0.13,85.9
4.25,5.59,7.19,-0.01,0.05,-0.13,86
4.27,6.04,6.43,0.03,0.06,-0.13,86.1
4.06,5.76,5.48,-0.21,-0.09,-0.15,86.2
3.28,4.83,1.78,-0.30,-0.09,-0.31,86.3
0.32,-0.08,-0.05,0.24,0.75,-0.34,86.4
0.27,0.24,-0.09,-1.28,1.04,0.27,86.5
0.28,0.23,0.19,-1.41,0.92,0.20,86.6
0.28,0.23,0.45,-1.51,0.76,0.14,86.7
0.29,0.24,0.86,-1.48,0.47,0.07,86.8
0.25,0.30,1.57,-1.34,0.28,0.04,86.9
0.14,-0.93,-1.05,0.58,-1.39,0.18,87
0.41,-0.38,-0.45,-3.70,-1.38,0.26,87.1
0.46,-0.43,-0.49,-3.59,-1.62,0.64,87.2
0.52,-0.43,-0.46,-3.53,-2.07,0.98,87.3
-1.77,-3.18,0.19,-2.17,-1.27,1.82,87.4
0.35,-0.03,-0.38,-1.13,0.32,2.42,87.5
-17.31,-31.33,-10.01,-1.11,0.01,2.38,87.6
-0.39,-2.02,-0.23,-6.98,8.53,2.45,87.7
-0.88,0.33,-16.36,-2.13,-6.25,-1.01,87.8
-2.08,-1.94,-24.66,-0.55,1.67,0.38,87.9
0.50,0.12,-9.33,0.08,0.07,-0.04,88
0.23,0.04,-10.38,0.00,0.01,0.00,88.1
0.62,-0.25,-9.94,0.00,-0.01,0.00,88.2
0.40,0.00,-10.09,0.00,-0.01,0.00,88.3
0.26,0.16,-10.25,0.00,-0.01,-0.01,88.4
0.16,0.23,-10.07,0.01,-0.02,0.00,88.5
0.19,0.21,-10.08,-0.01,0.01,0.00,88.6
0.19,0.30,-10.13,0.00,0.00,0.00,88.7
0.23,0.12,-10.16,0.00,0.00,0.00,88.8
0.26,0.02,-10.06,0.00,0.00,0.00,88.9
0.24,0.12,-10.02,0.00,0.01,0.00,89
0.11,0.18,-10.13,0.01,-0.03,-0.01,89.1
0.06,0.48,-10.55,0.02,-0.10,-0.04,89.2
-0.51,-0.01,-9.88,-0.04,-0.53,-0.18,89.3
-0.94,0.22,-10.16,-0.01,-0.40,-0.13,89.4
-0.95,0.15,-10.15,0.00,-0.28,-0.05,89.5
-0.74,-0.02,-9.51,0.03,0.07,0.00,89.6
-0.07,-0.02,-10.64,0.08,0.90,0.11,89.7
-0.03,-0.05,-10.16,0.00,0.16,0.06,89.8
0.19,0.09,-10.05,-0.01,0.02,0.01,89.9
-0.15,-0.09,-10.28,-0.01,0.01,0.00,90
0.16,-0.15,-10.04,-0.01,0.02,0.01,90.1
-0.05,0.10,-9.99,0.00,0.00,0.00,90.2
0.39,-0.16,-10.11,0.00,0.00,0.01,90.3
0.36,0.00,-10.02,0.00,-0.01,0.00,90.4
-0.07,0.22,-10.20,0.00,-0.01,0.00,90.5
-0.17,0.11,-10.16,0.01,0.00,0.00,90.6
-0.05,-0.01,-10.05,0.00,0.01,0.00,90.7
0.06,-0.10,-10.31,-0.01,0.00,0.00,90.8
-0.02,-0.01,-10.02,0.00,0.00,0.00,90.9
0.34,0.04,-10.20,0.00,0.00,0.00,91
0.12,0.04,-9.98,0.00,0.00,0.00,91.1
0.09,0.10,-9.93,0.00,0.00,0.00,91.2
0.02,-0.13,-10.08,0.00,0.01,0.00,91.3
0.13,-0.08,-10.21,0.00,0.00,0.00,91.4
0.38,0.16,-10.04,-0.01,-0.05,0.00,91.5
0.09,-0.04,-10.05,-0.01,-0.03,-0.01,91.6
0.10,0.00,-10.06,0.00,0.01,0.00,91.7
0.17,0.27,-10.17,0.00,0.03,0.01,91.8
-0.09,-0.05,-10.02,0.01,0.06,0.01,91.9
-0.14,0.19,-9.93,0.00,0.02,0.00,92
-0.11,0.21,-10.11,0.00,0.02,0.01,92.1
0.74,0.15,-10.11,0.01,0.06,0.01,92.2
0.02,0.47,-10.32,0.00,0.03,-0.17,92.3
0.59,1.74,-10.21,0.06,0.28,-0.78,92.4
2.23,2.17,-10.98,0.31,0.61,-1.60,92.5
0.85,-1.90,-12.82,0.53,1.03,-3.12,92.6
9.78,1.86,-13.02,-0.83,1.18,-1.36,92.7
4.48,2.20,-10.30,-0.86,-1.08,-3.48,92.8
-1.78,2.71,-7.18,-1.57,-2.31,-3.66,92.9
-4.53,1.12,-5.83,-2.43,-2.81,-3.26,93
-6.39,2.42,-3.01,-1.80,-4.35,-3.11,93.1
-10.01,2.56,0.62,-1.08,-4.91,-2.73,93.2
-7.46,1.48,6.05,-2.10,-3.12,0.00,93.3
-4.79,-0.17,6.35,-1.33,-1.26,0.31,93.4
-5.56,-3.53,12.26,-1.98,-1.29,0.14,93.5
-3.29,-0.86,5.65,-0.21,-1.34,0.17,93.6
-5.39,-0.61,6.63,0.26,-0.13,0.23,93.7
-5.18,-1.13,5.53,0.57,0.28,0.36,93.8
-4.19,-1.02,8.36,-0.19,-0.35,0.06,93.9
-6.63,-0.48,7.63,0.57,-0.52,-0.13,94
-5.63,-1.03,10.71,-0.46,-0.29,0.34,94.1
-3.72,0.52,9.16,0.40,-0.70,0.42,94.2
-1.87,-0.63,9.47,-0.31,-0.36,0.54,94.3
-3.16,0.52,8.61,-0.31,-0.39,0.44,94.4
-3.36,0.37,9.14,-0.12,-0.02,0.78,94.5
-2.14,0.42,9.45,0.73,0.14,0.40,94.6
-2.73,1.20,8.79,0.71,-0.14,0.44,94.7
-2.61,1.44,7.65,0.68,0.06,0.47,94.8
-1.95,1.93,7.39,0.84,-0.39,0.58,94.9
-2.37,2.75,9.05,0.17,-0.35,0.36,95
-2.63,3.85,8.94,0.50,-0.07,0.32,95.1
-1.19,3.85,9.23,0.58,0.07,0.39,95.2
-1.63,5.31,11.14,-0.24,-0.45,0.12,95.3
-0.54,5.06,6.69,1.09,-0.19,0.54,95.4
-0.02,5.10,8.74,-0.07,-0.93,0.73,95.5
1.05,4.93,7.98,-0.03,-1.00,0.72,95.6
3.33,5.15,9.33,0.13,-1.05,0.38,95.7
2.95,5.40,8.39,0.32,-0.85,0.16,95.8
1.31,5.77,9.56,0.10,-0.51,-0.04,95.9
3.84,5.64,6.74,0.63,-0.87,0.02,96
4.12,5.80,6.65,-0.13,-0.61,-0.04,96.1
2.84,5.30,7.30,0.12,0.29,-0.36,96.2
3.68,5.49,6.09,0.29,-0.22,-0.30,96.3
3.50,5.17,5.95,0.03,0.53,-0.24,96.4
2.90,5.61,5.94,-0.18,0.15,-0.28,96.5
2.78,6.24,4.69,0.20,0.53,-0.18,96.6
2.73,6.24,6.19,-0.20,0.18,-0.19,96.7
2.54,6.22,7.30,-0.31,-0.11,-0.24,96.8
2.12,6.35,6.87,-0.10,0.11,-0.18,96.9
2.76,6.26,4.66,-0.09,0.15,-0.04,97
2.88,5.64,7.18,-0.74,-0.16,-0.10,97.1
2.15,5.54,1.22,-0.24,-0.06,-0.17,97.2
0.19,-0.20,-0.07,-1.13,1.03,-0.24,97.3
0.29,0.16,0.02,-1.82,0.14,0.04,97.4
0.29,0.15,0.28,-1.87,0.03,0.04,97.5
0.29,0.19,0.64,-1.82,-0.02,0.05,97.6
0.28,0.26,0.94,-1.59,0.06,0.05,97.7
4.49,-22.04,38.93,-0.94,0.37,0.04,97.8
0.79,-2.24,0.32,-5.16,-2.06,0.21,97.9
1.08,-2.13,-0.28,-6.26,-3.97,2.06,98
1.32,-1.71,-0.36,-5.32,-5.24,3.42,98.1
-11.34,-11.31,-4.61,-2.03,-7.08,5.21,98.2
0.03,-3.14,-0.33,-1.42,-2.59,15.20,98.3
-19.43,-1.23,4.83,-0.62,-2.26,-3.30,98.4
18.08,6.16,33.38,3.24,-12.33,6.59,98.5
-0.58,-0.29,7.63,3.03,6.74,-1.97,98.6
2.39,-0.07,12.54,-1.29,3.17,0.27,98.7
0.40,0.06,9.96,0.00,0.04,0.00,98.8
0.25,0.15,9.05,0.00,-0.01,0.00,98.9
0.33,0.20,9.74,0.00,0.00,0.00,99
0.41,0.18,9.46,0.00,0.00,0.00,99.1
0.13,-0.01,9.50,0.00,0.00,0.00,99.2
0.24,0.18,9.47,0.00,0.00,0.00,99.3
0.45,0.19,9.59,0.00,0.00,0.00,99.4
0.44,0.28,9.46,-0.01,0.00,0.00,99.5
0.32,0.09,9.51,0.00,0.00,0.00,99.6
0.46,0.18,9.58,0.00,0.00,0.00,99.7
0.03,0.11,9.24,0.00,0.00,0.00,99.8
0.29,0.19,9.17,-0.01,0.00,0.01,99.9
0.42,-0.05,9.61,0.00,0.01,-0.01,100
0.36,0.15,9.72,-0.01,-0.01,0.00,100.1
0.19,0.34,9.38,-0.01,-0.03,0.00,100.2
0.42,0.27,9.61,-0.01,0.03,0.01,100.3
0.53,0.13,9.77,0.00,0.02,0.00,100.4
0.33,-0.02,9.68,0.00,0.01,0.00,100.5
0.36,0.09,9.56,0.01,0.00,0.00,100.6
0.08,-0.06,9.66,0.00,0.00,0.00,100.7
0.30,-0.02,9.62,0.00,-0.01,0.00,100.8
0.42,-0.07,9.54,0.00,0.00,0.00,100.9
0.49,0.24,9.45,0.00,0.00,0.00,101
0.06,0.22,9.30,0.00,0.00,0.00,101.1
0.32,0.16,9.52,0.00,0.00,0.00,101.2
0.25,0.18,9.39,-0.01,0.00,0.00,101.3
0.28,0.26,9.59,0.00,0.00,0.00,101.4
0.32,0.23,9.51,0.00,0.00,0.00,101.5
0.29,0.19,9.30,0.00,0.00,0.00,101.6
0.17,0.05,9.58,0.00,0.00,0.00,101.7
0.57,0.38,9.61,0.06,-0.15,0.02,101.8
0.53,0.26,9.61,-0.03,0.06,0.02,101.9
-0.19,-0.08,10.04,-0.07,0.11,1.40,102
0.46,1.37,8.65,-0.13,0.28,1.99,102.1
-1.92,1.48,8.92,-0.29,0.02,2.26,102.2
-0.12,0.21,9.98,-0.38,-1.38,4.56,102.3
3.77,-2.48,7.69,-0.11,-3.11,4.41,102.4
9.38,-3.44,11.36,-0.78,-2.40,2.13,102.5
7.17,-5.48,8.20,2.30,-2.82,0.66,102.6
9.43,-0.28,9.89,1.11,-2.44,1.14,102.7
0.32,-4.03,1.02,2.02,-1.12,-0.09,102.8
-0.10,1.47,-2.27,1.94,-1.80,1.52,102.9
13.51,6.30,4.41,0.00,1.07,-0.57,103
10.18,-1.15,2.57,2.43,-0.10,0.20,103.1
11.06,-0.81,6.92,2.48,0.32,0.51,103.2
13.24,0.24,5.17,1.91,-0.07,3.21,103.3
12.56,9.44,5.77,0.02,0.60,0.12,103.4
13.17,-0.41,1.04,1.76,-0.11,2.32,103.5
8.33,-1.89,1.70,-1.31,0.36,-0.14,103.6
8.33,-4.22,2.69,0.12,0.15,2.15,103.7
8.38,-3.88,5.07,1.13,-0.94,1.51,103.8
6.78,-5.24,1.12,0.59,-0.45,0.27,103.9
5.13,-2.80,7.60,-0.47,-0.29,1.32,104
5.41,-4.02,4.59,-0.06,-0.55,-0.09,104.1
1.72,-4.71,5.21,0.15,-0.27,0.39,104.2
7.14,-6.02,3.26,-0.04,0.78,0.45,104.3
8.43,-6.06,3.26,-0.74,1.03,-0.32,104.4
5.91,-6.37,6.29,-0.24,1.89,-0.32,104.5
10.16,-5.13,9.71,0.27,1.75,-0.27,104.6
9.05,-5.40,10.10,0.71,0.49,-0.76,104.7
6.79,-3.78,9.35,0.65,0.48,-1.17,104.8
4.93,-2.79,7.26,1.44,0.50,-0.94,104.9
4.16,-1.87,7.38,0.71,0.55,-0.62,105
2.82,0.33,5.30,1.22,-0.29,-0.43,105.1
3.37,1.21,6.78,0.53,0.52,-0.21,105.2
4.44,1.50,6.99,0.68,0.39,-0.19,105.3
4.86,1.92,8.09,0.48,-0.22,-0.34,105.4
5.18,2.51,8.29,0.54,-0.11,-0.35,105.5
4.00,3.07,7.28,0.53,0.05,-0.52,105.6
3.59,4.22,6.82,0.41,0.18,-0.44,105.7
3.45,4.54,6.36,0.19,0.06,-0.25,105.8
3.76,4.07,6.60,-0.09,0.12,-0.24,105.9
3.37,4.51,4.83,0.09,0.35,-0.33,106
3.46,5.03,7.48,-0.17,0.05,-0.35,106.1
3.73,5.36,5.85,0.21,0.21,-0.24,106.2
2.97,4.16,7.89,-0.39,0.05,-0.37,106.3
1.41,4.17,8.71,-0.14,-0.02,-0.40,106.4
1.34,5.38,6.34,0.34,0.15,-0.15,106.5
2.70,4.55,9.39,-0.38,0.01,-0.09,106.6
2.74,4.88,9.21,-0.22,-0.13,-0.03,106.7
1.16,6.33,1.75,-0.07,0.67,0.07,106.8
0.31,0.30,-0.19,0.30,1.36,0.30,106.9
0.31,0.31,-0.06,0.11,1.17,0.36,107
0.31,0.32,0.13,-0.05,1.03,0.36,107.1
0.29,0.30,0.40,-0.35,0.63,0.35,107.2
0.30,0.27,0.73,-0.59,0.23,0.34,107.3
-30.89,-6.82,36.49,-4.21,1.64,-0.52,107.4
0.98,0.29,-0.29,2.96,-11.67,-0.54,107.5
1.16,0.13,-0.31,0.13,-9.48,-1.51,107.6
1.02,8.93,7.62,-1.06,-9.35,-1.34,107.7
-0.68,0.07,4.06,9.63,0.31,2.85,107.8
1.73,0.15,-4.19,2.31,0.95,1.08,107.9
2.97,-0.40,-10.02,-0.20,0.21,-0.12,108
2.87,0.09,-9.84,0.05,0.38,-0.02,108.1
3.31,-0.38,-9.72,0.00,-0.01,0.00,108.2
2.44,-0.33,-10.08,-0.07,-0.10,-0.02,108.3
2.64,-0.34,-9.74,0.06,0.34,-0.01,108.4
3.26,0.16,-9.11,-0.01,-0.08,0.01,108.5
2.79,-0.48,-10.33,-0.06,-0.61,0.03,108.6
1.71,-0.20,-9.90,-0.10,-0.29,-0.01,108.7
2.37,-0.09,-9.95,0.10,-0.04,0.08,108.8
2.31,0.11,-10.18,-0.07,-0.46,0.23,108.9
-0.55,0.23,-10.24,-0.19,-0.91,0.29,109
3.38,0.20,-11.57,0.17,-1.19,0.59,109.1
-0.12,-0.24,-10.70,-0.05,-0.09,0.14,109.2
-3.62,-1.94,-10.50,0.01,-0.18,0.53,109.3
-0.69,0.08,-11.71,0.41,-0.97,2.64,109.4
-5.50,-1.86,-10.18,0.37,-4.79,2.14,109.5
-7.60,3.63,-3.47,-0.24,-6.21,1.32,109.6
-3.90,2.95,-0.32,-0.35,-3.57,0.83,109.7
-7.79,0.03,-0.08,-1.22,-2.11,-0.88,109.8
-4.67,5.45,13.96,-0.30,-7.15,-0.04,109.9
-2.65,-1.30,8.28,-0.33,-2.43,-0.26,110
-1.05,-0.83,7.40,0.78,-2.19,-0.41,110.1
-1.74,1.23,9.02,0.25,-0.56,-0.89,110.2
0.55,2.26,9.96,0.49,-0.78,-0.28,110.3
-1.06,0.92,10.74,0.28,0.37,0.01,110.4
-2.17,1.63,8.16,0.49,0.74,0.30,110.5
-1.35,2.28,8.45,0.59,0.56,0.43,110.6
