0.42,4.68,6.75,-0.25,0.20,-0.02,.1
0.28,4.74,6.91,-0.12,0.21,0.29,.2
0.59,5.17,7.07,-0.17,0.43,0.34,.3
-1.19,5.12,10.05,-0.34,0.64,0.29,.4
-2.27,2.44,10.67,-0.40,1.16,0.45,.5
-3.92,2.43,7.89,-0.48,1.37,0.48,.6
-0.37,2.27,6.85,-0.76,0.60,0.90,.7
2.38,3.50,10.27,-0.32,0.78,0.82,.8
2.62,4.16,11.51,-0.27,0.03,0.41,.9
0.27,4.08,11.71,-0.01,-0.42,-0.15,1
-0.17,0.57,12.84,0.42,-0.18,-0.72,1.1
-2.47,0.35,10.94,0.54,-0.13,-1.26,1.2
-2.31,0.29,4.79,0.75,-0.22,-1.07,1.3
-2.45,1.04,5.62,-0.04,-0.38,-0.37,1.4
-4.89,1.64,9.75,-0.52,0.38,0.11,1.5
-3.13,1.29,13.71,-1.59,0.10,1.01,1.6
-0.56,2.37,13.62,-0.15,-1.54,0.52,1.7
1.23,3.21,6.60,0.96,0.15,0.26,1.8
-2.86,3.37,5.54,0.45,0.22,-0.37,1.9
3.57,5.76,5.13,0.63,1.53,-0.91,2
-10.01,1.51,1.92,2.92,2.88,-0.42,2.1
-11.43,2.63,7.03,-0.19,2.18,-1.43,2.2
-6.93,3.67,4.99,0.60,1.72,-0.47,2.3
-3.78,3.75,1.76,0.17,0.93,0.18,2.4
-17.41,5.49,5.53,-0.43,1.09,-0.32,2.5
-9.87,4.45,7.20,-1.86,-0.37,-0.57,2.6
-4.44,3.16,-0.06,1.33,-0.36,-0.77,2.7
-4.86,2.97,0.91,1.56,-0.16,-0.32,2.8
-16.49,-1.05,4.54,1.10,-0.92,0.26,2.9
-15.67,1.23,0.81,1.32,1.57,0.39,3
-4.12,1.58,1.10,-1.14,-1.62,1.27,3.1
-4.30,2.00,0.13,-0.59,0.58,-0.23,3.2
-6.25,2.94,1.81,-0.15,0.83,0.17,3.3
-12.47,4.31,4.59,-1.20,0.57,-0.15,3.4
-9.85,4.91,10.03,-1.86,0.53,-1.13,3.5
-4.85,3.79,-0.38,1.71,-3.44,-0.51,3.6
-7.81,3.95,0.76,1.33,0.54,0.07,3.7
-9.06,0.58,5.92,-0.29,-0.96,0.78,3.8
-16.55,3.06,4.99,1.64,0.64,0.66,3.9
-2.75,2.66,2.66,-1.09,-1.55,0.75,4
-4.60,3.56,4.97,-1.30,0.74,-0.38,4.1
-2.70,3.47,3.33,-0.30,0.14,-0.32,4.2
-10.38,5.07,7.77,0.29,0.43,0.08,4.3
-7.59,4.73,9.23,-0.63,2.85,-1.15,4.4
-2.46,4.21,1.04,1.34,-2.01,-0.31,4.5
-5.91,3.75,4.35,1.81,0.55,-0.33,4.6
-7.21,6.86,10.29,1.15,-2.00,0.10,4.7
-6.51,3.57,6.81,0.27,0.57,-0.66,4.8
-0.58,2.32,1.05,0.34,-1.86,0.59,4.9
-5.57,4.59,3.79,-0.27,-0.63,-0.03,5
-7.01,6.59,7.98,-0.30,0.19,-0.25,5.1
-5.14,3.38,19.92,-2.57,0.88,-0.41,5.2
-1.20,4.60,6.68,0.34,-1.69,-1.06,5.3
-0.06,5.30,7.23,0.61,0.03,-1.50,5.4
-2.33,3.86,12.26,1.10,-0.01,-1.05,5.5
-4.89,0.88,18.66,1.36,-1.05,-1.13,5.6
-3.43,-0.97,7.52,1.79,-2.15,-1.87,5.7
-3.59,0.36,4.96,1.80,-0.74,-2.18,5.8
-4.41,1.42,4.45,1.99,0.33,-1.76,5.9
-4.67,1.96,3.44,0.72,0.62,-1.06,6
-12.92,4.71,5.52,-0.03,1.15,-1.39,6.1
-9.00,4.68,9.20,-1.73,0.38,-0.72,6.2
-7.79,4.11,5.70,-0.32,-1.21,-0.86,6.3
-7.32,3.53,5.64,2.31,0.24,-1.17,6.4
-9.32,3.68,5.57,2.15,0.12,-0.90,6.5
-6.77,3.44,4.34,1.49,-0.34,0.27,6.6
-6.29,3.82,4.29,0.97,-0.74,0.54,6.7
-9.58,3.14,8.11,0.28,-0.95,0.02,6.8
-8.46,1.74,6.67,0.93,-0.84,-0.41,6.9
-4.93,0.88,3.03,0.41,-1.33,-0.51,7
-5.00,1.55,4.63,-0.01,-1.03,-0.33,7.1
-5.23,2.54,5.15,-0.62,-0.09,-0.13,7.2
-3.12,3.16,6.57,-1.08,-1.07,0.26,7.3
-3.19,2.87,7.65,-0.51,-0.69,0.73,7.4
-9.15,1.24,25.95,-0.56,-0.53,0.44,7.5
-5.33,5.58,6.02,-0.17,-1.94,-0.74,7.6
-2.87,1.62,5.99,0.99,0.60,-0.37,7.7
-5.24,2.14,7.06,0.37,-0.61,-0.30,7.8
-3.79,2.33,6.93,-0.17,-0.67,-0.07,7.9
-3.46,2.76,5.28,0.16,-0.41,-0.20,8
-2.81,2.21,2.98,0.68,-0.87,0.28,8.1
-10.51,0.76,14.95,0.00,2.12,0.27,8.2
-6.12,2.56,5.46,0.04,1.84,-0.01,8.3
-2.76,2.67,6.81,-2.12,1.83,-0.27,8.4
-9.53,5.03,5.41,0.68,2.59,-1.14,8.5
-5.99,4.67,4.34,-0.61,-0.25,-0.84,8.6
-9.31,2.66,6.24,-0.28,-1.65,1.12,8.7
-10.04,1.52,20.04,-0.91,-1.52,0.82,8.8
-5.07,1.80,2.87,1.67,-4.13,-1.04,8.9
-2.92,1.58,3.25,2.46,0.05,-0.35,9
-5.90,0.30,6.47,0.15,1.71,-0.53,9.1
-7.24,0.85,2.39,2.11,1.50,-0.40,9.2
-17.39,2.81,6.95,0.14,3.73,-1.67,9.3
-7.76,2.90,2.74,-0.53,0.78,-1.11,9.4
-4.49,3.29,-0.16,-0.01,0.74,-1.52,9.5
-8.14,3.43,-1.76,0.34,1.04,-1.28,9.6
-15.92,0.90,1.72,-1.58,1.24,-0.20,9.7
-16.69,2.71,5.85,-1.90,0.00,0.14,9.8
-6.56,1.03,-0.58,2.20,-2.48,1.42,9.9
-4.14,1.09,1.20,2.05,0.31,0.95,10
-9.74,1.98,2.50,0.98,-0.48,0.27,10.1
-14.67,-2.43,0.76,2.16,-0.41,1.21,10.2
-10.64,0.40,-2.71,2.26,2.08,-0.55,10.3
-5.52,1.69,2.79,-2.83,-1.70,-0.68,10.4
-6.25,3.19,-0.59,-0.59,0.04,-1.05,10.5
-7.65,3.84,-3.54,1.20,1.71,-0.67,10.6
-24.32,0.26,2.70,-1.71,-0.70,0.64,10.7
-3.52,1.88,6.09,-2.12,-2.35,0.17,10.8
-6.42,3.77,-4.45,3.53,-0.03,-0.60,10.9
-4.96,2.37,2.15,-0.11,-0.83,0.11,11
-9.94,1.50,3.88,0.88,-0.80,0.23,11.1
-24.83,2.74,3.58,1.97,2.07,-0.45,11.2
-4.37,0.44,1.21,0.34,-1.63,2.33,11.3
-2.18,0.51,0.09,0.59,-0.10,0.94,11.4
-10.47,2.08,0.28,0.42,0.00,-0.06,11.5
-10.37,3.56,-3.67,1.30,1.68,-1.04,11.6
-9.87,3.59,6.37,-1.66,-0.77,-1.51,11.7
-9.41,3.11,1.98,1.90,0.16,-0.78,11.8
-7.50,1.17,-1.30,3.01,0.09,0.01,11.9
-7.67,0.95,-1.13,3.26,1.28,0.06,12
-11.04,1.41,0.23,2.47,1.50,-0.36,12.1
-11.40,0.03,1.31,1.32,-0.18,0.89,12.2
-14.09,0.26,0.47,1.59,0.26,0.16,12.3
-9.69,-0.72,-0.16,2.21,-0.22,1.35,12.4
-6.15,-2.38,-0.20,2.22,-0.35,1.78,12.5
-5.66,-2.41,-2.04,2.38,0.19,0.74,12.6
-5.76,-4.15,-2.06,1.06,-0.26,-0.46,12.7
-9.32,-8.14,-2.41,0.31,-0.47,-1.76,12.8
-14.45,-5.83,-2.51,-0.14,-0.98,-3.59,12.9
-10.50,-2.81,-3.67,0.99,-0.26,-1.86,13
-7.92,-1.44,-2.67,0.65,-0.25,-0.89,13.1
-9.25,-1.40,-3.50,1.30,0.67,-0.53,13.2
-12.45,-5.99,-0.29,0.50,1.61,0.82,13.3
-12.27,-8.35,1.43,-0.82,1.14,1.35,13.4
-8.44,-7.17,0.63,-0.95,-0.41,2.78,13.5
-4.29,-4.90,1.41,-0.82,-1.30,2.62,13.6
-2.88,-3.58,-1.75,0.78,-0.26,0.51,13.7
-3.77,-0.85,-1.74,0.14,-0.12,-0.87,13.8
-6.36,-5.35,-1.20,-1.13,-0.43,-1.40,13.9
-21.31,-6.97,5.03,-0.88,0.38,-2.65,14
-8.86,-1.24,-7.72,3.58,0.59,-0.50,14.1
-8.46,-2.73,1.40,-1.06,0.79,-0.23,14.2
-8.68,-3.79,0.13,0.02,0.20,1.15,14.3
-8.18,-4.21,-0.24,0.81,0.14,1.46,14.4
-5.00,-2.91,-0.75,0.81,-0.21,1.54,14.5
-4.94,-0.27,-0.16,0.63,-0.43,0.88,14.6
-15.27,-12.52,-1.65,0.52,0.03,0.92,14.7
-12.00,-6.34,0.09,0.33,1.19,-1.58,14.8
-5.88,-2.24,1.23,-1.19,-1.71,-0.51,14.9
-7.67,-4.84,-2.26,1.26,0.53,-0.79,15
-9.50,-4.45,-1.63,0.14,0.95,-1.70,15.1
-10.34,-3.19,2.91,-2.54,-0.39,-2.26,15.2
-7.87,-0.13,-0.49,-0.97,-0.71,-1.10,15.3
-5.94,-0.25,-1.09,-0.52,-0.70,0.51,15.4
-22.47,-16.27,-0.94,-0.89,-0.84,0.97,15.5
-11.97,-9.07,-3.97,2.80,0.73,1.40,15.6
-6.18,-3.40,-2.73,3.11,0.66,3.89,15.7
-5.95,-3.99,-0.48,0.21,0.84,1.48,15.8
-6.08,-4.55,1.87,-0.27,0.22,0.75,15.9
-5.90,-3.14,-2.16,1.82,-0.05,-0.43,16
-4.37,-0.60,-2.45,1.10,-0.53,-0.86,16.1
-9.95,-6.56,-1.28,-0.92,-0.96,-1.04,16.2
-20.46,-4.26,-1.29,-0.25,-0.30,-1.78,16.3
-8.14,-4.67,2.59,-1.98,-1.20,0.77,16.4
-6.23,-1.73,-3.01,1.01,-0.39,0.22,16.5
-7.70,-3.01,-2.12,-0.38,0.42,-0.11,16.6
-5.15,-1.39,1.95,-2.39,-0.34,-0.51,16.7
-5.09,-1.32,1.83,-1.66,-1.12,0.09,16.8
-15.51,-12.98,-3.25,0.70,0.09,0.23,16.9
-11.79,-3.64,-4.71,1.12,-0.75,-1.53,17
-7.60,-1.32,-3.18,3.33,1.07,0.51,17.1
-7.77,-3.60,1.99,-0.61,0.36,0.48,17.2
-9.33,-2.59,-1.59,1.76,0.92,-0.03,17.3
-5.95,-1.41,-1.54,0.92,0.73,1.58,17.4
-12.16,-11.34,-0.23,-0.45,0.11,2.23,17.5
-12.67,-4.81,-0.46,-0.56,0.46,-0.02,17.6
-7.17,-3.44,1.36,-1.52,-1.40,-0.03,17.7
-5.41,-2.50,-3.90,1.62,-0.32,-0.50,17.8
-8.10,-3.66,-1.04,-1.26,-0.38,-1.71,17.9
-7.83,-1.15,0.95,-1.55,-0.19,-2.20,18
-10.92,-1.52,-1.49,-0.18,0.06,-1.12,18.1
-16.23,-4.53,0.56,-0.44,1.03,0.00,18.2
-6.06,-2.36,-3.85,1.73,-0.90,1.94,18.3
-7.68,0.61,0.90,2.04,1.36,2.17,18.4
-6.73,-1.01,2.30,1.28,1.08,1.88,18.5
-24.05,-0.81,0.77,2.03,0.73,1.31,18.6
-11.69,-4.26,2.11,0.85,1.13,2.30,18.7
-5.81,-3.48,1.64,0.28,-1.36,2.39,18.8
-5.71,-5.76,-1.87,2.96,0.88,1.83,18.9
-4.59,-4.36,-2.07,1.95,0.53,0.34,19
-8.22,-5.72,-3.81,0.23,-1.42,-2.31,19.1
-11.83,-5.30,-1.98,0.96,-0.34,-3.39,19.2
-12.80,-2.21,-5.16,1.79,0.21,-3.41,19.3
-11.95,-1.28,-3.45,1.02,0.53,-1.69,19.4
-11.36,-1.30,-4.59,2.00,1.35,-0.42,19.5
-13.54,-5.16,1.76,-0.35,1.87,1.06,19.6
-12.67,-6.67,3.73,0.37,2.63,1.69,19.7
-9.62,-6.99,3.39,0.35,1.92,2.81,19.8
-7.45,-6.29,1.95,-0.05,0.25,3.00,19.9
-8.78,-6.26,0.77,0.61,0.14,1.46,20
-5.47,-7.37,-4.91,1.86,-0.06,0.74,20.1
-6.41,-6.06,-2.62,0.93,-0.80,-1.10,20.2
-8.85,-4.72,-5.53,2.06,-0.63,-1.95,20.3
-9.77,-3.29,-4.68,2.02,-0.35,-2.09,20.4
-9.92,-2.34,-5.22,2.19,0.42,-1.36,20.5
-8.26,-2.52,-2.31,0.45,0.80,0.23,20.6
-13.33,-5.75,-1.12,-0.39,1.04,0.84,20.7
-9.73,-11.23,1.27,-1.73,1.01,2.65,20.8
-6.06,-7.61,2.51,-1.50,-0.92,3.01,20.9
-3.18,-4.72,-2.33,0.99,-0.22,1.67,21
-2.53,-2.75,-1.83,-0.65,-0.67,0.42,21.1
-3.47,-1.79,-0.29,-1.09,-0.28,-1.03,21.2
-23.07,-13.22,1.88,-1.09,-0.44,-1.84,21.3
-11.20,-1.89,-9.32,2.89,-0.68,-2.89,21.4
-8.31,-1.49,0.83,1.47,0.97,0.02,21.5
-9.05,-2.43,0.12,-1.61,0.04,0.93,21.6
-7.70,-1.57,-0.90,0.99,0.74,1.04,21.7
-5.02,-1.19,0.11,0.10,0.25,1.47,21.8
-16.01,-14.42,-4.70,0.47,0.63,1.51,21.9
-12.23,-8.24,2.85,-2.09,0.77,-0.98,22
-6.39,-3.04,0.96,-0.68,-1.87,-0.17,22.1
-6.31,-3.74,-3.19,2.50,0.56,-0.71,22.2
-9.31,-3.11,-1.91,-0.90,-0.02,-2.07,22.3
-7.57,-1.21,2.48,-2.15,-0.17,-1.99,22.4
-9.88,-3.05,0.70,-0.89,-1.02,-1.11,22.5
-20.05,-2.27,-2.00,0.42,0.41,-0.96,22.6
-6.45,-3.24,-3.35,1.76,-0.19,2.34,22.7
-5.73,-3.36,-0.50,1.90,1.14,2.04,22.8
-7.67,-4.28,-0.04,0.88,1.39,1.32,22.9
-5.55,-1.20,0.53,0.58,0.83,0.81,23
-8.93,-9.59,-1.47,1.16,0.18,1.54,23.1
-16.24,-7.43,0.58,0.45,1.08,-0.57,23.2
-8.84,-2.24,1.31,-1.66,-1.97,-0.89,23.3
-5.16,-2.67,-6.13,0.97,-2.06,0.58,23.4
-4.90,-3.10,-2.10,-1.66,-0.07,-0.95,23.5
-6.45,-1.49,2.02,-3.22,-0.72,-1.63,23.6
-22.78,-14.71,-1.85,-1.07,0.56,-1.29,23.7
-12.23,-3.33,-2.94,-0.97,-0.43,-1.70,23.8
-7.63,-1.45,-2.24,1.59,0.76,1.20,23.9
-6.75,-4.55,3.01,-1.26,-0.10,1.60,24
-7.57,-1.60,-0.55,2.64,0.81,0.29,24.1
-8.72,-5.57,-1.59,2.50,1.06,1.38,24.2
-15.75,-12.95,-7.51,1.66,1.11,1.32,24.3
-8.90,-5.80,3.88,-3.22,-0.66,-0.81,24.4
-5.59,-2.04,0.27,-1.33,-2.24,-0.11,24.5
-6.46,-3.46,-5.42,2.27,0.74,-0.41,24.6
-7.32,-2.12,-0.65,-1.48,0.08,-1.65,24.7
-7.31,-1.03,0.51,-1.81,-1.05,-1.43,24.8
-19.03,-10.06,-2.45,0.08,0.66,-1.15,24.9
-8.60,-1.59,-1.77,0.38,-0.84,-0.72,25
-4.80,-0.45,-2.83,3.22,1.15,0.86,25.1
-9.90,-0.28,2.72,-0.36,0.38,-0.30,25.2
-20.06,-8.22,-1.69,2.15,2.08,1.01,25.3
-11.08,-8.56,2.08,-1.48,1.29,2.61,25.4
-6.94,-5.43,1.18,-0.12,-2.19,3.34,25.5
-7.08,-6.50,-2.26,2.68,1.98,2.63,25.6
-2.42,-3.50,-0.81,0.72,1.14,1.38,25.7
-4.02,-6.49,0.69,-0.38,-1.53,-1.67,25.8
-14.19,-5.93,-5.37,1.89,-1.48,-4.14,25.9
-13.71,-0.73,-7.73,2.98,1.00,-3.25,26
-10.38,-2.34,-3.03,0.92,0.93,-0.66,26.1
-9.44,-3.37,-2.54,0.70,1.60,1.00,26.2
-12.99,-7.25,-0.74,-0.35,1.66,1.19,26.3
-13.19,-6.85,4.28,-0.53,1.93,0.81,26.4
-10.02,-5.63,2.92,1.44,0.72,2.79,26.5
-7.66,-3.91,1.15,2.06,0.91,3.31,26.6
-8.00,-3.12,1.34,1.37,-0.07,2.04,26.7
-7.13,-4.04,-2.42,1.94,-0.42,1.13,26.8
-7.63,-3.88,-5.21,1.52,-0.51,0.05,26.9
-8.19,-4.39,-0.03,-0.57,-0.67,-0.91,27
-13.06,-1.66,-4.42,0.22,-0.99,-2.12,27.1
-9.33,0.31,-3.01,0.72,-0.54,-0.84,27.2
-9.94,1.40,-1.65,1.16,0.49,-0.09,27.3
-9.18,0.22,-0.10,1.62,1.05,0.71,27.4
-7.96,-0.91,-1.65,2.18,1.08,1.53,27.5
-6.77,-2.70,-1.98,1.69,1.26,1.66,27.6
-17.44,-6.66,-3.27,0.76,1.48,0.85,27.7
-1.82,-3.31,1.65,-0.87,0.63,-0.87,27.8
-2.99,-1.01,-2.61,-0.92,-2.07,-1.11,27.9
-6.20,-0.13,-4.44,1.14,1.15,-1.28,28
-23.83,-8.66,1.90,-2.46,-0.44,-1.48,28.1
-4.37,1.14,-2.31,0.12,-0.43,-2.65,28.2
-2.46,3.27,-5.45,2.34,1.04,0.32,28.3
-15.89,-9.91,-0.18,0.11,0.08,0.67,28.4
-18.60,-6.92,-2.43,0.32,2.31,-1.09,28.5
-3.78,-2.35,0.69,-2.51,-2.97,2.85,28.6
-2.26,-1.19,-3.97,1.07,0.78,0.12,28.7
-3.62,-1.48,-1.44,-1.08,0.00,-0.42,28.8
-14.55,-9.83,-0.76,-1.87,-0.43,-1.30,28.9
-20.61,0.18,-0.79,-1.01,0.42,-3.06,29
-6.97,2.34,-9.09,2.41,-1.22,0.11,29.1
-9.61,-0.49,1.00,-0.52,0.73,0.53,29.2
-8.82,-0.17,-1.83,1.64,1.15,1.33,29.3
-8.13,-7.03,-1.62,0.86,0.35,2.58,29.4
-11.73,-8.68,-1.73,0.46,0.46,1.98,29.5
-4.87,-3.47,1.98,-1.27,0.20,-1.13,29.6
-5.51,-1.13,1.18,-2.01,-1.97,-1.42,29.7
-6.22,-1.24,-2.92,1.36,0.78,-1.24,29.8
-15.96,-8.75,-2.47,-1.68,-0.25,-1.69,29.9
-19.34,0.14,2.42,-2.30,-0.73,-2.30,30
-6.80,1.88,-7.46,3.26,-0.44,1.39,30.1
-8.89,1.31,0.96,-0.18,0.42,0.82,30.2
-5.63,0.35,-1.28,1.99,1.26,1.80,30.3
-20.34,-5.07,-2.71,0.88,0.78,2.22,30.4
-9.97,-3.95,-0.11,0.72,3.19,0.82,30.5
-2.29,-1.12,4.04,-1.73,-1.53,1.33,30.6
-1.14,-2.27,-4.76,2.98,-0.30,0.77,30.7
-6.78,-1.94,-7.03,1.13,0.04,-1.15,30.8
-23.11,-4.95,-5.05,-1.38,-0.19,-2.23,30.9
-8.03,-0.57,0.70,-0.67,-1.53,-2.14,31
-7.70,2.95,-5.37,2.89,1.33,-1.62,31.1
-12.52,3.85,-1.66,0.72,0.74,-0.73,31.2
-16.53,-2.96,-1.47,1.85,1.84,0.94,31.3
-15.79,-5.56,0.57,1.39,2.94,2.37,31.4
-10.47,-3.94,0.95,-0.02,0.60,3.13,31.5
-8.27,-4.70,0.34,0.58,0.17,2.80,31.6
-6.44,-3.96,0.55,0.71,0.26,1.95,31.7
-7.17,-3.69,-0.69,1.26,-0.80,-0.05,31.8
-8.47,-3.60,-5.19,1.51,-1.31,-0.95,31.9
-14.97,-1.05,-1.92,0.13,-1.31,-1.63,32
-13.21,1.05,-7.53,3.22,-0.03,-0.98,32.1
-8.76,-0.42,-2.18,2.61,0.32,0.47,32.2
-9.83,-0.89,0.08,3.48,1.75,0.92,32.3
-12.36,-0.43,-0.36,3.38,1.57,1.20,32.4
-10.20,-3.72,-0.49,1.98,1.25,2.23,32.5
-11.64,-4.07,-1.61,1.10,0.58,1.35,32.6
-4.38,-2.76,-0.01,0.38,-0.15,0.98,32.7
-4.71,-4.31,-1.11,0.09,-0.93,0.38,32.8
-9.47,-6.13,-3.47,0.49,-0.07,-1.22,32.9
-9.71,-6.22,-1.19,-1.40,-1.09,-2.01,33
-11.96,-1.22,-5.07,0.00,-0.70,-2.44,33.1
-8.70,-0.33,-1.57,-0.73,-0.60,-1.05,33.2
-7.15,0.84,-1.44,0.40,-0.38,-0.36,33.3
-4.65,1.15,-1.41,1.45,0.30,0.19,33.4
-24.32,-10.02,-9.75,2.26,2.13,0.89,33.5
-7.73,-11.91,0.97,-3.78,1.82,0.76,33.6
-3.19,-5.50,3.48,-1.79,-2.91,2.65,33.7
-1.71,-2.52,-5.63,4.64,2.05,1.89,33.8
-2.67,-0.62,-1.94,-0.74,-0.42,-0.17,33.9
-12.50,-1.81,-1.26,-1.76,0.08,-0.80,34
-13.37,5.38,2.23,-1.71,-0.05,-3.18,34.1
-5.09,4.99,-2.99,-0.09,-1.78,-0.19,34.2
-6.69,4.28,-0.67,1.53,1.23,0.32,34.3
-13.70,-4.13,-0.16,0.97,-0.31,1.10,34.4
-15.17,-3.79,-5.70,2.74,2.11,0.66,34.5
-1.78,-1.20,1.79,-2.17,-1.22,0.03,34.6
-2.59,0.24,-1.70,-0.18,-0.04,-0.89,34.7
-12.37,-3.02,-1.39,-0.73,0.32,-1.28,34.8
-19.94,-2.04,1.68,-1.42,0.18,-1.71,34.9
-8.23,2.66,-7.80,1.90,-1.40,-0.61,35
-5.02,1.59,-0.49,0.91,0.71,0.60,35.1
-6.33,0.03,-0.60,0.81,0.53,0.91,35.2
-24.03,-9.24,-5.34,1.27,1.29,0.99,35.3
-3.89,-5.87,2.49,-2.49,-1.03,1.83,35.4
-2.28,-1.31,-1.07,-0.32,-0.48,0.64,35.5
-2.43,-1.80,-3.13,0.16,0.47,-0.51,35.6
-10.02,-1.99,1.10,-1.88,-0.32,-1.74,35.7
-20.40,-3.10,-0.95,-1.68,-0.48,-1.75,35.8
-11.33,3.22,-1.27,-0.70,-1.16,-2.44,35.9
-6.96,2.32,-3.55,2.40,1.45,0.99,36
-7.50,2.72,1.18,0.58,0.40,0.75,36.1
-10.23,-2.00,-1.33,2.07,1.08,2.22,36.2
-19.03,-4.65,-2.27,1.34,3.29,1.05,36.3
-3.20,-1.72,2.70,-1.88,-1.68,2.12,36.4
-1.40,-1.61,-0.12,0.95,-0.46,0.80,36.5
-4.14,-2.61,-4.51,2.20,0.06,-0.11,36.6
-15.64,-8.59,-6.26,-0.29,-0.53,-1.96,36.7
-17.40,-3.06,4.14,-2.67,-0.43,-3.84,36.8
-11.64,1.43,-7.95,3.49,1.63,-2.45,36.9
-10.04,2.52,0.91,0.73,1.06,-1.39,37
-13.78,-1.57,-4.46,2.78,2.90,0.92,37.1
-17.36,-7.54,1.34,-0.37,2.17,1.86,37.2
-11.53,-9.51,5.92,-0.97,-0.05,2.78,37.3
-5.98,-7.34,0.98,1.82,-0.11,3.16,37.4
-6.35,-5.82,-1.23,2.51,-0.38,1.64,37.5
-8.26,-5.14,-0.40,1.47,-0.04,0.88,37.6
-7.67,-5.19,-4.60,1.71,-0.14,0.06,37.7
-10.05,-3.52,-4.23,0.64,-0.66,-1.30,37.8
-8.65,-1.51,-6.76,3.05,0.70,-0.69,37.9
-7.56,-1.28,-4.80,1.69,0.08,-0.63,38
-9.60,-2.55,-1.90,1.13,0.85,-0.58,38.1
-10.36,-1.40,-0.05,1.56,1.56,-0.50,38.2
-9.35,-1.24,-0.33,1.62,1.05,0.54,38.3
-12.84,-4.95,0.68,1.41,0.54,1.12,38.4
-12.72,-5.37,-0.37,1.36,0.76,1.73,38.5
-7.58,-6.11,0.55,0.45,-0.33,2.61,38.6
-5.51,-5.16,-1.16,0.42,-0.87,2.31,38.7
-4.16,-3.51,-0.76,-0.12,-0.34,0.73,38.8
-2.11,-0.97,-1.82,0.01,0.01,-0.11,38.9
-16.07,-5.02,-3.02,-0.84,0.29,-1.12,39
-17.65,1.07,2.87,-2.02,0.69,-3.25,39.1
-8.99,2.36,-5.04,3.33,0.78,-0.77,39.2
-9.28,0.10,-0.32,1.00,0.51,0.10,39.3
-9.32,-0.13,-0.80,1.44,0.91,0.92,39.4
-6.84,0.12,0.90,0.48,-0.27,1.62,39.5
-17.62,-1.37,-0.42,1.13,0.25,2.09,39.6
-19.43,-1.32,1.16,-0.46,0.18,2.27,39.7
-2.45,0.79,0.17,-3.30,-4.45,3.01,39.8
-2.39,6.77,3.53,-2.49,-3.11,0.84,39.9
1.71,3.54,10.65,-2.03,-3.00,0.80,40
0.47,2.64,2.56,0.58,-2.01,0.00,40.1
-0.23,2.90,6.50,1.06,-0.64,0.41,40.2
-2.99,2.52,20.27,-0.24,1.21,0.23,40.3
-3.36,6.18,7.83,0.30,-0.01,-1.40,40.4
-1.21,3.75,7.95,-0.45,-0.15,-0.21,40.5
-1.20,3.34,7.81,0.25,-0.41,-0.18,40.6
-1.96,3.28,6.00,0.50,-0.15,-0.37,40.7
-0.79,3.89,8.43,0.66,-0.32,-0.04,40.8
-2.28,5.04,12.64,0.49,-0.16,0.21,40.9
0.78,5.40,7.52,-0.67,1.43,0.26,41
-1.11,4.42,7.00,-0.54,0.53,-0.10,41.1
0.13,-0.05,4.37,0.81,0.92,-0.05,41.2
0.27,-1.04,-2.79,3.95,5.44,-1.70,41.3
-15.24,-1.48,-3.83,2.13,4.42,-3.41,41.4
-24.93,3.40,-0.90,-1.74,1.91,-4.15,41.5
-10.02,5.42,-3.52,-0.40,-1.75,-1.50,41.6
-7.40,4.99,0.04,0.35,0.57,0.07,41.7
-9.68,2.67,0.27,0.44,-0.10,0.36,41.8
-10.67,-2.76,-1.08,1.75,0.43,2.23,41.9
-17.57,-0.81,-4.29,1.11,1.87,0.61,42
-2.60,-1.85,2.09,-2.47,-1.88,1.01,42.1
-4.45,-0.66,-1.78,-0.41,-0.63,-0.67,42.2
-3.93,-1.00,-4.90,0.76,0.68,-1.00,42.3
-12.21,-13.98,-0.67,-3.22,-1.44,-1.63,42.4
-25.10,-5.52,3.62,-1.24,1.27,-6.06,42.5
-11.04,-0.89,-4.30,4.72,2.54,-2.27,42.6
-9.02,1.85,-2.67,-0.02,-0.60,-0.82,42.7
-9.85,-2.17,0.00,-0.21,-0.15,0.20,42.8
-25.71,-13.23,-0.81,-0.39,0.48,1.32,42.9
-17.39,-13.01,4.92,-2.70,2.34,3.19,43
-8.06,-10.28,2.82,-0.38,-3.81,5.15,43.1
-4.75,-7.17,-1.84,3.03,1.52,3.90,43.2
1.35,-5.85,-1.21,0.77,-0.21,2.42,43.3
-6.74,-7.68,0.02,-0.95,-1.18,-2.35,43.4
-13.54,-10.24,-2.19,2.31,-0.23,-4.53,43.5
-18.59,-5.56,-6.76,3.59,0.74,-5.46,43.6
-10.70,-2.17,-8.35,2.26,0.64,-2.87,43.7
-10.30,-1.76,-3.02,0.61,1.58,-0.63,43.8
-15.03,-5.91,1.49,-0.33,2.70,0.10,43.9
-13.42,-6.82,3.48,-0.45,4.32,1.59,44
-7.75,-8.53,3.54,-1.31,0.86,3.43,44.1
-6.29,-6.17,1.91,-0.01,0.18,2.35,44.2
-7.65,-5.86,3.27,-0.11,0.15,0.93,44.3
-8.77,-8.01,-3.68,2.63,-0.35,0.49,44.4
-7.50,-5.56,-4.90,2.94,0.59,0.13,44.5
-8.54,-6.20,-5.14,1.44,-1.06,-1.02,44.6
-8.14,-3.29,-6.25,2.08,0.11,-1.36,44.7
-8.10,-3.10,-3.04,0.74,0.21,-0.95,44.8
-9.15,-2.61,-2.13,1.00,0.70,-0.88,44.9
-13.95,-5.39,-0.80,0.43,1.01,-0.10,45
-12.19,-7.22,0.55,-0.18,0.68,1.37,45.1
-9.13,-6.53,0.59,-0.02,-0.13,2.66,45.2
-5.47,-6.28,-0.46,0.31,-0.17,2.49,45.3
-3.51,-4.87,-1.18,0.24,-0.27,1.29,45.4
-3.38,-3.69,-1.21,0.01,-0.02,0.00,45.5
-4.69,-2.26,-0.29,-0.78,0.21,-2.08,45.6
-11.27,-6.88,-1.36,-0.74,-0.33,-2.48,45.7
-20.98,-5.65,6.93,-1.16,0.17,-2.81,45.8
-8.13,-0.98,-13.23,5.74,1.40,0.05,45.9
-6.05,-2.74,3.07,-2.36,-0.26,0.84,46
-10.18,-3.68,-1.89,1.15,1.09,1.07,46.1
-8.47,-3.33,1.02,0.10,0.25,1.54,46.2
-8.93,-1.94,-0.31,0.20,-0.47,2.15,46.3
-24.56,-5.88,3.96,-0.59,-1.80,2.87,46.4
-7.52,-2.72,6.26,-2.13,-7.04,2.79,46.5
-0.76,3.26,3.23,-0.02,-5.67,1.55,46.6
0.66,2.22,6.72,0.41,-0.83,0.60,46.7
0.79,3.02,6.11,0.79,-0.13,-0.02,46.8
1.28,2.96,5.90,0.46,-0.18,0.19,46.9
0.63,5.00,7.24,0.64,-0.46,-0.09,47
0.17,5.86,10.39,-0.28,-0.25,-0.04,47.1
-1.50,5.29,7.77,-1.13,0.35,-0.26,47.2
0.04,4.06,8.46,-0.46,-0.22,-0.18,47.3
-0.14,3.76,8.79,0.22,0.01,-0.12,47.4
-0.46,4.16,8.44,0.03,-0.18,-0.14,47.5
-0.48,3.62,8.10,0.19,0.14,-0.08,47.6
0.25,3.59,3.89,0.51,0.29,-0.02,47.7
0.47,3.45,7.72,0.10,0.26,-0.03,47.8
-4.24,4.01,7.94,0.70,0.33,-0.19,47.9
-0.98,5.94,12.46,-2.34,1.48,0.10,48
-3.13,5.26,8.62,-0.50,0.01,0.17,48.1
-1.41,2.57,5.30,0.48,0.37,0.84,48.2
0.26,1.85,4.70,0.06,0.45,1.11,48.3
-1.05,4.93,10.30,0.18,-0.12,0.49,48.4
-2.53,5.69,14.19,-2.71,1.14,0.03,48.5
-2.91,3.79,7.29,1.52,0.70,-1.48,48.6
-1.12,2.85,6.94,0.82,-1.55,-0.67,48.7
-2.35,2.93,7.27,0.39,-1.19,-0.65,48.8
-1.81,3.44,6.27,0.35,-1.11,-0.53,48.9
-1.10,3.20,5.95,0.23,-0.22,-0.27,49
-0.05,5.94,6.24,0.45,-0.51,-0.36,49.1
-0.99,5.41,17.61,-0.19,0.51,-0.12,49.2
1.39,4.78,7.46,0.10,0.10,0.17,49.3
0.79,4.54,6.39,-0.03,-0.04,0.04,49.4
0.45,4.40,6.55,0.20,0.20,-0.08,49.5
0.56,3.74,4.19,0.45,-0.09,-0.04,49.6
-2.34,3.81,8.64,0.56,0.05,-0.34,49.7
-4.86,4.90,8.26,-1.15,2.48,-0.99,49.8
-5.12,5.53,4.47,0.01,0.42,-1.92,49.9
-5.96,4.26,5.30,-0.83,1.67,-1.36,50
-7.47,3.63,9.02,-1.14,2.61,-0.99,50.1
-3.47,3.25,3.66,1.98,-0.12,-0.05,50.2
-14.61,3.71,16.35,1.52,0.33,-0.78,50.3
-11.92,0.10,8.51,2.11,0.32,-1.21,50.4
-4.46,1.09,0.60,3.18,-0.78,0.15,50.5
-5.56,0.85,2.65,1.41,-0.17,-0.01,50.6
-9.78,2.47,0.94,0.92,0.46,-0.23,50.7
-10.67,2.20,4.64,-0.77,0.76,-0.25,50.8
-3.86,2.09,5.48,-1.77,-1.13,0.03,50.9
-7.90,3.03,9.57,-0.75,0.49,-1.82,51
-7.95,1.51,8.54,1.48,-0.09,-1.75,51.1
-7.79,1.34,7.01,2.48,-0.07,-1.13,51.2
-4.11,1.11,5.21,1.94,-1.84,-0.17,51.3
-7.79,-0.09,13.31,1.01,-2.59,-0.35,51.4
-7.25,-0.67,8.57,2.65,-1.00,-1.30,51.5
-5.17,-0.59,6.91,1.61,-1.22,-1.52,51.6
-3.57,0.12,5.79,1.23,-1.32,-0.67,51.7
-4.16,0.73,7.71,0.26,-0.88,-0.22,51.8
-3.85,1.82,9.03,0.04,-0.73,0.01,51.9
-3.45,2.43,11.17,-0.04,-0.47,-0.14,52
-2.50,2.22,9.64,0.05,-0.73,-0.41,52.1
-2.88,2.83,6.97,-0.04,0.31,-0.73,52.2
-2.34,2.09,7.09,0.47,0.22,-0.50,52.3
-3.92,3.21,1.37,1.56,2.01,-0.80,52.4
-3.40,2.92,5.01,1.40,2.06,-0.69,52.5
-6.87,4.59,3.69,2.54,2.12,-0.61,52.6
-15.19,2.65,7.21,-0.44,-0.96,0.38,52.7
-5.29,0.54,0.05,1.18,2.63,-0.50,52.8
-7.38,2.38,1.20,-1.05,0.96,-2.20,52.9
-6.42,0.34,-0.75,0.05,0.07,-1.70,53
-8.34,-1.97,-2.10,-0.08,0.13,-1.93,53.1
-5.67,-3.04,2.62,-2.39,-0.69,-2.20,53.2
-14.60,-11.09,1.69,-2.37,-1.00,-2.66,53.3
-20.54,-2.85,3.65,0.05,1.47,-2.97,53.4
-7.14,-0.67,-6.57,3.68,0.21,0.97,53.5
-6.25,-3.79,1.45,-0.72,0.47,1.43,53.6
-8.98,-4.08,1.27,0.75,1.54,0.96,53.7
-6.70,-2.22,-1.31,2.01,1.45,1.49,53.8
-9.46,-8.46,-0.92,1.04,0.74,2.16,53.9
-10.32,-6.25,-2.64,-0.34,0.67,0.65,54
-3.74,-5.40,5.62,-3.73,-1.31,-0.21,54.1
-5.77,-2.75,-4.51,1.47,-0.76,-1.55,54.2
-8.69,-4.70,-0.09,-0.44,0.64,-1.97,54.3
-8.57,-1.49,1.46,-1.38,0.31,-2.74,54.4
-15.53,-5.78,-1.16,-1.19,-0.77,-1.72,54.5
-16.92,-2.34,5.31,-1.86,-0.91,-0.22,54.6
-6.77,-1.63,-8.26,4.54,-0.04,1.52,54.7
-7.09,-2.13,-2.33,0.91,1.47,1.49,54.8
-8.04,-4.20,-0.07,1.65,1.60,0.99,54.9
-9.38,-2.10,-0.82,1.61,1.55,0.38,55
-9.55,-7.61,-0.60,0.44,0.32,2.15,55.1
-9.32,-12.08,-2.44,-0.12,0.10,2.60,55.2
-6.92,-5.00,2.24,-1.95,-0.62,-1.63,55.3
-6.94,-1.88,-3.96,0.13,-1.13,-1.89,55.4
-8.68,-4.21,-1.98,-0.81,0.30,-1.75,55.5
-6.57,-2.11,2.01,-2.85,-0.64,-1.71,55.6
-17.58,-10.41,1.19,-2.45,-1.02,-0.83,55.7
-15.70,-1.65,1.57,-0.74,0.46,-1.20,55.8
-7.17,-1.60,-4.24,3.54,0.75,1.66,55.9
-5.66,-3.47,0.92,0.00,0.50,1.43,56
-6.69,-1.47,-0.43,1.98,0.77,0.37,56.1
-11.05,-6.80,-2.58,2.73,1.35,0.72,56.2
-11.82,-6.16,-3.04,0.12,1.61,0.75,56.3
-5.39,-4.16,4.25,-3.67,-2.08,0.76,56.4
-3.12,-2.07,-3.38,1.68,-0.13,0.33,56.5
-4.88,-2.48,-3.21,0.92,0.56,-0.70,56.6
-9.26,-4.37,1.75,-2.98,-0.58,-1.94,56.7
-22.25,-8.03,3.09,-1.47,-0.45,-2.32,56.8
-9.04,-3.04,-5.09,2.57,0.45,0.13,56.9
-6.76,-2.34,-0.19,-0.15,0.17,0.77,57
-5.49,-2.04,1.23,-0.17,0.85,0.18,57.1
-14.64,-4.98,-2.16,2.99,2.36,-0.82,57.2
-15.40,-2.21,-0.76,1.97,3.28,-0.16,57.3
-10.60,-7.23,2.65,-0.17,1.08,3.23,57.4
-7.97,-5.84,1.08,0.99,0.86,2.88,57.5
-6.95,-5.10,-0.16,1.28,0.85,2.23,57.6
-7.15,-4.59,1.59,0.08,0.09,1.12,57.7
-9.34,-5.02,-0.73,0.41,-0.82,0.35,57.8
-6.34,-2.91,-3.32,1.36,-0.62,0.03,57.9
-8.82,-5.00,-3.93,0.35,-1.27,-1.51,58
-11.82,-3.45,-5.22,1.31,0.14,-2.63,58.1
-12.96,-1.31,-2.86,1.02,1.00,-2.35,58.2
-10.25,-1.29,-1.13,1.06,1.53,-0.83,58.3
-9.71,-2.65,1.13,0.84,1.51,0.91,58.4
-14.75,-6.42,5.05,0.96,1.28,1.32,58.5
-11.11,-7.29,3.55,1.99,0.41,2.70,58.6
-11.82,-4.17,3.13,2.41,-0.17,2.51,58.7
-8.41,-4.19,2.65,1.05,-2.89,2.57,58.8
-6.98,-2.69,3.76,0.36,-3.96,1.61,58.9
-7.27,-0.36,5.52,0.37,-2.43,0.54,59
-5.01,1.14,8.38,-0.22,-1.67,0.51,59.1
-4.69,1.69,7.64,-0.15,-1.39,0.14,59.2
-2.27,1.68,8.71,-0.67,-1.23,0.11,59.3
-2.17,2.23,6.84,0.09,-0.35,-0.35,59.4
-2.48,2.07,8.86,0.12,0.13,-0.42,59.5
-2.63,1.86,8.47,0.18,-0.13,-0.15,59.6
-2.62,2.06,7.51,0.24,-0.19,-0.11,59.7
-2.64,1.67,6.98,-0.07,0.17,0.07,59.8
-1.15,0.51,4.52,0.43,1.44,-0.26,59.9
-1.92,0.00,-0.57,2.77,4.94,-1.77,60
-27.35,1.33,3.92,1.83,5.12,-3.37,60.1
-12.30,0.69,0.15,-0.37,-0.14,-0.21,60.2
-4.32,1.20,-0.18,-1.00,-0.23,-0.16,60.3
-4.32,-1.63,-1.32,-0.56,-0.21,-0.32,60.4
-5.30,-1.71,-2.56,-0.01,1.09,-1.48,60.5
-10.82,-14.27,1.68,-2.47,-0.69,-1.82,60.6
-23.86,-7.56,6.42,-0.99,0.05,-5.69,60.7
-11.85,-0.46,-8.39,6.07,1.14,-1.57,60.8
-7.18,-3.12,2.31,-2.49,-1.14,0.84,60.9
-8.73,-1.52,-1.05,0.23,0.46,0.39,61
-8.23,-5.09,1.70,0.27,1.04,1.86,61.1
-16.88,-17.99,1.07,-0.49,1.65,2.73,61.2
-9.11,-7.72,3.37,-1.81,-1.53,1.07,61.3
-3.92,-2.39,-2.04,1.44,-1.89,1.39,61.4
-5.31,-4.46,-5.03,2.10,1.62,-0.24,61.5
-7.65,-5.43,0.30,-1.01,0.19,-1.76,61.6
-6.87,-1.81,2.94,-2.23,-0.95,-2.26,61.7
-13.69,-7.02,-1.01,0.08,0.16,-1.33,61.8
-16.49,-2.51,3.41,-0.58,0.65,-0.92,61.9
-6.41,-1.64,-7.23,2.49,-1.06,0.97,62
-6.36,-3.86,0.97,-1.02,0.66,1.39,62.1
-7.91,-3.82,1.78,-0.41,0.38,1.10,62.2
-7.52,-2.44,-1.10,1.68,0.57,0.94,62.3
-8.05,-5.16,-1.73,1.12,0.47,1.82,62.4
-11.23,-10.79,-2.06,-0.08,-0.01,0.41,62.5
-8.38,-5.47,2.44,-1.49,-0.28,-1.32,62.6
-6.43,-3.64,-2.11,0.72,-0.39,-1.22,62.7
-9.39,-3.99,-1.33,0.24,0.02,-1.67,62.8
-9.99,-2.75,1.35,-1.30,-0.28,-2.23,62.9
-7.68,-1.06,1.58,-1.33,-0.48,-1.02,63
-9.31,-1.95,-0.76,-0.36,-0.55,-0.30,63.1
-16.32,-4.47,2.75,-1.44,0.10,0.62,63.2
-8.09,-5.83,-3.68,0.52,-1.88,1.28,63.3
-5.93,-4.52,-0.77,1.93,1.67,2.71,63.4
-6.36,-2.83,1.59,0.38,0.15,1.89,63.5
-10.89,0.52,2.67,1.27,0.36,0.77,63.6
-14.38,-1.82,1.30,1.96,0.11,2.18,63.7
-11.96,2.63,-0.94,1.12,-0.09,0.95,63.8
-4.34,1.32,-1.05,0.83,-1.59,1.29,63.9
-1.42,-1.42,-4.14,3.03,0.01,0.52,64
-4.54,-2.45,-3.14,1.83,0.55,-0.62,64.1
-16.55,-10.94,-3.63,-0.45,-0.40,-2.59,64.2
-16.06,-7.28,2.63,-3.47,-0.75,-5.84,64.3
-10.96,-0.83,-0.90,-0.17,0.38,-3.05,64.4
-9.89,-0.22,-1.11,0.29,0.35,-1.51,64.5
-15.16,-1.85,-1.74,0.96,1.30,-0.85,64.6
-17.39,-6.06,-0.13,0.27,1.61,0.67,64.7
-11.26,-8.34,3.36,-0.98,-0.23,3.69,64.8
-7.46,-7.45,0.38,0.98,-0.55,3.62,64.9
-5.39,-5.85,0.85,0.93,-0.15,2.12,65
-6.90,-5.14,1.10,1.16,0.56,0.67,65.1
-7.53,-4.88,0.98,1.17,0.46,-0.67,65.2
-7.98,-5.99,-2.80,2.35,0.34,-1.31,65.3
-10.57,-6.54,-3.60,1.57,-0.72,-2.42,65.4
-11.30,-2.96,-5.18,2.50,0.19,-2.60,65.5
-9.94,-3.02,-3.06,2.06,0.95,-1.16,65.6
-10.01,-3.32,-0.63,1.10,2.42,-0.09,65.7
-9.44,-4.37,2.43,0.49,2.44,0.67,65.8
-7.41,-4.74,4.13,0.22,1.51,1.80,65.9
-9.20,-8.98,3.38,0.92,0.68,1.86,66
-12.28,-7.24,1.40,1.59,0.06,0.54,66.1
-9.97,-7.24,-0.05,2.08,0.25,1.86,66.2
-4.88,-5.75,-2.19,2.28,-0.26,2.64,66.3
-3.18,-3.31,-2.19,1.49,0.20,1.51,66.4
-3.10,-1.75,-2.06,-0.11,0.05,-0.10,66.5
-8.83,-6.13,-3.21,-0.84,0.29,-0.72,66.6
-18.92,-3.01,2.87,-2.93,1.42,-3.45,66.7
-10.85,0.19,-4.22,-1.34,-3.74,-2.97,66.8
-8.41,-0.21,-1.65,1.21,1.15,-1.45,66.9
-14.02,-0.09,-5.14,0.71,0.42,-1.22,67
-7.10,-0.83,-0.10,-0.73,0.03,1.90,67.1
-13.42,-10.62,-2.14,-0.10,0.19,2.49,67.2
-12.97,-9.56,4.37,-3.21,0.42,1.10,67.3
-2.42,-3.35,1.42,-0.60,-2.42,1.25,67.4
-3.86,-1.98,-5.28,2.55,0.23,-0.79,67.5
-7.39,-2.19,0.46,-0.89,0.40,-2.31,67.6
-8.60,-2.52,0.51,-0.33,0.51,-2.36,67.7
-17.31,-9.28,-0.52,0.11,0.23,-1.03,67.8
-7.25,-4.24,-6.31,1.08,0.39,-1.18,67.9
-6.29,-2.74,-0.64,-0.56,0.16,1.12,68
-7.50,-4.78,1.76,-1.27,0.04,1.66,68.1
-7.13,-1.83,-0.61,1.54,0.65,0.74,68.2
-8.52,-8.36,-2.50,2.09,0.67,1.74,68.3
-12.10,-5.81,-2.08,-0.09,0.84,-0.51,68.4
-5.33,-4.53,5.45,-3.31,-1.21,-1.32,68.5
-4.85,-2.08,-5.18,1.44,-1.07,-0.97,68.6
-7.77,-3.93,-0.45,-0.84,0.94,-1.53,68.7
-7.82,-1.84,1.78,-2.52,-0.03,-2.14,68.8
-14.05,-4.83,0.94,-2.29,-0.99,-1.40,68.9
-16.12,-2.98,1.33,-0.66,0.42,-0.26,69
-6.36,-2.85,-6.03,2.21,-1.15,1.89,69.1
-5.82,-3.65,0.14,0.78,0.55,1.91,69.2
-8.42,-3.97,0.61,1.05,0.81,1.31,69.3
-7.81,-2.01,-1.17,1.98,0.72,0.93,69.4
-9.98,-6.47,-1.35,1.49,0.53,1.92,69.5
-10.95,-6.32,-1.63,0.58,0.84,1.74,69.6
-7.22,-0.73,2.87,-1.66,-1.37,-0.87,69.7
-7.70,2.39,-5.47,1.64,0.39,-1.28,69.8
-8.03,-0.48,-3.85,-0.14,-0.02,-0.60,69.9
-3.70,-0.06,-0.28,-1.63,-0.30,-0.66,70
-9.39,-8.68,0.06,-1.70,-1.09,-0.73,70.1
-19.38,-4.80,2.03,0.47,1.33,-2.48,70.2
-5.76,-2.78,-7.09,3.23,-0.22,-0.05,70.3
-6.58,-1.57,0.29,0.10,0.29,-0.91,70.4
-8.82,-0.16,-1.87,0.58,0.50,-0.62,70.5
-18.64,-10.40,-1.11,0.78,1.23,0.54,70.6
-16.43,-6.69,-0.40,0.18,2.86,1.03,70.7
-7.97,-6.80,2.36,-2.23,-0.74,3.61,70.8
-7.23,-6.75,0.03,0.86,-0.02,3.08,70.9
-3.55,-5.95,-1.04,1.50,1.17,2.15,71
-4.11,-4.59,-0.75,0.26,-0.70,-0.73,71.1
-9.02,-6.39,-3.75,1.21,-1.24,-2.02,71.2
-15.02,-5.27,-4.16,1.71,-0.52,-4.06,71.3
-12.94,-1.69,-6.56,2.59,1.26,-2.88,71.4
-8.94,-2.45,-2.07,0.67,0.96,-0.02,71.5
-12.97,-5.73,0.17,0.04,1.82,0.20,71.6
-12.84,-4.36,-0.04,0.28,1.71,1.02,71.7
-8.66,-6.39,3.01,-0.21,1.06,2.48,71.8
-7.66,-5.65,1.51,0.90,1.52,2.14,71.9
-7.51,-5.86,1.05,0.66,0.74,1.73,72
-7.90,-5.94,1.92,-0.11,-0.09,1.00,72.1
-7.68,-7.40,-2.22,1.53,-0.48,0.54,72.2
-7.52,-5.30,-4.90,1.86,-0.06,-0.20,72.3
-8.23,-4.65,-6.18,1.67,-0.79,-1.05,72.4
-9.07,-2.58,-6.61,1.88,0.03,-1.65,72.5
-8.55,-2.39,-1.89,-0.09,0.31,-1.01,72.6
-11.05,-1.56,-0.71,-0.18,0.48,-0.83,72.7
-12.50,-7.20,0.71,0.59,1.27,1.28,72.8
-12.15,-7.11,-0.59,0.60,0.55,1.51,72.9
-8.69,-5.54,0.49,-0.23,0.14,2.32,73
-5.49,-4.91,0.30,-0.51,-1.08,2.54,73.1
-4.13,-3.47,-0.87,0.66,0.18,1.03,73.2
-3.78,-1.96,-0.97,0.24,0.02,-0.08,73.3
-3.87,-2.07,-0.32,-0.51,-0.44,-1.19,73.4
-18.23,-17.75,-1.08,-0.48,-0.56,-2.10,73.5
-16.33,-3.38,-7.70,2.55,0.47,-5.50,73.6
-8.08,-0.80,-1.03,2.98,0.66,0.14,73.7
-8.78,-2.08,0.19,-0.78,0.05,0.74,73.8
-9.49,-2.22,-0.23,0.06,0.81,0.60,73.9
-10.15,-6.39,0.08,-0.04,0.44,2.34,74
-14.92,-10.74,-1.27,0.63,1.38,2.39,74.1
-6.86,-6.71,2.23,-2.53,-2.20,1.67,74.2
-2.22,-2.34,-1.42,-0.02,-1.67,0.50,74.3
-5.03,-3.13,-2.45,1.26,0.67,-1.75,74.4
-6.62,-2.16,1.04,-1.90,-0.11,-2.74,74.5
-22.23,-13.00,0.56,-0.99,0.26,-2.66,74.6
-14.22,-3.19,-3.31,1.14,-0.40,-1.48,74.7
-8.74,-2.40,-1.87,2.99,0.34,1.48,74.8
-6.27,-3.12,3.48,-1.41,-0.67,1.53,74.9
-6.20,-1.75,0.70,1.64,0.51,0.88,75
-10.96,-7.80,-0.63,2.61,1.42,1.06,75.1
-9.46,-5.63,0.23,0.82,2.27,1.00,75.2
-3.68,-5.16,3.59,-3.57,-2.74,0.70,75.3
-5.08,-1.38,-3.49,-0.16,-0.92,-0.90,75.4
-5.22,-2.19,0.56,-1.49,0.29,-1.29,75.5
-13.76,-9.51,1.33,-1.94,-0.16,-1.38,75.6
-19.51,-1.72,4.68,-1.38,0.28,-2.69,75.7
-6.03,-0.25,-5.74,3.89,0.24,0.18,75.8
-4.69,-2.18,2.47,-0.66,0.71,1.33,75.9
-6.27,-0.46,-0.11,1.61,1.08,0.68,76
-15.66,-8.13,-4.39,1.91,1.20,1.14,76.1
-10.83,-6.00,3.98,-1.77,1.71,1.07,76.2
-4.15,-4.24,3.72,-0.92,-2.21,1.87,76.3
-2.88,-1.46,-3.25,2.89,0.87,0.29,76.4
-4.13,-0.71,-2.70,1.62,0.82,-0.24,76.5
-8.69,-5.78,-1.21,-1.61,-0.50,-0.85,76.6
-17.99,-7.17,5.97,-2.63,-0.50,-1.72,76.7
-8.09,-0.08,-9.49,3.86,1.20,-1.94,76.8
-8.27,1.87,1.63,-1.02,-0.31,-0.87,76.9
-12.68,-1.76,-0.32,1.59,1.78,-0.51,77
-21.25,-5.08,-4.25,2.84,3.42,-0.01,77.1
-14.31,-10.33,3.23,-3.23,-0.44,3.75,77.2
-8.06,-8.40,2.64,-1.35,-1.45,4.92,77.3
-4.95,-8.21,0.51,1.63,0.59,3.44,77.4
-2.36,-3.59,1.45,1.04,0.23,1.07,77.5
-9.24,-6.61,-3.79,1.90,-1.82,-2.88,77.6
-14.81,-6.24,-3.61,2.90,-0.43,-4.00,77.7
-14.95,-2.01,-2.82,1.49,0.29,-3.53,77.8
-11.86,-0.61,-5.26,2.74,1.06,-1.44,77.9
-14.20,-7.14,2.37,-1.05,1.64,0.89,78
-11.76,-6.84,1.97,-0.15,1.10,1.18,78.1
-9.11,-4.83,2.24,0.96,1.29,1.96,78.2
-7.31,-6.17,1.42,1.03,1.02,2.27,78.3
-7.93,-6.00,1.32,0.58,0.13,1.98,78.4
-10.95,-4.29,2.00,0.22,-0.53,1.20,78.5
-8.69,-1.65,-0.59,1.44,-0.57,0.96,78.6
-10.11,-0.88,-0.53,0.66,-2.81,0.56,78.7
-9.48,1.32,2.32,1.57,-1.99,0.10,78.8
-8.56,1.31,4.18,1.30,-3.34,-0.19,78.9
-5.31,0.15,6.84,0.50,-2.88,-0.09,79
-4.61,0.57,5.47,1.16,-1.82,-0.39,79.1
-4.38,0.76,9.42,0.51,-1.98,-0.29,79.2
-5.11,1.62,8.55,0.76,-0.57,-0.55,79.3
-3.41,2.33,5.12,0.13,0.29,-0.02,79.4
-2.58,2.31,7.64,-0.44,0.23,0.44,79.5
-2.55,2.50,8.26,-0.19,1.04,0.54,79.6
0.08,2.58,5.17,0.04,-0.01,0.68,79.7
-1.43,4.28,8.36,0.43,0.27,0.42,79.8
-4.02,2.54,18.65,-2.79,-0.29,-0.35,79.9
-3.99,3.00,4.44,0.56,-1.51,-1.55,80
-2.63,2.22,5.54,0.54,-0.95,-0.30,80.1
-2.63,2.23,6.57,0.29,-0.05,-0.05,80.2
-1.76,2.69,5.16,0.54,0.06,-0.19,80.3
-4.55,2.32,13.44,0.24,-0.25,0.01,80.4
-2.51,2.74,7.89,-0.63,0.88,0.53,80.5
0.36,3.46,8.64,-0.61,-0.33,0.69,80.6
-0.34,4.27,8.72,-1.18,0.96,0.28,80.7
-0.13,2.85,6.53,0.12,0.50,0.07,80.8
0.43,1.74,6.93,0.66,-0.32,0.24,80.9
-4.70,2.18,21.45,0.68,-0.88,-0.45,81
-4.48,4.81,10.35,-0.23,-2.46,-1.25,81.1
-2.04,3.10,5.53,1.47,0.03,-0.91,81.2
-0.65,2.52,5.31,0.72,-0.52,-0.04,81.3
-0.98,2.50,7.73,-0.27,0.04,0.17,81.4
0.92,4.25,5.15,0.38,-0.67,-0.02,81.5
-1.48,3.42,14.70,-0.53,0.40,0.19,81.6
0.80,4.90,6.64,-0.62,0.94,0.37,81.7
1.14,3.43,8.04,-0.69,0.08,0.42,81.8
-0.33,2.63,6.75,0.18,0.61,0.14,81.9
1.10,2.89,7.63,0.46,-0.11,0.49,82
-0.57,5.01,10.60,1.08,-0.16,0.03,82.1
-1.25,5.40,9.78,-1.72,-0.23,-0.41,82.2
-0.03,3.71,7.58,0.72,0.43,-0.90,82.3
0.70,3.29,5.12,0.45,-0.28,-0.31,82.4
-1.47,2.28,7.79,-0.32,-0.12,-0.68,82.5
-0.85,1.82,6.96,1.37,0.18,-0.71,82.6
-9.67,1.42,1.86,2.06,4.86,-1.82,82.7
-5.68,0.35,-1.02,1.26,4.63,-2.36,82.8
-10.72,0.25,0.44,-0.09,1.59,-3.53,82.9
-8.57,-3.22,0.69,-0.27,0.03,-2.83,83
-17.77,-17.08,-1.11,-0.76,-0.94,-3.03,83.1
-15.71,-2.65,3.07,-1.74,-1.44,-4.03,83.2
-8.71,-1.56,-3.96,3.43,0.27,-0.28,83.3
-8.11,-0.29,-0.05,-0.57,0.07,-0.12,83.4
-8.86,-4.95,0.61,0.53,0.66,1.00,83.5
-22.24,-15.76,-2.55,1.04,2.57,0.90,83.6
-10.27,-9.67,1.88,-1.74,-0.37,3.51,83.7
-7.18,-6.50,1.05,0.75,-1.25,3.42,83.8
-6.87,-7.97,-1.78,1.88,0.72,2.60,83.9
-2.94,-4.47,0.90,-0.19,0.27,1.19,84
-7.21,-5.99,-2.18,-0.03,-1.47,-1.98,84.1
-11.21,-6.52,-2.00,0.80,0.02,-3.46,84.2
-16.59,-4.34,-0.52,0.26,0.70,-4.13,84.3
-13.34,-0.18,-4.26,2.50,1.99,-2.73,84.4
-13.12,-4.58,0.41,0.80,2.08,0.27,84.5
-13.82,-7.35,2.00,0.50,2.58,1.19,84.6
-9.07,-8.58,3.09,-1.15,0.90,3.42,84.7
-5.72,-7.36,3.25,-0.27,-0.16,3.02,84.8
-7.59,-6.18,1.37,1.46,0.71,1.08,84.9
-7.31,-6.01,2.28,0.88,0.13,0.70,85
-6.02,-6.03,-2.39,2.86,0.37,-0.22,85.1
-10.00,-6.01,-6.94,2.87,0.13,-0.76,85.2
-9.39,-3.86,-3.90,1.80,-0.08,-0.94,85.3
-10.01,-2.48,-3.57,1.87,0.13,-0.92,85.4
-12.73,-0.18,-1.10,1.58,1.68,0.12,85.5
-12.95,-0.44,3.69,0.20,0.86,1.77,85.6
-11.08,-2.56,6.50,-0.16,-2.74,3.17,85.7
-5.30,-3.95,6.10,-0.28,-5.52,3.04,85.8
-5.53,-2.65,4.35,1.04,-3.53,0.20,85.9
-3.09,0.41,6.97,0.18,-2.52,-0.21,86
-1.04,1.23,6.95,0.01,-1.24,-0.01,86.1
-0.77,1.83,6.52,0.02,-0.12,-0.04,86.2
-0.75,2.27,8.63,0.13,0.33,-0.02,86.3
0.54,3.70,7.46,0.20,-0.09,0.31,86.4
0.96,3.73,10.00,0.73,-0.07,0.32,86.5
-0.48,3.16,14.28,-1.32,0.64,0.08,86.6
-1.81,3.94,7.95,0.22,-0.49,-1.24,86.7
-0.66,3.23,7.29,0.17,-0.49,-0.26,86.8
-0.76,2.92,9.15,-0.20,-0.22,-0.13,86.9
-0.69,2.97,7.93,0.20,-0.36,-0.42,87
-0.53,3.69,5.68,0.60,-0.81,-0.21,87.1
0.10,2.83,13.93,-0.30,-0.54,0.15,87.2
3.48,4.14,7.57,0.00,0.07,0.34,87.3
1.88,3.79,8.22,-0.64,0.37,0.47,87.4
2.36,3.68,8.19,-0.11,0.13,0.14,87.5
2.54,3.21,8.30,0.12,0.17,0.09,87.6
2.00,3.24,6.60,0.07,0.11,-0.07,87.7
1.30,3.32,5.90,0.51,0.12,-0.40,87.8
-0.33,4.54,8.68,0.85,-0.14,-0.50,87.9
-1.03,3.20,17.71,-2.08,0.64,-0.15,88
-2.01,4.09,8.26,0.36,-0.21,-1.35,88.1
-0.87,2.95,6.98,0.29,0.42,-0.36,88.2
-1.55,2.46,10.08,-0.12,0.30,-0.32,88.3
-2.31,3.12,9.16,-0.13,-0.25,-0.26,88.4
-1.60,2.94,6.56,-0.11,-0.17,-0.01,88.5
-0.84,3.45,3.72,0.09,-0.55,0.12,88.6
-2.40,3.15,15.74,-0.08,0.20,0.04,88.7
-2.68,2.68,5.74,-0.51,2.20,0.56,88.8
-0.14,0.77,8.16,-1.48,0.87,1.58,88.9
-0.60,1.72,8.10,-0.37,1.25,0.99,89
-2.14,1.45,7.23,-0.19,4.35,0.04,89.1
-2.52,0.29,-1.46,1.52,5.82,-1.03,89.2
-4.54,-2.94,2.09,-1.86,-0.05,-2.06,89.3
-16.38,-17.82,2.28,-1.57,-0.62,-2.46,89.4
-14.93,-3.83,-2.27,0.90,2.39,-4.92,89.5
-8.33,-0.37,-0.12,2.42,1.06,-1.13,89.6
-9.59,-1.55,0.87,0.23,0.62,0.29,89.7
-8.92,-2.64,2.54,0.64,1.29,0.59,89.8
-8.75,-2.93,1.37,1.06,1.12,1.73,89.9
-13.56,-10.85,2.47,0.25,-0.07,2.60,90
-9.74,-6.59,4.00,0.13,1.38,2.33,90.1
-3.02,-2.94,0.95,0.10,-0.77,1.32,90.2
-2.15,-2.73,-5.81,1.58,-0.32,0.08,90.3
-5.92,-3.33,-2.03,-0.27,0.84,-1.36,90.4
-7.16,-3.73,3.30,-3.54,-0.51,-2.44,90.5
-21.69,-13.53,5.42,-2.85,-0.25,-2.56,90.6
-13.32,-2.74,-2.03,1.64,-0.30,-1.85,90.7
-8.71,-0.10,-2.10,2.78,-0.82,0.06,90.8
-8.29,-1.55,1.12,-0.84,-0.19,0.37,90.9
-7.49,-1.66,0.37,1.38,1.54,0.50,91
-11.08,-5.57,0.96,0.92,1.23,1.08,91.1
-19.68,-9.47,3.96,-0.79,0.95,1.06,91.2
-8.32,-6.76,5.44,-1.64,-1.68,2.25,91.3
-3.77,-5.42,0.37,3.83,0.39,2.14,91.4
-3.67,-4.85,-2.72,3.73,0.80,1.08,91.5
-8.04,-4.15,-2.56,1.20,0.83,-1.70,91.6
-9.64,-5.01,1.54,-0.21,0.43,-2.26,91.7
-14.74,-4.41,-2.13,1.05,-0.98,-3.58,91.8
-11.68,-1.79,-4.64,3.49,1.98,-2.24,91.9
-11.56,-2.22,-2.28,1.31,2.53,-0.45,92
-11.06,-3.89,1.51,0.25,3.14,0.53,92.1
-9.76,-4.56,3.23,-0.64,2.20,1.76,92.2
-12.76,-10.68,5.75,-0.66,0.85,2.38,92.3
-12.10,-10.26,4.91,1.85,-0.18,1.97,92.4
-10.29,-8.08,0.92,3.58,-0.12,2.32,92.5
-8.46,-7.61,0.03,3.12,-0.83,2.35,92.6
-7.51,-6.27,-0.82,3.11,-0.28,1.72,92.7
-6.17,-4.69,-3.34,2.93,0.38,0.87,92.8
-7.13,-4.93,-4.08,1.34,-0.01,-0.03,92.9
-7.16,-4.42,-1.09,-1.47,-0.87,-1.82,93
-13.10,-7.03,0.14,-1.74,-1.30,-2.62,93.1
-12.57,-2.99,-0.78,-0.40,0.09,-2.77,93.2
-10.12,-1.67,-1.04,-0.21,-0.14,-1.41,93.3
-9.61,-1.90,-0.03,-0.03,0.00,-0.04,93.4
-9.60,-2.35,-0.83,1.10,0.70,0.54,93.5
-8.23,-3.23,0.52,1.01,0.67,1.56,93.6
-6.35,-1.82,-0.46,1.28,0.43,1.91,93.7
-12.36,-10.46,-1.42,1.12,0.32,2.47,93.8
-11.97,-6.14,2.20,-1.40,0.74,0.67,93.9
-4.69,-3.98,0.96,-1.51,-1.63,1.06,94
-4.08,-3.08,-3.03,0.77,-0.04,-0.74,94.1
-7.79,-3.99,-0.92,-0.65,0.28,-2.14,94.2
-9.21,-1.79,2.65,-1.86,0.04,-3.10,94.3
-15.93,-6.77,1.16,-1.29,-0.65,-1.94,94.4
-16.75,-2.06,2.13,0.06,0.34,-1.11,94.5
-10.43,-2.98,-5.33,3.80,-0.29,1.48,94.6
-7.31,-5.36,3.74,-1.73,0.14,2.59,94.7
-7.65,-5.62,1.61,0.93,0.28,2.03,94.8
-5.47,-2.98,-1.26,2.98,0.94,1.21,94.9
-5.06,-2.37,-2.23,1.99,0.20,1.08,95
-14.04,-9.09,-1.94,-0.60,0.36,0.31,95.1
-8.34,-5.59,3.30,-3.42,-0.35,-1.62,95.2
-7.70,-2.13,-0.36,-1.08,-1.29,-2.00,95.3
-9.98,-3.82,-1.85,0.46,0.50,-2.15,95.4
-12.69,-2.42,4.89,-1.39,0.22,-2.40,95.5
-6.56,0.58,1.24,-0.04,-0.42,-0.42,95.6
-9.80,-3.59,0.09,0.27,-0.16,0.69,95.7
-16.21,-4.51,7.01,-1.02,1.33,0.52,95.8
-7.28,-3.81,-6.09,4.05,0.19,2.58,95.9
-4.62,-4.52,1.49,0.60,0.39,2.38,96
-6.31,-4.49,2.14,0.70,0.18,0.66,96.1
-8.74,-3.79,-0.73,2.04,0.52,-0.53,96.2
-8.17,-2.12,-1.94,2.02,0.72,-0.65,96.3
-4.91,-1.84,-0.90,-0.69,-1.42,0.31,96.4
-19.00,-7.58,-3.26,-0.25,0.26,-0.61,96.5
-9.62,-4.29,3.34,-2.77,0.06,-1.05,96.6
-6.17,-1.40,1.28,-1.65,-1.26,-0.13,96.7
-10.33,0.55,1.18,-0.27,0.55,-1.38,96.8
-10.03,2.16,1.17,-0.50,0.57,-0.58,96.9
-8.51,2.29,3.79,-1.76,-1.30,1.27,97
-20.65,-3.09,4.17,0.07,-0.36,1.49,97.1
-13.62,-1.43,3.42,0.94,-1.57,1.57,97.2
-8.27,-1.36,1.63,2.40,-2.48,2.42,97.3
-4.19,-0.59,1.95,0.64,-3.94,1.66,97.4
-2.78,0.67,2.39,0.73,-3.66,0.90,97.5
-5.99,4.84,15.18,-0.43,-2.11,-0.52,97.6
2.00,6.07,9.01,-0.58,0.02,0.06,97.7
0.53,4.22,8.10,-0.20,-0.14,-0.33,97.8
-0.67,4.12,5.13,0.68,-0.64,-0.52,97.9
-0.73,4.30,11.69,0.60,0.14,0.04,98
-0.30,4.02,14.53,0.83,-0.03,0.14,98.1
-1.65,4.91,7.26,0.60,0.42,-1.20,98.2
-0.27,2.77,5.98,0.76,1.08,-1.05,98.3
-6.18,4.30,-5.44,6.55,8.06,-2.26,98.4
-4.57,5.97,-1.33,3.49,1.70,-0.97,98.5
-13.47,6.99,-2.12,1.14,-0.07,-2.37,98.6
-11.94,4.79,-1.40,2.90,-0.17,-0.22,98.7
-5.39,2.73,-2.65,2.97,-0.33,1.29,98.8
-3.82,1.84,-3.15,2.28,0.16,0.73,98.9
-7.29,-0.91,-2.44,0.49,-0.31,-0.92,99
-10.84,-5.17,-5.12,0.72,0.71,-1.71,99.1
-9.12,-6.38,-1.30,-0.16,-0.77,-1.93,99.2
-11.16,-7.60,0.22,-2.54,-3.08,-3.66,99.3
-13.66,-4.51,-2.00,-0.09,0.51,-3.52,99.4
-9.87,-3.02,-3.16,1.00,0.15,-1.25,99.5
-8.59,-1.94,-2.42,0.40,0.26,-0.31,99.6
-9.40,-3.51,-2.22,0.99,1.27,0.59,99.7
-13.81,-8.98,1.04,0.53,1.71,0.92,99.8
-11.68,-8.69,3.80,0.38,1.62,1.99,99.9
-7.94,-6.22,1.10,1.43,1.19,3.14,100
-5.12,-6.25,1.51,0.30,-0.55,2.25,100.1
-6.43,-5.31,0.69,0.80,-0.30,1.05,100.2
-7.33,-4.94,-1.43,1.38,0.14,-0.20,100.3
-7.74,-7.38,-3.52,1.70,0.51,-0.56,100.4
-10.58,-4.24,-3.03,-0.12,-0.65,-2.18,100.5
-8.81,-3.41,-2.27,0.18,-0.34,-0.94,100.6
-7.91,-3.21,-3.28,0.72,-0.03,-0.69,100.7
-8.09,-2.76,-2.42,0.71,0.44,-0.52,100.8
-9.25,-3.96,-2.26,0.68,0.79,0.22,100.9
-6.97,-2.17,-1.12,0.13,0.45,0.65,101
-4.70,-1.53,-0.27,-0.05,-0.07,1.50,101.1
-16.23,-15.38,-3.14,0.02,0.00,1.74,101.2
-12.44,-4.77,2.93,-1.20,0.91,0.38,101.3
-1.19,-2.09,-1.17,-0.39,-2.33,1.49,101.4
-2.82,-0.16,-3.97,1.13,1.05,-0.81,101.5
-10.83,-11.68,-0.20,-1.54,-0.16,-0.65,101.6
-21.53,-5.96,8.15,-2.08,-0.24,-2.20,101.7
-11.39,-0.43,-5.15,5.90,1.87,-0.35,101.8
-6.18,-2.68,1.23,-0.92,-0.04,1.01,101.9
-9.53,-3.08,-1.77,0.96,0.77,0.51,102
-6.94,-2.83,-0.40,0.82,1.01,1.14,102.1
-8.63,-6.74,-1.43,0.25,0.27,1.95,102.2
-12.58,-8.77,-0.97,-0.39,1.16,1.42,102.3
-6.78,-6.39,3.79,-3.53,-1.71,0.24,102.4
-5.76,-2.53,-3.43,-0.57,-2.83,0.77,102.5
-9.50,-4.45,-0.56,-0.48,1.10,-1.01,102.6
-10.08,-2.54,4.22,-2.68,-0.76,-2.13,102.7
-6.87,0.69,-0.14,0.65,0.10,-1.98,102.8
-10.17,-2.31,-2.51,0.14,-0.53,-1.34,102.9
-18.27,-3.11,2.92,-1.69,0.71,-0.96,103
-10.07,-5.14,-3.74,0.46,-0.85,1.12,103.1
-7.03,-5.49,0.69,0.54,0.99,2.96,103.2
-7.00,-5.50,1.66,-0.04,0.03,2.48,103.3
-6.65,-3.26,-0.76,2.27,0.60,0.72,103.4
-4.39,-1.90,-1.59,2.29,0.44,1.08,103.5
-11.87,-10.63,-1.63,0.16,0.19,0.59,103.6
-12.32,-5.53,0.78,-1.00,1.12,-2.91,103.7
-8.15,-3.89,1.43,-2.03,-2.52,-1.77,103.8
-9.85,-4.69,-1.57,0.19,0.21,-2.21,103.9
-12.50,-2.77,-0.83,-0.98,0.15,-2.83,104
-7.00,1.63,2.31,-2.49,-0.88,-1.57,104.1
-15.53,-7.49,-1.07,-1.20,-2.17,0.72,104.2
-16.60,-4.14,2.09,0.09,1.08,0.60,104.3
-8.56,-5.55,-2.67,1.95,-0.98,2.75,104.4
-8.51,-4.14,0.16,1.98,1.35,2.73,104.5
-10.15,-3.70,1.82,0.85,0.72,2.10,104.6
-6.72,-1.28,0.43,1.64,-1.02,2.41,104.7
-5.04,-1.94,0.13,2.30,-0.36,2.22,104.8
-12.60,1.00,-1.59,1.25,0.39,-1.19,104.9
-4.29,-0.87,-3.48,1.18,-0.04,-1.50,105
-6.67,-2.89,-5.58,0.88,0.28,-2.13,105.1
-9.08,-6.51,-1.77,-1.23,-0.43,-2.51,105.2
-16.58,-16.34,5.05,-3.65,-0.39,-3.38,105.3
-11.76,-3.76,-0.26,-2.04,-0.91,-4.81,105.4
-6.93,-0.18,-2.40,1.56,0.54,-0.68,105.5
-9.76,-1.49,-2.57,0.83,0.71,-0.05,105.6
-16.09,-8.77,-2.55,1.76,3.14,0.97,105.7
-16.88,-10.83,6.45,-1.28,2.44,1.14,105.8
-12.42,-10.42,5.44,0.20,0.69,3.12,105.9
-8.22,-9.76,1.01,2.59,1.86,3.73,106
-9.63,-7.00,2.04,0.23,-1.77,2.77,106.1
-12.41,-5.93,2.46,0.56,-1.98,1.92,106.2
-9.53,-0.23,4.25,1.10,-4.23,0.86,106.3
-10.28,1.52,4.55,1.10,-5.29,-0.97,106.4
-7.30,0.26,6.90,0.83,-4.03,-1.36,106.5
-3.47,0.01,6.36,1.26,-2.35,-1.78,106.6
-3.17,0.11,9.34,0.65,-1.75,-1.73,106.7
-1.98,1.14,7.22,0.69,-1.05,-1.45,106.8
-1.86,0.69,10.21,-0.47,-0.03,-1.23,106.9
-4.26,0.73,10.00,0.29,0.46,-1.35,107
-1.96,-0.53,5.44,0.72,0.71,-0.90,107.1
-1.71,-3.04,-1.16,2.59,4.99,-1.76,107.2
-8.64,-5.85,-2.06,2.25,5.85,-3.66,107.3
-11.24,-7.20,0.47,-0.68,0.29,-4.49,107.4
-16.04,-5.48,0.27,-2.06,-1.63,-4.24,107.5
-13.43,-5.72,1.59,-0.80,0.10,-0.49,107.6
-7.54,-2.14,-7.68,1.91,-1.54,0.40,107.7
-7.25,-3.13,1.12,-1.04,0.70,1.01,107.8
-9.70,-4.62,0.40,-0.10,0.59,1.38,107.9
-6.02,-3.35,-0.68,1.22,0.78,2.29,108
-7.52,-8.44,-1.17,0.75,0.12,2.37,108.1
-13.67,-4.92,-0.73,-0.33,1.44,-0.14,108.2
-2.98,-4.63,1.72,-2.52,-0.97,0.05,108.3
-5.31,-1.80,-1.24,-1.03,-1.12,-1.77,108.4
-9.60,-4.73,-0.62,-0.38,0.81,-2.31,108.5
-10.34,-1.32,1.90,-1.66,0.03,-3.23,108.6
-15.55,-5.02,-0.27,-1.45,-0.34,-1.55,108.7
-14.55,-3.72,2.26,-0.09,0.32,0.89,108.8
-7.97,-5.46,-3.46,3.01,0.11,2.56,108.9
-6.29,-4.99,-0.60,0.90,1.05,2.69,109
-4.02,-3.03,1.10,-0.04,-0.13,2.10,109.1
-4.56,-1.60,0.78,0.77,0.01,0.70,109.2
-10.27,-10.40,-2.22,1.75,0.68,0.71,109.3
-15.50,-5.47,-1.58,-0.21,0.77,-1.50,109.4
-6.41,-3.14,1.31,-2.44,-2.17,-0.35,109.5
-6.01,-1.98,-4.39,0.36,-1.16,-1.13,109.6
-6.85,-1.98,0.06,-1.81,-0.12,-1.59,109.7
-10.94,-3.07,1.73,-2.24,-0.42,-1.62,109.8
-16.94,-2.34,2.26,-0.83,0.90,-0.57,109.9
-6.06,-2.26,-4.70,1.31,-2.03,1.15,110
-4.49,-3.01,1.86,0.72,0.64,1.55,110.1
-6.51,-2.08,0.03,1.52,0.34,0.72,110.2
-9.38,-2.90,-4.10,2.65,1.01,0.75,110.3
-20.15,-10.27,4.24,-0.55,0.95,1.37,110.4
-4.52,-4.68,3.34,-1.52,-2.14,1.70,110.5
-2.26,-1.10,-1.62,0.80,-0.23,0.18,110.6
-4.10,-1.49,-5.63,1.01,0.68,-1.10,110.7
-7.32,-3.81,0.29,-1.90,-0.09,-2.34,110.8
-23.88,-9.46,7.34,-3.47,0.05,-2.90,110.9
-7.57,0.09,-8.53,3.60,1.42,-1.79,111
-7.10,-2.93,0.28,-0.36,0.55,1.00,111.1
-7.62,-0.50,-0.21,0.64,0.71,0.36,111.2
-8.43,-2.85,0.42,0.52,0.66,0.55,111.3
-18.09,-6.67,-1.01,1.21,0.74,0.68,111.4
-10.80,-5.04,2.07,0.17,1.55,1.47,111.5
-5.04,-3.46,1.80,-0.15,-1.25,2.36,111.6
-5.73,-5.21,-1.70,2.46,1.06,1.64,111.7
-6.43,-5.37,-1.92,1.11,1.18,0.44,111.8
-8.88,-5.40,1.36,-1.12,-0.59,-1.50,111.9
-8.97,-3.65,-3.94,2.02,-0.03,-2.23,112
-11.43,-2.11,-3.12,1.42,0.25,-2.46,112.1
-11.41,-1.34,-3.88,1.88,1.40,-1.32,112.2
-10.83,-2.16,-1.19,1.08,1.53,0.01,112.3
-12.95,-6.17,1.39,-0.19,1.44,1.46,112.4
-9.88,-7.02,2.96,-0.17,0.70,1.77,112.5
-7.47,-5.17,1.19,1.60,0.85,1.80,112.6
-6.86,-4.15,-0.02,2.00,0.80,1.31,112.7
-8.49,-4.55,0.44,0.72,0.57,0.74,112.8
-9.66,-4.79,-0.29,0.17,-0.19,0.45,112.9
-9.15,-6.40,-4.77,0.89,-0.30,0.46,113
-8.30,-3.28,-0.62,-0.59,-0.57,-0.63,113.1
-10.64,-3.65,-6.76,2.20,0.16,-1.90,113.2
-9.06,-2.35,-4.28,3.29,1.08,-1.15,113.3
-8.10,-3.01,-1.55,0.94,1.05,-0.17,113.4
-7.95,-3.03,-1.06,0.99,0.98,0.06,113.5
-7.73,-2.73,-0.60,1.02,1.04,0.31,113.6
-8.20,-2.04,-0.43,0.71,0.86,0.51,113.7
-7.42,-2.26,-0.24,0.34,0.16,1.53,113.8
-16.18,-13.80,-2.54,0.33,0.25,2.36,113.9
-11.12,-5.46,-1.57,-0.55,0.57,1.40,114
-4.16,-2.56,-0.18,-1.50,-1.66,0.13,114.1
-5.35,-2.67,-2.25,0.00,-0.55,-1.23,114.2
-9.63,-1.79,-1.81,-0.10,0.70,-2.47,114.3
-9.91,-4.80,1.38,-1.37,-0.26,-1.66,114.4
-15.70,-5.65,4.74,-1.27,0.17,-0.78,114.5
-7.85,-2.39,-7.21,2.97,-0.06,-0.76,114.6
-5.26,-1.98,-0.68,0.16,0.49,0.89,114.7
-5.78,-2.70,2.34,-0.48,0.09,0.95,114.8
-10.39,-4.46,-2.95,2.39,0.62,0.07,114.9
-16.35,-11.14,0.69,0.34,1.30,1.08,115
-3.40,-5.65,0.91,-2.07,-1.82,2.21,115.1
-2.53,-2.44,1.14,-0.81,-1.82,0.49,115.2
-6.31,-3.40,-1.53,1.54,0.98,-1.53,115.3
-6.52,-1.37,-1.53,0.65,0.49,-1.85,115.4
-12.68,-8.51,1.06,-1.77,-0.82,-1.12,115.5
-18.69,-4.99,3.58,-0.53,0.86,-1.79,115.6
-7.56,-1.11,-8.28,3.90,0.73,0.77,115.7
-5.31,-3.03,1.35,-1.55,-0.07,1.18,115.8
-8.95,-2.70,1.72,0.02,0.97,0.25,115.9
-8.41,-2.81,-2.50,1.97,0.98,0.60,116
-22.26,-10.11,-4.50,0.56,1.80,2.09,116.1
-6.96,-6.45,3.33,-2.68,-0.52,1.90,116.2
-3.93,-1.36,3.44,-3.38,-2.09,1.17,116.3
-6.12,0.53,-2.40,1.72,0.39,-0.45,116.4
-5.66,1.42,-2.90,0.19,0.19,-0.72,116.5
-6.61,-1.63,-0.59,-1.43,0.12,-0.45,116.6
-18.23,-6.34,2.44,-1.99,0.61,-2.22,116.7
-11.14,-0.39,-3.47,-0.20,-1.25,-4.15,116.8
-7.28,0.71,-2.59,4.06,1.69,-0.88,116.9
-6.30,-0.06,2.24,-0.91,0.20,0.27,117
-11.17,-5.47,-0.81,2.23,1.46,0.53,117.1
-21.22,-4.27,-7.07,1.62,3.54,0.16,117.2
-4.17,-5.29,6.91,-4.90,-1.99,2.80,117.3
-2.30,-3.59,-1.01,2.99,-0.06,2.18,117.4
-2.79,-2.94,-2.83,3.47,1.05,1.39,117.5
-9.75,-10.40,-4.80,0.10,-0.55,-1.12,117.6
-18.41,-6.49,0.77,-1.34,0.07,-3.80,117.7
-12.64,-0.67,-6.84,2.69,0.23,-3.18,117.8
-9.53,-1.19,0.76,-0.02,0.44,-1.72,117.9
-13.56,-1.98,-5.49,2.31,1.75,-0.72,118
-16.49,-5.71,-1.69,0.43,2.19,0.63,118.1
-10.96,-8.56,6.40,-2.70,-0.13,3.26,118.2
-6.44,-7.32,2.00,1.18,0.84,3.73,118.3
-5.29,-5.31,0.76,1.39,-0.13,1.97,118.4
-6.99,-5.24,0.71,1.00,-0.25,0.60,118.5
-11.09,-7.27,-5.25,2.41,0.16,-0.94,118.6
-10.02,-4.17,-0.59,0.86,-0.02,-1.41,118.7
-9.07,-4.17,-4.53,0.49,-1.91,-1.61,118.8
-9.50,-2.81,-4.78,2.83,1.08,-1.51,118.9
-9.84,-2.29,-2.93,1.57,2.10,-0.78,119
-10.53,-2.70,0.13,0.63,2.02,-0.07,119.1
-11.58,-4.73,1.76,-0.07,1.80,0.77,119.2
-11.26,-5.62,4.02,-0.14,1.24,1.93,119.3
-11.41,-6.27,0.51,1.49,0.30,2.17,119.4
-8.32,-6.15,0.43,1.13,-0.75,2.77,119.5
-6.04,-5.18,-0.80,1.60,-0.79,2.41,119.6
-6.63,-4.83,-3.98,2.08,-0.29,0.79,119.7
-7.44,-3.34,-1.48,0.70,-0.09,-0.26,119.8
-8.39,-6.07,-0.55,-0.94,-0.60,-1.57,119.9
-11.03,-4.43,-1.64,-0.27,-0.31,-2.84,120
-12.15,-1.71,-2.52,0.62,0.53,-2.72,120.1
-10.30,-0.41,-1.66,0.43,0.47,-1.24,120.2
-8.65,-0.74,-2.23,0.73,0.47,0.75,120.3
-7.10,-0.50,-1.29,-0.02,0.34,1.59,120.4
-18.56,-12.17,-3.61,-0.08,0.56,2.49,120.5
-12.05,-6.59,-0.25,-1.34,1.17,0.97,120.6
-3.60,-3.48,2.06,-1.32,-2.18,1.85,120.7
-2.88,-1.72,-4.27,2.16,0.28,0.40,120.8
-4.02,-0.33,-1.86,-0.52,-0.02,-1.28,120.9
-10.00,-9.48,-0.65,-1.48,-0.53,-1.28,121
-22.98,-6.04,3.24,-1.44,0.31,-4.80,121.1
-11.28,-0.96,-6.52,3.39,0.63,-2.44,121.2
-6.44,-1.22,0.16,-0.91,-0.21,0.51,121.3
-7.22,-1.03,-0.07,0.26,0.05,0.54,121.4
-10.42,-4.70,-1.41,1.03,0.45,0.87,121.5
-15.02,-8.19,3.28,-0.51,1.41,1.75,121.6
-7.49,-6.89,0.74,-1.86,-0.78,2.16,121.7
-2.90,-2.09,-1.00,0.53,-0.59,1.63,121.8
-3.23,-2.51,-3.28,1.47,0.46,0.49,121.9
-2.98,-1.13,-0.15,-1.66,-0.10,-0.95,122
-14.36,-11.60,-0.33,-2.00,-0.34,-1.35,122.1
-23.08,-1.98,4.21,-1.37,0.34,-5.13,122.2
-7.74,0.67,-6.33,3.89,0.09,-0.80,122.3
-4.91,0.17,2.01,-1.61,-0.52,0.21,122.4
-11.34,-3.03,-2.03,0.80,0.45,-0.19,122.5
-17.74,-11.23,2.51,-0.22,2.98,1.66,122.6
-4.19,-6.92,0.70,-2.60,-1.54,3.13,122.7
-3.39,-2.41,0.80,0.50,-0.22,0.65,122.8
-4.00,-1.21,-3.60,2.70,1.03,0.11,122.9
-2.68,-1.65,0.78,-1.30,0.05,-0.17,123
-16.21,-17.22,-3.82,-1.55,-0.93,-0.49,123.1
-24.67,-1.51,1.91,-1.89,0.20,-6.05,123.2
-10.33,0.31,-0.24,5.07,1.42,0.39,123.3
-9.17,-3.06,0.94,-0.19,0.76,0.95,123.4
-10.29,-2.97,0.16,1.24,0.96,0.29,123.5
-7.16,-2.82,-0.52,1.25,0.40,1.74,123.6
-5.51,-2.23,-0.15,0.67,-0.19,2.17,123.7
-14.78,-6.90,-1.90,0.36,0.49,1.44,123.8
-12.46,-2.86,1.97,-1.28,0.27,-0.32,123.9
-7.59,3.77,2.47,-0.58,-0.84,-0.03,124
-8.37,2.00,-1.24,1.35,0.51,-0.04,124.1
-6.23,0.30,-1.06,0.13,-0.10,0.21,124.2
-6.08,-0.90,-0.24,-0.53,-0.17,-0.35,124.3
-13.60,-11.34,-1.92,-0.32,0.21,-0.77,124.4
-16.80,-3.80,0.53,-0.43,0.18,-3.79,124.5
-7.35,-0.84,-3.41,2.44,1.28,-0.85,124.6
-6.86,-1.39,0.72,0.25,0.11,-0.59,124.7
-12.22,-0.76,-2.21,1.55,1.34,-0.86,124.8
-14.14,-6.10,3.75,0.37,1.76,1.25,124.9
-8.65,-6.38,2.38,1.07,1.39,2.51,125
-7.43,-4.10,0.90,1.92,1.34,2.09,125.1
-13.83,-1.39,3.36,0.81,1.12,1.75,125.2
-5.62,-2.67,3.69,0.05,-0.62,2.76,125.3
-6.23,-3.40,0.81,1.17,-1.25,1.21,125.4
-7.90,-5.67,-6.48,3.20,-0.65,-0.59,125.5
-10.32,-4.49,-3.39,0.94,-0.79,-1.83,125.6
-11.85,-5.21,-2.05,-0.06,-0.49,-2.69,125.7
-10.56,-2.70,-2.91,0.83,0.34,-2.54,125.8
-10.18,-2.16,-0.66,0.56,1.14,-1.39,125.9
-10.37,-1.30,-0.20,0.91,1.26,-0.81,126
-11.65,-3.09,-0.06,1.45,1.63,0.35,126.1
-12.25,-7.02,3.15,0.12,1.48,2.15,126.2
-9.05,-5.00,2.44,0.56,0.86,2.79,126.3
-5.04,-5.07,1.23,0.44,-0.24,2.66,126.4
-4.78,-4.32,0.66,0.65,-0.16,0.78,126.5
-6.34,-4.40,-0.39,0.64,-0.33,-0.51,126.6
-10.43,-6.86,-2.54,0.78,-0.16,-1.64,126.7
-13.07,-3.44,-2.73,0.15,-0.61,-2.47,126.8
-9.19,-2.11,-3.71,1.08,0.11,-0.78,126.9
-7.74,-2.49,-1.50,-0.16,-0.04,-0.02,127
-8.86,-3.20,-0.52,0.26,0.56,-0.03,127.1
-7.22,-2.80,-0.23,0.30,0.08,0.52,127.2
-7.64,-1.64,-0.94,0.65,0.17,0.71,127.3
-8.32,-3.38,-1.50,0.39,-0.14,1.30,127.4
-14.55,-10.85,-0.90,-0.66,-0.12,1.78,127.5
-7.61,-5.63,0.54,-0.55,-0.12,0.16,127.6
-4.82,-2.98,0.64,-1.00,-1.12,-0.09,127.7
-7.68,-4.00,-2.89,0.76,0.58,-1.51,127.8
-9.03,-3.10,1.74,-1.61,0.04,-2.10,127.9
-7.35,-0.48,1.89,-1.32,-0.75,-1.36,128
-20.69,-10.98,-0.81,0.40,-0.09,-0.53,128.1
-9.61,-5.07,-2.82,1.44,-0.15,0.81,128.2
-7.07,-2.71,-1.86,1.61,0.78,1.76,128.3
-6.96,-4.16,0.78,-0.43,0.16,1.44,128.4
-5.72,-2.39,1.25,0.39,-0.03,0.94,128.5
-8.46,-5.85,-3.55,2.52,0.69,1.20,128.6
-12.61,-6.56,-1.24,0.53,0.89,0.60,128.7
-7.27,-4.81,3.43,-2.99,-2.01,-0.59,128.8
-5.50,-2.66,-1.45,0.16,-0.53,-0.73,128.9
-7.57,-2.79,-3.42,0.49,0.22,-1.44,129
-6.84,-1.62,1.63,-2.23,-0.45,-1.54,129.1
-9.58,-2.93,1.47,-2.37,-0.84,-1.28,129.2
-17.44,-4.38,2.06,-0.54,0.87,-0.54,129.3
-8.77,-2.45,-6.27,0.89,-1.57,0.46,129.4
-7.86,-2.19,2.37,-0.67,-0.54,1.56,129.5
-10.34,-3.00,3.21,0.25,-0.44,1.83,129.6
-11.80,-0.82,1.55,2.57,0.55,1.69,129.7
-12.13,-2.50,3.79,1.38,-1.21,2.72,129.8
-8.81,-0.09,2.20,-0.11,-5.50,2.75,129.9
-1.40,2.62,4.06,-2.60,-4.54,1.51,130
0.33,4.33,7.40,-1.74,-1.68,0.69,130.1
1.03,2.20,9.40,-0.40,-0.21,0.35,130.2
1.54,2.06,6.41,0.93,0.52,0.29,130.3
-0.55,4.01,10.84,0.61,-0.31,0.07,130.4
-2.94,2.80,17.36,-0.40,1.13,0.02,130.5
-2.15,5.27,6.43,0.73,-0.35,-1.20,130.6
-0.57,2.75,7.88,0.83,0.92,-0.45,130.7
-2.49,1.82,4.52,3.24,2.59,-1.00,130.8
-6.45,4.54,-4.93,5.74,3.71,-1.51,130.9
-10.79,7.84,-0.39,1.57,0.12,-0.15,131
-9.67,6.99,-6.41,1.60,1.53,-1.49,131.1
-3.79,3.33,-3.79,0.50,-0.85,0.10,131.2
-2.40,0.62,-3.87,1.28,0.44,-0.09,131.3
-3.89,-0.91,-5.27,0.71,0.66,-1.36,131.4
-8.96,-4.40,-1.38,-2.07,-0.85,-1.77,131.5
-20.04,-9.72,-0.67,-2.55,0.61,-3.66,131.6
-11.96,-5.26,1.27,-3.60,-2.97,-4.47,131.7
-11.95,-2.54,-2.47,0.90,1.39,-3.67,131.8
-16.22,0.97,-2.07,0.38,0.69,-3.31,131.9
-16.39,-2.98,-2.72,1.75,2.93,0.86,132
-12.77,-9.59,2.63,-1.06,0.94,3.70,132.1
-13.03,-10.48,2.33,-0.24,1.77,3.53,132.2
-7.56,-9.76,2.67,-1.38,-0.39,3.96,132.3
-4.74,-6.76,1.89,0.52,-0.93,2.25,132.4
-7.64,-6.12,-1.33,1.81,-0.05,0.53,132.5
-7.85,-3.68,-2.95,1.90,-0.43,-1.24,132.6
-10.32,-5.55,-4.73,1.13,-1.00,-2.24,132.7
-12.91,-4.80,-6.84,2.70,0.16,-3.07,132.8
-11.06,-2.42,-6.09,3.24,1.05,-2.40,132.9
-9.83,-2.78,-1.59,1.23,2.38,-0.61,133
-10.77,-2.68,-1.47,0.90,2.21,0.12,133.1
-10.87,-6.40,5.67,-1.34,1.61,1.84,133.2
-8.97,-8.35,2.12,1.02,1.11,2.85,133.3
-7.37,-5.64,1.08,1.09,0.50,2.33,133.4
-6.07,-6.12,1.24,0.49,-0.75,1.86,133.5
-6.59,-5.63,-0.02,1.21,-0.30,0.71,133.6
-8.71,-6.59,-4.71,2.34,0.00,-0.61,133.7
-8.51,-4.09,-2.10,0.80,0.60,-1.05,133.8
-9.19,-6.18,-1.44,-0.60,-1.12,-1.46,133.9
-9.45,-4.05,-1.29,-0.06,-0.01,-1.78,134
-9.22,-2.83,-2.08,0.75,0.27,-1.18,134.1
-9.82,-2.58,-2.42,0.51,0.46,-0.45,134.2
-8.45,-2.99,-0.86,0.36,0.43,0.75,134.3
-7.27,-2.02,-0.55,0.25,0.66,1.29,134.4
-10.57,-6.87,-1.94,0.21,0.47,2.14,134.5
-14.08,-8.10,2.52,-1.30,0.50,2.17,134.6
-2.51,-6.34,0.67,-0.89,-0.67,2.00,134.7
-3.16,-2.47,-3.26,-0.48,-1.97,0.34,134.8
-8.61,-1.50,-3.23,0.17,1.18,-1.58,134.9
-6.60,-0.23,1.96,-2.21,-0.69,-2.14,135
-12.93,-5.73,-0.63,-0.62,0.09,-1.15,135.1
-16.27,-3.51,2.83,-0.04,1.28,-1.31,135.2
-6.16,-2.69,-6.74,2.21,-0.47,-0.65,135.3
-6.65,-2.54,0.44,0.27,0.77,0.53,135.4
-11.36,-3.97,0.05,0.88,1.23,0.57,135.5
-8.87,-3.20,-1.32,0.84,0.68,1.60,135.6
-5.27,-3.29,-0.27,-0.08,-0.39,2.57,135.7
-8.57,-9.19,-1.49,0.12,0.15,1.72,135.8
-12.79,-4.70,0.33,-0.58,0.76,-1.59,135.9
-7.62,-3.74,-0.15,-0.67,-1.10,-1.35,136
-8.75,-3.25,-2.11,-0.44,-0.96,-1.90,136.1
-7.53,-1.15,0.45,-1.44,-0.10,-1.97,136.2
-12.33,-4.60,0.14,-1.96,-1.10,-1.09,136.3
-16.71,-3.44,2.01,-0.97,0.66,-0.49,136.4
-8.91,-3.66,-4.92,1.39,-0.86,1.02,136.5
-7.36,-3.87,0.62,0.35,0.87,1.92,136.6
-8.89,-4.89,0.89,0.57,0.62,1.73,136.7
-8.10,-2.89,-0.07,1.19,0.20,1.24,136.8
-5.53,-2.90,-0.62,1.12,-0.26,1.94,136.9
-7.24,-8.00,-1.81,0.80,-0.10,1.62,137
-11.40,-6.22,-2.75,0.12,0.19,-0.93,137.1
-9.83,-5.15,-0.14,-1.85,-0.94,-2.69,137.2
-12.37,-4.79,-0.91,-1.25,-0.24,-3.01,137.3
-9.26,-1.31,0.63,-1.98,-0.15,-2.42,137.4
-6.77,-0.06,1.74,-2.85,-1.46,-0.99,137.5
-18.92,-9.32,-1.85,-1.39,-0.61,-0.26,137.6
-13.17,-3.95,1.32,-2.11,-3.37,0.52,137.7
-9.84,-4.90,-4.38,5.03,1.48,2.41,137.8
-7.38,-4.63,-0.81,1.60,-0.36,2.45,137.9
-10.34,-1.89,-1.39,2.04,0.43,1.61,138
-8.21,-0.75,1.15,0.32,-0.97,2.00,138.1
-2.43,-0.95,1.07,0.45,-1.75,1.99,138.2
-10.91,2.79,0.77,1.92,0.32,0.70,138.3
-7.90,5.85,-1.11,-0.51,-0.11,-1.35,138.4
-5.38,5.42,7.18,-3.26,-4.13,0.16,138.5
-2.70,2.63,5.02,-0.55,-3.02,0.33,138.6
-1.70,2.68,4.12,0.57,-1.26,0.48,138.7
-1.08,4.83,7.96,0.82,-0.60,0.78,138.8
-0.07,4.34,8.61,-1.69,1.87,0.14,138.9
-1.82,3.14,3.10,0.83,1.06,-1.73,139
-3.37,1.07,-0.23,1.67,3.84,-2.78,139.1
-17.58,2.18,8.02,1.25,4.12,-3.80,139.2
-16.67,1.41,2.40,1.83,1.01,-1.05,139.3
-10.71,-0.06,0.40,0.64,-0.83,0.53,139.4
-9.47,0.38,0.05,1.14,0.42,0.75,139.5
-8.65,-0.03,2.05,0.50,0.37,0.98,139.6
-8.60,-1.06,1.88,0.73,0.94,0.63,139.7
-5.60,-2.01,0.19,1.43,1.04,0.45,139.8
-4.73,-5.61,-2.38,1.26,0.13,-1.20,139.9
-11.91,-6.92,-2.01,0.08,-0.79,-3.46,140
-15.24,-6.53,-3.68,0.75,-0.96,-3.46,140.1
-14.26,-0.23,-3.51,0.84,0.04,-1.32,140.2
-13.01,2.02,1.55,-0.35,-0.79,0.95,140.3
-9.87,-2.24,9.44,0.86,-1.82,2.71,140.4
-9.27,-6.95,10.28,3.10,-1.49,1.84,140.5
-2.83,-7.49,11.48,1.67,-3.02,1.88,140.6
-3.11,-2.92,4.60,1.95,-2.78,0.47,140.7
-2.96,0.18,4.54,0.65,-2.32,-1.05,140.8
-3.77,1.42,8.17,0.43,-0.62,-1.23,140.9
-6.18,1.56,8.49,0.04,0.04,-0.83,141
-5.71,2.16,11.58,-0.44,0.54,-0.52,141.1
-5.00,2.02,9.15,0.28,-0.20,-0.65,141.2
-3.58,1.89,7.48,0.53,0.31,-0.66,141.3
-4.17,1.54,5.26,0.56,0.43,-0.83,141.4
-4.25,-0.20,2.72,0.52,0.88,-1.04,141.5
-5.97,-3.94,-0.39,2.19,4.62,-2.61,141.6
-12.52,-8.58,-2.03,2.57,4.91,-3.78,141.7
-16.96,-5.75,0.10,-0.16,0.68,-4.93,141.8
-11.19,-4.19,-1.42,0.64,0.13,-2.55,141.9
-9.84,-3.55,-0.97,0.54,0.46,0.37,142
-10.22,-5.10,-0.77,-0.09,0.16,1.10,142.1
-7.73,-6.01,1.30,-1.72,-0.80,2.50,142.2
-2.50,-4.37,-1.80,-0.70,-1.11,2.61,142.3
-1.40,-2.82,-1.23,-0.87,-0.71,1.16,142.4
-10.82,-18.00,3.46,-1.53,0.34,-0.12,142.5
-8.52,-3.36,-14.43,5.23,1.59,-5.51,142.6
-8.86,-0.13,-0.51,1.53,0.86,-0.49,142.7
-9.71,-1.71,-0.59,-0.54,0.21,0.38,142.8
-9.88,-2.62,-0.44,0.56,1.07,0.44,142.9
-8.51,-3.79,-0.69,-0.08,0.80,1.68,143
-9.49,-5.99,-0.27,-0.13,-0.03,2.12,143.1
-9.56,-8.40,-1.45,0.13,-0.41,2.23,143.2
-4.93,-5.83,2.95,-2.16,-0.52,-0.48,143.3
-6.06,-2.63,-0.42,-0.82,-1.13,-1.63,143.4
-8.80,-4.95,-1.12,0.51,1.07,-1.84,143.5
-8.26,-3.37,0.74,-1.33,0.18,-2.49,143.6
-6.57,-1.41,2.94,-2.81,-1.52,-1.54,143.7
-19.59,-12.31,-1.59,-1.20,-1.19,-0.63,143.8
-12.27,-5.31,-1.43,0.02,-2.70,0.11,143.9
-7.46,-2.29,-2.23,5.11,1.35,2.13,144
-7.50,-5.36,1.74,0.09,0.95,1.69,144.1
-6.97,-1.97,-0.13,1.96,1.40,0.73,144.2
-7.95,-5.80,-2.48,1.80,0.50,1.67,144.3
-14.38,-13.35,-1.12,0.41,1.09,1.29,144.4
-7.08,-5.31,0.05,-0.98,-0.81,-0.91,144.5
-5.61,-2.88,-3.66,-1.09,-1.88,-0.79,144.6
-9.27,-4.30,-0.65,-1.62,0.22,-2.40,144.7
-9.52,-2.24,1.35,-2.03,0.31,-2.78,144.8
-18.72,-8.14,1.40,-1.10,-0.46,-1.02,144.9
-17.66,-4.57,-2.73,1.37,1.14,-0.40,145
-7.48,-3.28,-5.36,3.62,-0.10,3.17,145.1
-7.07,-5.58,1.86,-0.85,0.30,2.43,145.2
-10.24,-4.64,0.33,0.98,1.23,1.38,145.3
-6.12,-4.28,-1.20,1.58,0.38,2.03,145.4
-3.44,-2.47,-1.44,1.44,-0.08,1.41,145.5
-2.86,-0.93,-0.61,0.61,-0.90,0.03,145.6
-9.93,-6.98,-1.30,0.56,-0.97,-0.53,145.7
-18.40,-3.77,-5.85,0.59,1.67,-3.21,145.8
-6.77,-2.32,1.44,-3.50,-2.32,-1.36,145.9
-6.43,-1.52,0.13,-0.60,0.17,-1.34,146
-7.94,0.34,-3.42,0.66,1.69,-1.69,146.1
-13.35,-7.96,-1.01,-2.77,-1.07,-0.08,146.2
-15.18,-2.85,7.19,-3.23,-0.74,0.37,146.3
-4.51,-2.48,-10.73,6.32,0.22,1.70,146.4
-4.59,-3.31,0.13,1.74,1.81,1.23,146.5
-9.14,-1.31,-1.82,1.90,0.94,0.14,146.6
-13.48,-0.37,-0.27,1.82,1.61,1.00,146.7
-15.80,-5.35,1.07,-0.05,1.39,2.47,146.8
-11.80,-2.82,-2.63,1.60,0.55,0.97,146.9
-4.41,-2.12,-0.25,0.26,-1.33,1.71,147
-2.20,-4.17,-3.63,1.29,-0.99,1.20,147.1
-6.82,-9.46,-4.69,0.50,0.81,-1.78,147.2
-13.76,-8.02,-0.07,-2.35,-0.74,-4.53,147.3
-15.24,-3.91,-2.69,-1.31,-2.05,-4.60,147.4
-10.43,-2.80,-0.34,0.30,0.82,-1.22,147.5
-8.57,-2.70,-0.89,0.18,-0.29,-0.19,147.6
-9.87,-2.17,-4.76,2.88,2.02,-0.12,147.7
-11.99,-3.45,-1.71,1.04,2.51,0.56,147.8
-12.07,-8.84,1.60,-1.28,1.55,2.39,147.9
-8.71,-7.65,4.33,-0.98,0.46,1.97,148
-8.41,-5.09,0.30,2.69,1.75,1.58,148.1
-8.83,-4.88,-0.30,1.93,1.21,1.17,148.2
-7.49,-5.15,1.81,-0.02,-0.50,1.39,148.3
-8.53,-5.81,-0.65,0.94,-0.93,0.93,148.4
-8.74,-7.05,-6.68,3.02,0.63,0.58,148.5
-6.60,-3.88,-5.25,0.59,-0.57,-0.23,148.6
-7.22,-5.24,-4.56,1.01,-0.05,-1.10,148.7
-10.29,-4.71,-2.00,0.67,-0.38,-2.14,148.8
-9.89,-2.76,-4.96,2.20,1.00,-1.67,148.9
-9.41,-2.46,-1.70,0.84,0.76,-0.69,149
-9.80,-3.39,-1.04,0.65,1.06,0.50,149.1
-10.52,-4.55,0.35,0.25,1.25,1.14,149.2
-10.03,-6.89,0.69,-0.44,0.13,2.09,149.3
-8.20,-6.14,0.73,-0.34,-0.08,2.20,149.4
-5.02,-5.27,0.32,-0.03,-0.59,1.67,149.5
-5.35,-4.27,-0.82,0.44,-0.38,0.44,149.6
-6.85,-3.86,-1.67,0.15,0.15,-1.31,149.7
-6.81,-3.20,-0.70,-0.70,-0.13,-1.84,149.8
-7.59,-1.57,0.44,-1.51,-0.57,-2.03,149.9
-19.39,-11.45,-1.74,-0.78,0.06,-1.44,150
-16.36,-3.02,-0.78,-0.33,0.46,-1.61,150.1
-6.80,-0.48,-5.07,2.91,0.36,1.60,150.2
-7.38,-4.11,1.26,-1.28,0.28,1.33,150.3
-9.72,-3.06,0.01,0.60,1.31,0.70,150.4
-6.07,-2.05,-0.53,0.54,0.01,1.59,150.5
-8.65,-7.90,-1.53,0.96,0.30,1.88,150.6
-11.49,-4.54,0.60,-0.25,0.35,0.37,150.7
-6.95,-4.20,-0.03,-0.70,-0.96,-0.40,150.8
-5.16,-2.28,-5.61,0.66,-1.17,-0.58,150.9
-5.84,-3.13,-0.98,-2.09,-0.13,-1.48,151
-6.86,-1.73,2.12,-3.01,-0.80,-1.95,151.1
-18.20,-7.70,0.61,-0.97,0.92,-1.38,151.2
-14.85,-2.22,-0.75,-0.20,-0.48,-0.80,151.3
-7.20,-1.95,-3.98,2.93,0.41,2.43,151.4
-7.74,-4.26,1.69,0.10,0.06,1.93,151.5
-7.94,-2.17,-1.56,2.40,1.28,0.88,151.6
-7.29,-3.93,-0.86,1.48,0.58,1.68,151.7
-10.26,-8.09,-1.66,0.41,0.68,1.29,151.8
-9.57,-5.32,1.60,-1.26,-0.12,-0.54,151.9
-7.39,-3.59,0.46,-0.89,-0.75,-1.82,152
-8.41,-2.88,-2.75,0.01,-0.30,-2.03,152.1
-6.82,-0.56,-1.21,-1.61,-0.27,-1.93,152.2
-12.78,-6.92,0.13,-2.57,-0.94,-1.04,152.3
-17.64,-0.98,5.63,-2.22,0.06,-1.40,152.4
-8.11,-1.28,-11.06,5.11,0.88,1.81,152.5
-5.75,-3.75,3.63,-1.88,-0.23,1.75,152.6
-8.91,-4.94,0.74,1.77,0.98,1.13,152.7
-10.10,-2.85,-2.18,3.17,1.82,0.68,152.8
-6.68,-2.82,-1.09,0.87,0.73,2.34,152.9
-9.06,-9.13,-0.19,-0.57,-0.72,2.63,153
-11.81,-4.27,-0.74,-0.33,-0.07,-1.43,153.1
-8.92,-0.83,-1.15,-0.53,-0.53,-2.17,153.2
-7.13,-1.32,-3.05,0.26,0.05,-1.17,153.3
-5.92,-0.83,-1.71,-1.14,-0.03,-0.88,153.4
-15.11,-11.13,2.33,-2.63,-0.29,-1.14,153.5
-13.32,-1.40,-5.00,-0.50,-0.78,-3.50,153.6
-5.92,-1.70,-0.71,0.41,0.21,1.26,153.7
-6.36,-0.79,1.55,-0.85,-0.81,0.52,153.8
-12.04,-6.28,1.39,1.59,1.59,0.54,153.9
-14.58,-4.26,-2.60,3.03,3.39,0.13,154
-9.45,-5.48,1.25,-0.41,0.47,2.00,154.1
-6.60,-4.36,0.85,-0.14,-0.14,2.26,154.2
-6.03,-5.60,0.02,0.57,0.52,1.97,154.3
-5.64,-6.22,-2.02,0.28,0.06,0.87,154.4
-8.48,-5.05,-1.55,-0.14,-1.20,-1.92,154.5
-10.28,-4.64,-5.45,2.43,-0.06,-2.49,154.6
-13.15,-2.96,-2.69,0.81,0.26,-2.98,154.7
-10.01,-1.70,-3.54,1.74,0.95,-1.19,154.8
-9.77,-1.81,-1.01,0.39,0.94,0.23,154.9
-14.66,-6.43,1.44,0.39,1.65,0.84,155
-11.56,-7.29,4.29,0.72,1.93,1.31,155.1
-6.56,-5.94,2.91,2.75,2.31,3.10,155.2
-5.78,-4.62,2.24,2.65,1.80,2.38,155.3
-7.82,-4.15,2.06,1.22,0.18,0.31,155.4
-10.46,-4.41,-2.48,2.41,0.35,-0.10,155.5
-9.83,-6.15,-4.82,0.79,-0.76,0.21,155.6
-8.51,-4.02,-0.92,-1.08,-0.96,-0.35,155.7
-7.92,-3.70,-3.23,1.21,0.09,-0.27,155.8
-7.32,-3.13,-2.08,1.16,0.45,-0.45,155.9
-8.42,-3.16,-0.80,0.74,0.39,-0.92,156
-9.52,-2.42,-0.80,1.39,0.88,-0.96,156.1
-12.08,-4.15,-1.12,0.98,0.72,0.15,156.2
-10.65,-5.12,1.24,-0.19,0.31,1.03,156.3
-9.32,-4.99,-0.53,0.90,0.53,1.77,156.4
-6.62,-4.93,0.21,0.20,0.18,1.84,156.5
-4.85,-4.63,0.84,-0.22,-0.45,0.97,156.6
-6.55,-4.17,-0.94,0.71,0.18,-0.37,156.7
-7.66,-3.72,-1.28,0.48,0.35,-1.41,156.8
-8.23,-2.70,-1.44,0.07,-0.03,-1.76,156.9
-6.52,-0.23,-0.87,-0.63,-0.24,-1.46,157
-18.53,-10.10,-1.79,-0.89,-0.46,-0.82,157.1
-19.73,-0.99,0.77,-1.16,0.46,-0.74,157.2
-6.09,-1.83,-5.03,3.00,0.18,3.33,157.3
-9.18,-3.20,2.02,-0.92,0.30,1.62,157.4
-15.65,-2.89,-1.00,0.50,0.32,2.07,157.5
-8.36,-0.95,1.03,-1.51,-3.33,3.20,157.6
-3.91,0.98,-0.85,-0.37,-4.67,2.29,157.7
-1.45,3.10,9.03,-0.65,-4.54,1.75,157.8
-2.07,1.85,10.28,-1.55,-0.19,0.49,157.9
1.02,3.62,9.25,0.13,-1.25,0.62,158
0.97,2.17,9.15,0.42,0.72,0.15,158.1
0.78,2.38,5.51,0.14,0.26,0.12,158.2
0.56,2.76,6.59,0.19,0.16,0.28,158.3
-4.84,0.91,4.74,1.01,0.25,-0.12,158.4
-6.76,-0.86,7.10,-1.26,4.04,-1.82,158.5
-9.47,-4.76,-4.55,3.60,5.91,-3.83,158.6
-15.80,-10.51,1.10,-0.13,1.57,-5.10,158.7
-17.19,-2.93,1.01,0.87,1.40,-5.36,158.8
-9.08,-3.15,-2.39,0.06,-1.68,0.45,158.9
-5.42,-0.85,-0.22,-1.47,-1.79,1.16,159
-10.31,-4.69,0.19,-0.81,-0.79,1.40,159.1
-13.99,-6.66,0.65,0.15,1.59,1.63,159.2
-6.74,-7.88,0.94,-1.25,0.25,1.88,159.3
-2.94,-2.73,-0.87,-0.16,-1.56,1.27,159.4
-5.67,-3.29,-3.26,1.98,0.79,-0.51,159.5
-5.64,-1.84,-0.65,-0.85,0.53,-1.77,159.6
-7.70,-3.85,1.60,-2.26,-1.03,-1.67,159.7
-17.78,-8.39,1.41,0.52,1.11,-1.93,159.8
-8.81,-2.95,-6.15,2.14,0.27,-1.42,159.9
-6.17,-2.78,0.52,-0.62,0.37,1.11,160
-7.14,-2.61,2.26,-0.78,-0.12,0.91,160.1
-6.36,-0.38,-1.28,2.27,1.42,0.44,160.2
-14.08,-9.66,-1.55,1.55,1.30,1.51,160.3
-11.11,-5.90,1.23,-1.70,1.25,0.64,160.4
-3.24,-3.16,3.18,-2.55,-2.24,0.95,160.5
-3.57,-1.16,-4.19,2.65,0.57,-0.49,160.6
-5.03,-1.90,-0.82,0.45,0.47,-0.93,160.7
-12.73,-10.42,0.15,-1.55,-0.27,-1.18,160.8
-19.72,-3.06,1.24,-1.54,-0.24,-2.78,160.9
-6.68,-0.44,-2.95,2.53,-0.81,0.45,161
-5.62,-1.08,1.12,-1.16,-0.69,-0.24,161.1
-10.58,-4.50,1.02,0.53,0.05,-0.04,161.2
-12.23,-5.37,7.94,-0.02,1.44,0.75,161.3
-10.55,-9.61,3.75,-0.16,0.55,2.07,161.4
-3.99,-3.60,0.25,1.97,0.30,2.20,161.5
-3.42,-4.08,-1.19,1.88,0.40,0.77,161.6
-7.13,-4.65,-1.99,0.89,0.60,-0.83,161.7
-11.22,-6.13,2.38,-1.15,0.29,-1.92,161.8
-12.01,-3.17,0.02,-0.33,-0.62,-2.18,161.9
-9.07,-3.00,0.32,1.46,1.35,-0.77,162
-8.94,-2.81,0.09,1.14,0.64,-0.59,162.1
-9.62,-2.32,-1.07,2.54,1.91,-0.51,162.2
-8.81,-3.68,2.02,1.81,2.08,0.37,162.3
-11.88,-8.76,3.66,1.81,1.79,0.85,162.4
-8.88,-6.39,3.93,2.17,1.52,0.79,162.5
-6.94,-4.70,2.75,2.15,1.17,1.01,162.6
-6.76,-4.74,1.62,1.55,0.58,0.63,162.7
-7.86,-5.01,0.94,0.99,0.33,0.34,162.8
-8.07,-6.10,0.58,0.79,0.65,0.14,162.9
-8.92,-6.47,-0.51,0.51,-0.12,-0.11,163
-7.68,-4.80,-1.89,1.40,0.28,-0.21,163.1
-7.17,-3.23,-1.88,0.83,0.13,-0.62,163.2
-8.06,-3.51,-1.02,0.63,0.68,-0.77,163.3
-9.50,-3.21,-0.76,0.68,0.83,-0.97,163.4
-13.00,-4.38,-1.05,1.16,1.73,-0.42,163.5
-11.78,-5.90,-0.45,0.06,0.69,0.99,163.6
-9.77,-6.17,0.24,-0.72,0.24,2.33,163.7
-5.25,-5.57,1.09,-1.17,-0.65,2.79,163.8
-4.10,-4.37,0.04,-0.66,-0.89,1.80,163.9
-3.10,-2.27,-1.99,0.54,0.29,0.09,164
-4.15,-2.27,-0.59,-0.31,-0.07,-0.75,164.1
-14.78,-12.72,0.87,-1.42,-0.08,-2.24,164.2
-15.55,-2.34,-3.88,-1.41,-0.74,-5.72,164.3
-8.24,-0.59,-0.79,0.50,0.47,-0.66,164.4
-8.90,-1.66,0.32,-0.91,-0.42,0.47,164.5
-9.21,-2.35,0.60,0.56,0.62,0.86,164.6
-8.84,-3.84,-0.80,0.83,0.46,1.56,164.7
-15.95,-13.28,-3.30,0.24,0.76,2.26,164.8
-8.26,-7.20,2.13,-1.98,-0.11,1.07,164.9
-4.23,-3.19,-0.14,0.33,-0.49,-0.15,165
-6.97,-4.76,-3.41,1.11,0.25,-1.15,165.1
-11.54,-5.66,2.06,-1.84,0.18,-2.92,165.2
-9.43,0.08,0.22,-0.82,0.16,-2.79,165.3
-7.65,-1.25,-1.15,-0.27,-0.90,-0.09,165.4
-17.30,-5.35,3.76,-0.79,-0.36,0.29,165.5
-7.50,-5.43,-3.44,2.17,-0.37,2.04,165.6
-8.18,-4.93,-0.70,1.98,1.76,2.36,165.7
-3.72,-4.59,1.40,-0.22,-0.11,2.47,165.8
-3.59,-1.82,0.36,0.51,-0.60,0.69,165.9
-7.20,-7.37,-3.48,2.24,0.67,0.28,166
-16.67,-6.83,1.16,-0.06,0.97,-1.48,166.1
-8.94,-5.05,1.75,-1.73,-1.80,-0.61,166.2
-6.09,-2.38,-2.85,0.16,-1.06,-0.98,166.3
-6.61,-3.13,-0.70,-0.62,0.21,-1.36,166.4
-7.42,-1.89,1.10,-2.00,-0.54,-1.76,166.5
-14.47,-5.44,1.32,-1.97,-0.58,-1.17,166.6
-15.03,-1.66,0.90,-0.25,-0.38,-0.20,166.7
-13.53,-2.06,-4.03,2.47,-0.96,1.85,166.8
-9.27,-4.34,4.14,0.12,-1.06,3.36,166.9
-11.07,-2.81,4.14,1.65,-1.14,2.53,167
-5.84,-1.73,2.96,0.94,-4.28,1.88,167.1
-3.67,0.44,3.51,0.73,-4.94,1.21,167.2
-3.16,2.15,12.38,0.09,-1.79,0.61,167.3
1.45,4.00,8.22,-0.61,-0.48,0.46,167.4
0.85,3.24,5.72,-0.04,-0.44,-0.19,167.5
0.01,3.08,6.37,0.17,0.03,-0.27,167.6
1.49,3.05,5.42,0.30,-0.31,0.21,167.7
-0.50,3.95,11.04,0.55,0.27,-0.17,167.8
-2.22,5.41,10.79,-1.79,1.44,-0.40,167.9
-0.45,3.55,5.40,1.17,0.79,-1.10,168
-0.76,2.64,8.44,-0.29,0.48,-0.52,168.1
0.23,5.17,6.44,0.14,0.29,-1.02,168.2
0.94,2.74,14.32,-0.21,-1.55,-0.67,168.3
-2.72,1.04,16.96,0.18,-0.72,-1.21,168.4
-0.99,1.75,7.78,-0.61,-0.35,-0.66,168.5
-1.56,1.49,8.50,0.11,-0.29,-0.60,168.6
-1.27,2.65,8.67,0.36,0.27,-0.52,168.7
-0.09,1.46,14.11,-0.33,0.83,-0.10,168.8
-0.75,3.08,8.13,0.56,-0.67,-0.86,168.9
0.14,2.91,5.69,0.78,0.06,-0.93,169
0.03,2.51,8.45,0.39,-0.18,-0.92,169.1
-0.74,-0.64,5.15,2.53,2.74,-2.12,169.2
-7.03,1.58,-8.62,7.36,7.53,-3.29,169.3
-17.30,5.75,-3.45,2.43,1.19,-1.99,169.4
-8.60,3.29,-0.60,1.06,-1.86,0.25,169.5
-7.48,2.70,-0.24,1.78,-0.09,0.74,169.6
-10.51,2.11,-1.52,1.62,0.36,0.44,169.7
-5.21,-0.54,-2.08,0.69,0.05,0.67,169.8
-7.67,-4.68,-1.78,-0.44,-1.00,-0.29,169.9
-10.10,-5.81,-2.85,-0.04,-0.16,-2.39,170
-11.81,-6.46,-2.45,-0.21,-0.83,-2.86,170.1
-11.45,-4.86,-2.09,0.87,-0.14,-2.85,170.2
-10.23,-3.77,-2.83,1.33,0.42,-1.82,170.3
-9.08,-2.82,-3.88,1.34,0.96,-0.29,170.4
-8.99,-4.33,-1.85,0.25,0.95,0.76,170.5
-7.65,-5.02,0.93,-1.16,0.27,1.61,170.6
-8.19,-6.62,0.54,-0.55,0.01,1.56,170.7
-10.63,-4.54,1.14,0.12,-0.32,0.21,170.8
-8.97,-6.61,-0.85,1.46,0.13,1.25,170.9
-6.84,-5.12,-1.70,1.55,0.41,1.18,171
-5.21,-4.56,-0.96,0.45,-0.27,1.01,171.1
-6.08,-5.11,-0.99,0.30,-0.29,0.06,171.2
-8.10,-5.07,-1.26,-0.17,0.04,-1.37,171.3
-8.25,-4.33,0.01,-1.13,-0.59,-1.64,171.4
-6.99,-1.30,0.27,-1.17,-0.49,-1.68,171.5
-9.47,-3.95,-0.73,-0.89,-0.63,-1.06,171.6
-15.26,-7.34,2.00,-1.36,0.20,-0.29,171.7
-8.54,-4.07,-5.54,0.64,-1.18,-0.07,171.8
-6.12,-3.55,-0.44,0.43,0.98,1.73,171.9
-6.10,-3.63,1.21,-0.01,0.26,1.35,172
-6.96,-1.63,-0.36,2.06,1.07,0.35,172.1
-15.29,-10.60,-1.71,1.98,1.27,1.19,172.2
-10.46,-7.53,-0.43,-1.78,0.55,0.89,172.3
-3.84,-4.23,2.59,-4.68,-4.36,1.23,172.4
-4.63,-4.36,-2.85,0.91,0.86,-0.98,172.5
-11.30,-7.06,-0.46,-0.62,0.78,-2.91,172.6
-12.39,-1.62,1.94,-1.58,0.91,-3.59,172.7
-6.93,-0.13,0.08,-0.71,0.02,-1.37,172.8
-12.91,-6.12,-1.80,-0.06,-0.61,0.43,172.9
-18.66,-2.96,1.38,-0.32,1.06,0.25,173
-8.74,-6.13,-3.82,3.51,0.29,4.06,173.1
-6.88,-6.28,-0.12,0.97,1.18,3.23,173.2
-4.22,-4.12,1.62,0.44,-0.26,1.91,173.3
-3.44,-1.57,-0.50,1.81,-0.26,0.74,173.4
-7.42,-8.39,-2.84,1.98,0.13,0.48,173.5
-18.00,-7.98,-0.74,-0.51,1.11,-2.70,173.6
-11.13,-3.99,2.17,-2.90,-2.21,-2.02,173.7
-8.17,-4.59,-2.18,-0.40,-1.36,-1.16,173.8
-9.33,-3.96,-0.89,0.39,0.80,-1.58,173.9
-8.13,-1.22,-0.24,-0.95,-0.02,-1.65,174
-5.96,0.34,0.55,-1.51,-0.81,-0.56,174.1
-17.13,-10.77,-1.99,-0.48,-0.13,0.30,174.2
-17.42,-3.97,2.85,-1.04,0.21,-0.11,174.3
-8.12,-3.77,-5.04,4.32,1.38,3.39,174.4
-13.83,-3.09,3.52,-0.01,0.19,2.25,174.5
-9.94,-3.91,4.24,0.13,-3.21,3.13,174.6
-5.40,-1.76,4.27,0.30,-5.83,2.05,174.7
-1.95,-0.10,2.16,1.54,-4.61,0.86,174.8
-2.45,-0.08,17.73,-0.60,-2.75,0.31,174.9
1.66,4.17,7.59,0.09,-0.59,0.37,175
1.07,3.69,7.72,-0.58,-0.13,-0.04,175.1
0.60,3.80,7.01,0.66,0.45,0.01,175.2
2.21,1.89,7.10,0.48,-0.19,0.61,175.3
-0.25,1.53,2.04,1.29,0.12,-0.59,175.4
-4.82,-2.82,-4.89,1.46,3.18,-1.47,175.5
-15.02,-10.17,-1.71,-0.08,7.70,-5.88,175.6
-22.03,-15.68,-2.38,2.95,3.40,-6.16,175.7
-17.92,-1.31,5.57,-2.47,-1.60,-5.60,175.8
-7.58,-1.91,-1.85,2.40,1.62,0.32,175.9
-9.80,-3.68,-1.68,-0.23,-2.19,0.43,176
-21.35,-7.71,1.39,-0.43,1.85,0.07,176.1
-11.65,-11.24,-0.12,0.20,0.54,4.88,176.2
-6.73,-8.28,0.50,0.33,-0.48,4.86,176.3
-4.74,-6.37,-0.41,0.99,0.67,2.62,176.4
-3.66,-4.74,0.34,0.23,0.31,0.75,176.5
-6.36,-7.08,-2.12,0.55,0.23,-1.03,176.6
-9.43,-7.28,-4.49,1.65,0.40,-3.19,176.7
-12.75,-5.39,-3.38,0.50,-0.44,-3.86,176.8
-11.28,-4.31,-2.97,0.59,-1.03,-2.09,176.9
-9.92,-3.29,-6.15,2.45,0.62,-1.27,177
-9.79,-3.84,-4.69,2.09,2.74,-0.17,177.1
-11.18,-4.54,-1.83,0.28,2.38,0.41,177.2
-12.34,-8.02,3.61,-2.49,1.33,1.43,177.3
-10.03,-9.23,3.45,-1.11,1.02,1.95,177.4
-8.81,-5.87,0.57,1.86,1.86,2.19,177.5
-7.63,-6.28,0.98,0.79,0.33,2.07,177.6
-8.16,-5.87,1.38,0.46,-0.27,1.38,177.7
-7.38,-5.77,-2.65,1.47,-0.83,1.17,177.8
-4.89,-6.60,-4.68,2.35,0.67,0.75,177.9
-8.28,-5.67,-5.71,1.10,-0.76,-1.07,178
-9.62,-4.64,-6.31,1.75,0.14,-1.72,178.1
-7.85,-3.71,-3.66,0.86,-0.28,-1.39,178.2
-9.14,-2.93,-1.31,-0.08,0.23,-1.31,178.3
-10.49,-1.88,-0.19,0.52,0.71,-0.81,178.4
-13.54,-7.08,-1.28,1.51,1.22,0.35,178.5
-12.22,-7.58,-0.15,1.02,1.53,1.84,178.6
-8.07,-6.31,2.17,-0.82,0.39,2.51,178.7
-5.08,-5.67,0.94,-0.23,-1.51,2.09,178.8
-7.53,-2.31,-0.54,0.80,-0.53,1.20,178.9
-8.82,0.58,2.11,-0.76,-1.23,0.62,179
-9.16,3.05,5.94,-1.17,-2.60,0.89,179.1
-4.47,0.78,8.82,-0.14,-6.30,2.04,179.2
-2.58,1.42,12.01,-0.43,-5.59,1.04,179.3
-2.06,2.36,6.15,0.74,-1.23,-1.22,179.4
-0.15,1.63,3.75,0.95,-0.57,-0.60,179.5
-0.14,2.02,8.00,0.17,-0.07,-0.29,179.6
-0.98,2.95,13.72,0.75,-0.71,-0.56,179.7
-2.41,4.34,8.22,0.17,1.47,-0.25,179.8
0.51,1.28,6.07,-0.28,0.13,0.58,179.9
-3.74,-1.87,0.18,2.08,7.59,-2.06,180
-8.40,-1.69,-5.55,2.64,6.37,-3.11,180.1
-11.32,-4.10,0.70,-2.14,-0.71,-3.45,180.2
-19.11,-11.92,3.84,-2.42,-1.09,-3.01,180.3
-14.81,-1.50,-3.69,1.17,-0.46,-3.38,180.4
-8.83,-1.26,0.53,1.33,0.43,-0.18,180.5
-10.77,-3.66,-0.54,0.65,0.71,1.04,180.6
-5.14,-1.38,-0.49,1.38,1.33,1.76,180.7
-8.21,-9.33,-1.63,0.95,1.04,2.45,180.8
-15.07,-9.37,0.64,-0.91,1.43,1.35,180.9
-6.18,-4.65,4.26,-3.15,-0.15,0.36,181
-3.65,-2.96,-2.34,1.32,-1.03,0.24,181.1
-6.19,-4.42,-3.80,2.01,1.08,-0.54,181.2
-10.35,-5.93,0.42,-1.97,-0.80,-2.65,181.3
-11.00,-2.41,1.27,-1.92,-0.72,-2.86,181.4
-6.69,0.26,0.16,-0.49,0.01,-1.00,181.5
-17.10,-14.20,-2.26,-0.64,-0.62,0.04,181.6
-15.99,-5.06,0.96,0.37,0.44,-1.30,181.7
-10.36,-3.59,-2.85,3.59,1.48,2.82,181.8
-7.38,-6.29,0.69,0.14,0.73,3.01,181.9
-6.43,-5.31,0.70,1.01,0.73,2.25,182
-5.99,-4.23,-1.54,1.92,0.52,0.98,182.1
-6.61,-0.22,-2.84,1.59,0.51,0.45,182.2
-7.39,-2.11,-2.72,-0.68,-1.15,1.03,182.3
-16.29,0.25,-0.63,-1.01,-0.70,0.10,182.4
-8.45,-0.38,-0.17,-1.64,-1.14,0.08,182.5
-6.25,-0.67,-1.72,-0.55,-0.19,-0.66,182.6
-9.72,-0.64,-0.55,-1.07,0.57,-1.48,182.7
-6.83,-1.03,0.33,-1.13,0.58,-1.38,182.8
-4.35,0.16,2.41,-2.02,-0.98,-1.50,182.9
-16.36,-15.49,-1.11,-0.94,-0.78,-1.22,183
-14.16,-5.62,-1.51,0.94,0.31,-2.91,183.1
-6.10,-2.72,-7.01,4.40,0.50,-0.47,183.2
-9.16,-3.30,-1.90,-0.09,0.46,-0.52,183.3
-7.83,-3.12,-1.98,1.03,1.47,-0.05,183.4
-7.61,-2.41,-1.09,0.06,1.49,0.67,183.5
-15.16,-8.56,-0.24,-1.18,0.99,1.52,183.6
-13.74,-9.35,5.40,-2.55,0.36,1.64,183.7
-3.50,-5.71,2.07,0.99,-1.40,3.21,183.8
-2.93,-3.94,-3.83,3.45,0.74,1.42,183.9
-4.25,-5.54,-3.23,1.68,0.29,-0.03,184
-9.78,-10.57,-5.72,1.25,-0.02,-1.95,184.1
-12.12,-6.11,-1.22,-1.77,-1.46,-4.04,184.2
-11.97,-5.38,-0.85,-1.65,-1.85,-2.73,184.3
-8.50,-4.17,-0.60,-0.94,-0.62,-0.98,184.4
-8.82,-2.88,-2.03,0.19,-0.14,-1.09,184.5
-10.23,-2.38,-3.25,2.15,2.15,-0.51,184.6
-12.89,-6.82,3.96,0.89,2.32,0.62,184.7
-10.76,-7.32,3.11,1.64,2.35,2.42,184.8
-8.88,-7.02,3.00,1.11,1.50,2.45,184.9
-8.82,-6.18,1.72,0.81,1.73,2.08,185
-7.58,-6.11,2.09,0.13,0.85,2.23,185.1
-6.69,-5.51,1.36,0.19,-0.02,1.19,185.2
-6.79,-5.90,-2.20,0.82,-0.11,0.62,185.3
-5.62,-4.11,0.11,-0.05,-0.48,-0.78,185.4
-9.27,-7.92,-3.48,0.71,-1.48,-1.85,185.5
-11.12,-6.71,-3.97,1.44,0.06,-2.75,185.6
-11.27,-3.95,-4.75,1.56,-0.35,-2.53,185.7
-10.37,-3.18,-0.90,0.35,1.48,-1.07,185.8
-9.21,-3.80,0.12,0.75,2.00,0.14,185.9
-9.99,-5.14,0.88,0.32,1.52,0.90,186
-11.06,-9.19,3.22,-0.29,1.00,2.07,186.1
-11.85,-6.66,2.57,0.49,-0.08,1.95,186.2
-10.53,-6.35,3.46,1.12,-1.10,3.04,186.3
-8.95,-3.24,4.48,0.86,-3.54,2.48,186.4
-3.02,-1.60,5.58,0.19,-5.70,1.65,186.5
-1.67,0.61,4.79,0.95,-3.10,0.54,186.6
-2.02,1.79,7.94,-0.03,-0.78,-0.14,186.7
-2.29,2.32,7.43,0.03,-0.24,-0.24,186.8
-3.62,1.75,8.84,-0.77,0.58,-0.07,186.9
-4.18,1.32,7.58,-0.15,0.29,-0.11,187
-1.03,0.08,3.90,0.41,1.98,-0.45,187.1
-9.48,2.84,8.10,1.85,4.71,-2.06,187.2
-6.01,-1.63,2.46,1.55,2.22,-1.60,187.3
-10.57,-6.11,-3.00,3.54,5.03,-3.08,187.4
-12.30,-6.03,0.22,-0.08,0.95,-3.04,187.5
-8.94,-4.79,2.15,-2.01,-2.06,-2.09,187.6
-6.83,-4.33,-1.85,0.74,-0.05,-0.34,187.7
-6.16,-4.37,0.62,-1.24,-0.70,-0.39,187.8
-5.37,-2.09,0.79,-1.43,-0.67,-0.51,187.9
-8.43,-5.90,-0.89,-0.88,-0.73,-0.35,188
-18.70,-4.30,1.83,-0.47,0.41,-0.91,188.1
-8.21,-5.71,-4.12,2.24,0.62,1.36,188.2
-7.02,-5.38,-0.15,0.29,0.98,2.49,188.3
-6.11,-5.20,-0.25,0.83,0.53,2.18,188.4
-6.09,-3.67,-0.42,0.72,0.28,0.98,188.5
-4.88,-0.81,-2.37,0.80,-0.22,0.43,188.6
-6.56,-1.97,-1.87,-0.07,-0.60,0.17,188.7
-17.66,-10.01,-1.51,-0.64,0.37,-0.51,188.8
-7.31,-5.50,1.36,-1.81,-0.72,-1.55,188.9
-7.58,-1.34,-0.89,-0.97,-1.01,-1.71,189
-8.80,-5.82,0.28,-0.30,0.25,-1.07,189.1
-9.46,-5.31,3.13,-1.85,-0.35,-2.00,189.2
-9.47,-2.82,-0.14,-0.27,-0.10,-1.80,189.3
-6.98,0.30,-0.29,-0.11,-0.10,-0.73,189.4
-11.05,-4.26,-0.56,-0.42,-0.56,0.21,189.5
-17.86,-5.10,3.56,-0.54,1.37,1.18,189.6
-5.39,-6.00,-3.76,2.41,0.24,3.20,189.7
-6.77,-5.59,-1.05,1.00,1.26,2.53,189.8
-7.44,-5.63,1.26,-0.33,-0.15,1.89,189.9
-3.46,-3.06,-0.52,0.80,-0.58,1.20,190
-6.64,-1.26,-2.59,1.52,0.20,0.29,190.1
-17.64,-2.91,-1.62,-0.38,0.32,-0.71,190.2
-8.67,-1.23,1.37,-1.52,-0.34,-0.98,190.3
-6.12,-0.31,-2.19,0.28,-0.05,-1.00,190.4
-8.14,-3.75,-1.64,0.23,0.63,-1.13,190.5
-7.20,-5.33,1.23,-2.41,-0.95,-2.10,190.6
-6.79,-2.72,3.81,-3.29,-1.59,-2.27,190.7
-15.92,-5.15,-2.78,-0.49,-0.42,-1.22,190.8
-17.50,0.42,6.85,-2.64,-0.46,0.11,190.9
-12.39,-3.40,-2.49,1.90,-2.33,2.54,191
-9.57,-4.04,4.54,0.56,-3.07,2.50,191.1
-7.15,-3.60,6.39,1.35,-3.84,1.58,191.2
-2.93,-1.23,4.20,1.59,-4.07,0.46,191.3
-1.61,0.54,3.36,1.38,-2.43,-0.41,191.4
-2.00,1.16,9.95,1.09,-0.64,-0.27,191.5
-2.20,3.13,11.86,-0.48,0.83,-0.02,191.6
0.99,3.73,10.34,-0.64,-0.91,0.29,191.7
0.36,3.68,8.95,0.55,0.69,-0.44,191.8
1.00,3.81,7.41,0.34,0.20,-0.10,191.9
0.46,3.51,6.92,-0.15,-0.04,-0.16,192
-0.05,1.73,5.09,0.34,0.69,-0.54,192.1
-0.68,-1.79,0.65,1.78,2.65,-1.31,192.2
-14.86,-10.33,-2.19,1.88,4.49,-3.60,192.3
-24.35,-4.00,-1.84,-2.56,5.85,-6.08,192.4
-13.88,-0.68,-3.39,0.24,-1.50,-2.92,192.5
-13.61,0.26,-2.40,0.16,1.29,-2.09,192.6
-10.64,-1.49,-1.62,0.41,1.16,0.27,192.7
-7.93,-2.75,0.07,-0.29,0.22,1.45,192.8
-7.62,-5.26,2.63,-0.31,-1.04,1.83,192.9
-20.55,-6.72,2.65,1.40,0.49,1.34,193
-7.52,-6.30,2.44,0.96,-0.69,3.29,193.1
-3.41,-4.71,-1.86,2.81,-0.84,2.02,193.2
-2.54,-4.57,-3.95,4.02,2.28,0.79,193.3
-6.62,-6.75,-4.99,1.94,0.21,-1.35,193.4
-10.92,-8.14,-0.10,-1.69,-0.98,-3.33,193.5
-13.96,-6.44,-1.57,-1.77,-1.84,-4.04,193.6
-12.44,-3.24,-2.07,0.49,-0.19,-3.38,193.7
-10.54,-2.11,-1.33,0.13,0.30,-1.10,193.8
-10.57,-1.92,-3.25,1.22,1.11,-0.11,193.9
-11.71,-5.79,1.31,0.20,1.91,1.64,194
-11.68,-9.15,3.25,0.16,1.90,2.64,194.1
-8.59,-8.63,2.58,1.11,1.20,3.23,194.2
-8.30,-5.64,2.71,1.28,0.65,2.07,194.3
-6.98,-6.04,1.08,1.51,0.21,2.04,194.4
-6.16,-5.11,-0.05,1.27,-0.19,1.25,194.5
-7.11,-6.03,-1.95,1.70,-0.31,0.17,194.6
-7.39,-5.53,-3.78,2.03,0.32,-0.65,194.7
-8.65,-6.80,-2.58,-0.62,-1.45,-2.12,194.8
-10.73,-5.64,-2.77,0.76,0.44,-2.71,194.9
-12.06,-2.86,-2.01,-0.25,-0.57,-2.67,195
-11.79,-1.36,1.38,-0.21,0.43,-1.44,195.1
-13.30,-7.14,-2.39,2.02,2.00,1.31,195.2
-11.65,-9.05,5.24,-0.06,1.41,2.66,195.3
-10.61,-5.71,3.64,0.46,0.24,2.78,195.4
-9.29,-5.55,-0.15,1.25,-1.09,2.97,195.5
-9.92,-3.10,0.72,0.91,-0.48,2.07,195.6
-8.56,-0.77,2.28,-0.04,-1.26,1.85,195.7
-7.19,0.40,3.36,-1.19,-2.99,1.30,195.8
-4.01,0.61,7.71,-3.02,-4.95,0.65,195.9
-3.51,1.13,7.00,-0.11,-1.01,0.09,196
-3.46,1.34,8.12,-0.18,-0.27,-0.14,196.1
-3.32,1.37,7.72,0.11,0.38,-0.15,196.2
-3.31,-0.35,5.37,0.42,1.24,-0.37,196.3
-1.39,-3.86,-1.55,2.39,5.12,-1.43,196.4
-12.69,-1.66,-4.19,3.46,5.67,-4.09,196.5
-10.23,1.98,-3.28,-0.02,-0.12,-2.38,196.6
-15.05,-5.81,-0.41,-0.90,0.10,-0.19,196.7
-13.78,-4.97,-2.28,0.01,1.47,-0.43,196.8
-4.54,-3.14,3.64,-2.88,-2.44,0.22,196.9
-5.79,-3.55,-3.41,0.51,-0.28,-0.91,197
-6.76,-4.56,-0.37,-1.33,-0.41,-1.55,197.1
-5.87,-3.60,2.17,-2.10,-1.02,-1.59,197.2
-13.22,-12.22,-3.05,0.34,0.08,-1.06,197.3
-17.04,-4.47,-1.01,-0.15,1.05,-1.12,197.4
-9.09,-3.36,-9.79,3.08,-0.28,0.58,197.5
-6.56,-5.81,2.25,-1.41,0.35,2.09,197.6
-7.74,-4.68,-0.04,1.71,0.88,1.16,197.7
-8.24,-2.45,-0.51,1.66,0.31,0.72,197.8
-17.05,-10.17,3.97,-0.22,-2.24,2.59,197.9
-7.15,-2.01,7.24,-1.49,-5.33,3.49,198
-2.69,1.81,7.72,-0.90,-4.26,1.51,198.1
-1.60,2.39,6.48,0.00,-1.40,0.57,198.2
-0.58,1.90,7.38,0.28,-0.02,0.39,198.3
-0.09,1.92,6.61,0.49,-0.36,0.44,198.4
-1.34,3.20,7.80,0.69,-0.29,0.29,198.5
-3.27,0.89,20.06,-0.35,0.41,-0.13,198.6
-2.60,2.85,8.69,-0.25,-0.01,-0.83,198.7
-1.38,2.46,4.76,0.56,-0.19,-0.54,198.8
-1.84,1.12,11.78,-0.14,0.18,-0.28,198.9
-3.28,2.72,8.30,0.42,-0.55,-0.50,199
-1.04,4.09,5.96,0.52,-0.41,-0.21,199.1
-0.10,1.98,11.31,0.30,-0.32,0.59,199.2
-1.90,2.96,14.08,0.04,-0.42,0.14,199.3
2.58,4.57,7.10,-0.26,-0.94,0.17,199.4
-0.93,4.33,6.06,0.75,0.52,-0.43,199.5
0.92,4.01,6.73,0.33,-0.11,0.48,199.6
-0.11,5.16,8.64,0.49,-0.46,0.14,199.7
1.39,2.79,7.24,0.40,-0.17,0.26,199.8
0.44,6.23,8.43,-2.05,-0.20,-0.21,199.9
1.45,4.14,7.08,0.05,-0.03,-0.98,200
-0.95,3.23,9.20,0.30,-0.29,-1.19,200.1
-0.98,3.83,8.86,0.44,-0.19,-1.19,200.2
1.31,3.78,8.74,-0.15,-0.43,-1.32,200.3
-0.97,0.89,12.99,-0.24,0.27,-1.47,200.4
-1.01,2.42,6.84,0.41,-0.90,-1.53,200.5
-2.10,2.77,6.68,0.27,-0.26,-1.07,200.6
-1.69,1.73,7.15,0.04,-0.19,-0.69,200.7
-3.01,-0.93,0.51,1.59,3.16,-1.87,200.8
-13.62,-4.00,-5.54,1.87,6.59,-3.87,200.9
-11.74,-4.85,0.94,-0.02,1.82,-4.03,201
-14.92,-2.89,-2.31,1.65,1.76,-3.96,201.1
-12.10,-1.90,-0.99,0.77,-0.01,-2.40,201.2
-12.26,-2.51,-2.40,1.89,1.55,-0.56,201.3
-13.75,-6.35,-0.57,1.20,2.15,1.01,201.4
-8.68,-6.42,1.69,-0.21,1.83,2.61,201.5
-5.68,-6.01,1.37,-0.34,-0.10,2.69,201.6
-6.07,-6.10,0.77,0.39,0.39,1.28,201.7
-7.50,-6.36,-0.09,0.70,0.27,0.17,201.8
-6.24,-4.85,-0.09,0.92,0.00,-0.91,201.9
-9.15,-6.70,-3.26,0.97,-0.82,-1.85,202
-9.24,-4.56,-3.53,1.36,0.49,-1.57,202.1
-8.47,-3.31,-3.37,1.70,0.41,-1.08,202.2
-8.30,-3.18,-2.42,1.08,0.85,-0.22,202.3
-11.82,-8.80,-1.77,0.85,0.96,0.30,202.4
-12.45,-6.66,-0.52,-0.27,0.63,0.76,202.5
-9.86,-7.06,0.35,-1.08,-0.10,2.59,202.6
-4.73,-6.07,0.73,-0.73,-0.45,2.86,202.7
-2.70,-4.66,-0.33,-0.16,-0.59,1.73,202.8
-2.63,-2.36,-1.20,0.26,0.04,-0.61,202.9
-3.82,-3.51,0.35,-0.38,0.02,-1.57,203
-18.09,-19.07,-0.85,-0.29,0.20,-2.99,203.1
-11.67,-3.91,-5.12,-0.12,-0.95,-5.91,203.2
-8.64,-0.77,-3.94,3.53,1.40,0.30,203.3
-9.18,-2.00,-0.19,-0.76,0.39,0.81,203.4
-8.01,-2.95,-0.41,0.39,1.02,0.88,203.5
-10.40,-6.65,-1.63,0.28,0.49,2.33,203.6
-10.06,-9.76,0.09,-0.51,0.52,2.93,203.7
-4.26,-6.54,1.32,-1.82,-1.04,0.68,203.8
-4.17,-0.97,-0.72,-0.37,-0.65,-0.54,203.9
-3.87,-1.29,-1.91,0.48,0.36,-0.98,204
-11.23,-8.73,-1.28,-1.05,0.25,-1.62,204.1
-22.10,-2.22,1.74,-1.72,-0.15,-3.19,204.2
-6.77,-0.28,-7.77,2.20,-0.48,0.18,204.3
-6.17,-3.28,0.98,-1.35,0.17,1.03,204.4
-9.53,-2.64,-0.21,0.17,0.94,0.47,204.5
-7.41,-2.22,-0.58,1.06,0.43,1.34,204.6
-9.84,-8.44,-0.14,0.62,-0.13,1.94,204.7
-10.17,-6.31,0.19,0.50,0.91,0.68,204.8
-4.13,-3.67,1.31,-1.42,-0.61,-0.22,204.9
-4.61,-2.87,-3.52,0.74,-0.37,-1.06,205
-8.37,-5.66,-0.97,-0.31,0.58,-1.64,205.1
-11.07,-3.29,1.03,-1.41,0.14,-3.04,205.2
-7.05,0.99,0.62,-1.13,-0.19,-2.08,205.3
-13.53,-7.64,0.34,-0.74,-1.37,0.08,205.4
-20.63,-2.50,-1.89,0.43,0.79,0.11,205.5
-6.83,-4.82,-3.69,2.66,0.62,3.96,205.6
-8.16,-3.95,0.30,0.62,0.73,1.93,205.7
-11.04,-3.04,0.52,0.81,0.33,1.68,205.8
-7.60,-1.97,-0.34,0.79,-0.91,2.31,205.9
-3.51,-2.03,-0.75,0.70,-1.24,1.77,206
-15.28,-2.27,-1.50,1.19,-0.13,-0.43,206.1
-8.74,-0.51,-1.14,0.99,2.06,-1.95,206.2
-6.54,1.34,-1.14,-0.97,-0.85,-1.59,206.3
-6.86,0.66,-1.95,0.39,1.14,-1.34,206.4
-6.00,-0.66,-0.83,-0.80,0.11,-1.51,206.5
-17.37,-12.41,-0.04,-1.33,0.04,-1.76,206.6
-14.77,-1.97,0.47,-0.37,-0.49,-3.10,206.7
-7.42,-0.99,-8.93,2.75,-0.73,-0.18,206.8
-8.60,-1.38,-1.17,-1.38,-0.85,-0.34,206.9
-11.67,-5.94,-2.64,0.45,0.66,0.24,207
-16.26,-4.18,-0.39,-0.14,2.42,0.07,207.1
-10.24,-7.21,0.81,-0.81,0.85,2.59,207.2
-5.82,-6.16,1.06,-0.15,-0.66,3.45,207.3
-5.60,-5.35,-0.71,1.18,0.19,2.47,207.4
-6.14,-7.39,-1.89,0.88,0.56,0.53,207.5
-8.55,-4.47,-1.23,0.32,0.04,-1.66,207.6
-10.85,-7.50,-3.54,1.03,-0.96,-2.90,207.7
-13.63,-4.77,-3.40,1.74,0.11,-3.81,207.8
-11.78,-1.16,-6.92,1.97,0.64,-2.16,207.9
-10.86,-2.76,-2.05,0.98,1.40,-0.31,208
-14.62,-6.66,4.80,-0.45,1.75,1.29,208.1
-13.05,-7.28,5.62,1.92,1.96,2.36,208.2
-9.04,-6.13,9.10,2.22,2.00,3.51,208.3
-9.85,-5.53,6.24,1.90,-0.52,3.02,208.4
-9.61,-4.33,4.13,1.25,-1.99,2.78,208.5
-7.89,-1.11,4.04,0.58,-3.60,1.66,208.6
-4.18,1.49,6.27,0.67,-3.52,0.88,208.7
-4.49,1.85,5.99,-0.03,-2.68,-0.69,208.8
-1.68,2.10,5.55,0.09,-1.86,-1.28,208.9
-1.34,2.05,7.36,-0.02,-0.77,-1.45,209
-2.28,2.40,9.42,0.48,-0.04,-1.39,209.1
-2.19,1.88,8.76,0.24,-0.63,-1.10,209.2
-1.39,1.14,7.52,-0.02,0.24,-1.21,209.3
-3.27,1.31,9.52,0.04,0.95,-1.22,209.4
-2.11,1.72,7.80,0.20,-0.02,-0.81,209.5
-3.58,0.05,8.95,-0.07,0.54,-0.48,209.6
-5.62,-2.06,1.29,0.94,1.99,-0.66,209.7
-6.85,-4.00,2.52,0.16,4.36,-1.65,209.8
-11.82,-9.61,-1.10,0.87,4.87,-3.22,209.9
-15.51,-5.87,0.42,-0.89,0.01,-5.20,210
-13.08,-0.53,-2.49,0.78,-0.24,-3.06,210.1
-7.67,-0.61,-0.45,0.10,0.13,0.66,210.2
-5.70,1.11,-2.65,0.51,-0.49,1.14,210.3
-16.67,-9.29,-0.73,0.42,-0.52,1.73,210.4
-17.93,-13.19,1.69,-2.49,2.48,1.80,210.5
-3.61,-4.86,1.66,-0.75,-4.01,3.87,210.6
-1.49,-2.00,-2.68,2.75,0.89,1.61,210.7
-1.49,-0.24,-3.17,2.52,1.38,0.73,210.8
-14.50,-8.25,-3.90,-0.29,0.45,-0.65,210.9
-14.78,-1.88,1.34,-1.99,1.05,-3.49,211
-11.37,-1.33,-3.36,1.20,-0.53,-2.88,211.1
-11.53,-1.31,-2.31,1.52,1.14,-2.48,211.2
-9.79,-0.66,-3.12,0.88,0.41,-0.68,211.3
-5.25,0.20,0.19,-0.77,-0.05,0.71,211.4
-19.18,-12.70,-1.55,0.31,0.85,1.35,211.5
-20.85,-10.29,-3.53,0.20,2.87,-0.14,211.6
-4.65,-4.35,2.80,-3.08,-5.85,3.60,211.7
-1.58,-1.86,-4.91,4.14,0.94,1.97,211.8
-2.03,-0.92,-2.87,0.23,0.63,-0.03,211.9
-5.02,-3.96,-2.01,-1.70,-0.68,-1.02,212
-17.89,-13.95,3.54,-3.13,0.37,-3.37,212.1
-11.28,-2.78,-9.69,-0.08,-1.32,-7.37,212.2
-6.93,-0.38,1.33,-1.85,-0.22,-0.84,212.3
-11.75,-1.59,2.55,-1.79,-1.00,-0.12,212.4
-11.07,-3.22,-0.06,1.11,1.06,1.07,212.5
-9.26,-4.12,0.92,0.47,-0.49,2.57,212.6
-13.78,-7.03,0.93,0.63,-0.91,3.31,212.7
-16.93,1.40,11.03,-0.22,-2.84,2.97,212.8
-7.10,1.58,2.49,1.14,-1.99,2.47,212.9
-4.30,2.23,0.61,0.34,-1.56,1.34,213
-3.58,3.67,-0.05,0.81,-0.02,1.46,213.1
-2.79,4.73,-1.71,-0.35,0.63,1.45,213.2
-7.04,6.53,16.65,-4.38,-0.30,0.76,213.3
-6.71,6.07,14.15,-0.56,-0.56,0.99,213.4
-1.08,3.81,3.59,0.48,-1.00,1.34,213.5
-1.13,5.35,7.54,0.47,-0.19,0.74,213.6
-0.96,5.83,10.05,0.50,-0.03,0.20,213.7
-1.23,5.50,8.49,-0.14,-0.26,-0.35,213.8
1.62,4.28,6.46,0.38,-1.21,0.37,213.9
