-2.62,9.23,2.10,0.07,0.05,-0.01,.1
-2.72,9.19,2.29,-0.01,-0.08,0.05,.2
-3.10,8.64,2.84,-0.07,-0.23,0.11,.3
-2.32,9.56,1.63,0.89,0.22,0.16,.4
-3.68,7.73,1.75,1.33,-0.31,1.80,.5
0.27,8.00,0.48,1.81,0.67,2.79,.6
0.63,9.60,-0.75,-0.83,-0.05,-1.09,.7
3.07,9.85,-1.15,0.03,0.09,-0.70,.8
0.31,9.42,-1.04,-1.14,-0.03,-0.65,.9
1.17,10.48,0.15,0.09,0.87,-0.81,1
-0.50,13.02,-3.13,-2.05,1.80,-0.07,1.1
-1.89,10.64,7.57,-1.59,-0.75,-0.35,1.2
-1.32,8.99,5.28,0.34,-2.47,0.79,1.3
3.11,12.94,-1.76,1.55,-0.59,0.41,1.4
0.89,11.55,-2.57,0.40,0.21,-1.65,1.5
-0.84,14.96,-5.70,-1.09,-2.68,-0.90,1.6
-2.39,5.94,8.23,1.66,1.40,0.19,1.7
-0.33,11.87,-3.52,1.50,0.98,0.36,1.8
-0.36,11.16,-2.37,-0.47,0.51,-0.20,1.9
-1.08,9.31,-1.86,1.20,-1.35,-0.03,2
-2.75,8.67,0.74,0.00,0.65,-0.35,2.1
-0.91,9.04,-7.09,-0.33,0.04,-0.21,2.2
-1.77,9.73,-3.63,-0.13,-1.16,-0.73,2.3
-3.17,11.33,-1.30,-1.84,-3.02,-1.27,2.4
-0.57,4.09,-0.41,0.34,2.65,2.38,2.5
2.16,15.54,-5.26,-0.38,-0.67,0.26,2.6
0.81,8.33,-2.39,-0.36,0.78,-0.18,2.7
0.58,11.31,0.22,0.28,-0.19,0.23,2.8
1.69,11.36,-3.26,-0.64,-0.91,0.36,2.9
-1.66,2.55,1.65,-0.96,0.19,0.27,3
7.42,17.38,-0.95,0.22,-0.29,0.01,3.1
3.32,9.81,-1.86,-0.06,-0.13,0.15,3.2
2.71,9.72,-1.23,-0.29,0.08,-0.14,3.3
2.38,9.82,-0.85,-0.14,-0.01,0.01,3.4
2.52,9.67,-0.60,0.03,0.02,-0.13,3.5
3.25,9.76,-1.97,0.33,-0.02,0.05,3.6
1.82,9.81,-1.02,-0.09,-0.04,0.04,3.7
2.24,9.79,-1.16,-0.30,0.01,-0.09,3.8
2.34,9.80,-0.09,-0.26,0.00,0.02,3.9
2.64,9.68,-0.33,-0.58,-0.44,0.06,4
2.53,9.58,-0.43,-0.62,-0.40,0.29,4.1
2.65,9.92,0.11,-0.23,-0.11,-0.07,4.2
2.92,9.65,0.31,-0.35,0.04,-0.23,4.3
1.36,10.01,1.00,-0.28,-0.06,-0.05,4.4
3.82,9.29,1.65,0.07,0.00,-0.46,4.5
0.94,10.03,0.46,-0.15,-0.04,0.12,4.6
1.87,9.91,0.98,-0.09,0.04,0.21,4.7
1.85,9.92,0.79,0.51,0.07,-0.18,4.8
2.14,9.90,0.15,0.24,-0.02,0.04,4.9
2.08,9.89,0.10,0.06,0.01,-0.01,5
2.24,9.89,0.53,0.04,0.01,0.00,5.1
2.13,9.92,0.37,0.02,0.00,-0.01,5.2
2.07,9.86,0.80,-0.09,0.02,-0.03,5.3
2.30,9.88,0.04,-0.04,-0.02,-0.07,5.4
2.20,9.83,0.48,-0.35,-0.11,0.07,5.5
2.20,9.96,0.51,-0.26,0.02,0.02,5.6
2.38,9.82,1.53,0.30,0.15,-0.11,5.7
2.26,10.67,1.06,0.26,0.45,0.04,5.8
3.80,9.87,1.92,-0.32,-0.08,0.78,5.9
3.52,9.88,1.78,-0.20,-0.05,-0.06,6
2.79,9.57,1.52,0.04,-0.05,0.22,6.1
3.16,8.85,1.70,0.08,-0.41,-0.45,6.2
3.05,8.72,0.60,-0.61,0.20,0.15,6.3
2.04,9.50,1.50,-0.67,0.60,0.63,6.4
3.09,9.14,0.53,0.68,-0.42,-0.26,6.5
2.99,9.22,0.76,0.34,0.34,-0.42,6.6
1.93,9.78,0.04,-0.02,-0.21,-0.40,6.7
2.07,9.78,1.09,0.04,-0.22,-0.14,6.8
1.82,9.76,1.03,-0.04,-0.27,-0.23,6.9
1.26,9.99,1.23,-0.04,0.04,-0.04,7
0.80,10.43,1.04,0.07,0.14,0.14,7.1
0.11,10.86,0.51,-0.23,1.60,0.44,7.2
0.88,10.24,1.32,0.22,1.28,0.28,7.3
1.55,9.87,0.92,0.34,1.07,-0.12,7.4
1.85,9.46,0.00,0.28,0.95,-0.02,7.5
1.59,8.56,0.13,-0.25,0.73,0.19,7.6
1.66,8.56,0.53,-0.24,-0.57,-0.69,7.7
1.63,9.83,3.72,-0.48,0.67,-0.43,7.8
1.05,10.73,3.30,1.30,1.14,-0.26,7.9
-0.68,11.41,1.95,0.09,1.90,0.91,8
-0.53,10.67,2.49,0.08,2.24,1.09,8.1
1.74,10.86,2.45,-0.35,1.36,0.63,8.2
1.51,10.87,2.66,-0.50,1.51,0.51,8.3
2.20,11.35,2.94,-0.10,1.22,0.94,8.4
2.29,10.30,2.50,0.51,1.15,0.85,8.5
2.95,8.36,2.49,1.17,0.33,0.02,8.6
2.72,8.24,1.39,1.10,0.28,-0.51,8.7
2.33,9.05,0.40,0.74,0.74,-0.46,8.8
2.27,8.88,-0.01,-0.26,1.57,0.39,8.9
3.25,8.62,0.82,-0.09,1.72,0.43,9
3.65,9.05,0.95,-0.03,1.14,0.19,9.1
3.73,9.22,1.14,0.00,1.15,0.54,9.2
3.71,9.17,1.33,0.03,1.31,0.52,9.3
3.47,9.71,2.13,0.28,1.25,0.21,9.4
3.14,10.57,2.86,0.45,0.42,-0.29,9.5
2.51,9.96,1.59,0.02,-0.10,0.24,9.6
2.23,9.20,0.76,-0.49,0.04,-0.07,9.7
3.19,8.58,1.15,-0.36,-0.40,-0.13,9.8
3.17,9.18,0.89,-0.18,0.04,-0.24,9.9
3.50,10.12,1.59,-0.28,-0.07,0.13,10
3.27,10.41,1.82,-0.08,-0.27,0.16,10.1
3.52,10.39,2.01,0.02,-0.08,-0.30,10.2
1.81,9.33,2.54,0.71,-0.44,0.08,10.3
1.93,10.58,2.68,0.57,-0.27,-0.01,10.4
1.58,8.36,1.51,0.10,-0.15,0.01,10.5
1.98,8.84,1.64,0.08,0.27,-0.21,10.6
2.00,9.02,1.42,0.04,0.54,-0.09,10.7
2.14,9.63,1.74,0.16,0.77,-0.12,10.8
1.82,11.25,2.15,0.07,1.09,-0.04,10.9
1.57,9.80,1.43,-0.17,0.78,0.08,11
2.06,9.86,1.35,0.01,0.55,0.18,11.1
1.90,9.23,0.92,0.12,-0.01,0.02,11.2
1.72,9.73,0.84,-0.01,0.20,0.25,11.3
2.17,9.73,0.94,-0.19,-0.08,-0.10,11.4
1.96,9.57,0.99,0.02,-0.16,0.01,11.5
1.40,10.45,1.73,0.00,0.20,0.12,11.6
0.98,10.64,2.10,0.06,0.32,-0.06,11.7
1.41,8.87,2.44,0.26,0.55,0.12,11.8
1.66,9.50,2.21,-0.15,0.26,-0.21,11.9
1.47,9.70,2.94,0.13,0.79,0.27,12
1.24,9.95,2.55,-0.01,0.73,0.27,12.1
1.06,9.86,2.81,0.01,1.03,0.26,12.2
1.16,9.59,2.82,0.34,1.34,0.21,12.3
1.27,9.54,2.77,0.36,1.54,0.04,12.4
1.09,9.58,2.83,0.60,2.21,0.29,12.5
0.75,10.32,2.55,0.11,2.47,0.26,12.6
0.31,10.52,2.14,-0.07,2.45,0.40,12.7
1.24,9.39,1.46,-0.25,1.64,0.24,12.8
1.41,9.66,1.68,0.32,1.32,0.19,12.9
1.04,10.31,0.97,0.11,1.23,0.30,13
1.15,9.72,1.04,-0.10,1.20,0.62,13.1
1.81,9.45,1.38,0.12,0.43,0.16,13.2
2.12,9.60,1.02,0.01,0.32,0.13,13.3
2.07,10.52,1.57,0.02,-0.07,0.12,13.4
1.74,11.10,2.22,0.65,-0.09,0.07,13.5
1.41,9.25,1.39,0.20,0.19,0.05,13.6
1.61,8.02,1.18,0.09,0.40,0.36,13.7
1.90,9.67,1.69,0.13,0.35,-0.16,13.8
1.97,9.49,1.11,-0.16,0.49,0.03,13.9
1.95,10.43,1.54,-0.23,0.42,-0.34,14
1.38,10.97,2.05,-0.02,0.59,-0.29,14.1
1.04,10.43,1.79,-0.10,-0.20,-0.35,14.2
0.68,10.24,1.99,0.04,0.33,0.10,14.3
1.51,8.96,1.84,-0.18,0.25,0.24,14.4
1.73,9.10,2.11,-0.12,-0.40,-0.02,14.5
1.46,9.68,1.76,-0.01,-1.13,-0.26,14.6
1.35,10.50,2.57,-0.04,-0.95,0.10,14.7
1.06,12.15,3.12,-0.05,-1.67,-0.55,14.8
0.84,9.45,2.28,0.04,-1.41,-0.32,14.9
0.68,8.15,1.69,-0.04,-1.46,-0.46,15
0.79,9.64,1.52,-0.01,-0.40,-0.08,15.1
0.81,9.83,1.63,-0.13,0.15,-0.02,15.2
0.65,9.99,1.78,-0.03,0.21,0.11,15.3
0.48,12.63,2.64,-0.20,0.29,-0.17,15.4
0.20,10.07,2.36,0.28,0.35,0.41,15.5
0.39,8.50,1.91,0.28,0.14,0.19,15.6
0.30,8.50,1.78,0.24,0.05,0.00,15.7
0.27,9.69,1.70,-0.22,-0.23,-0.20,15.8
0.33,9.85,1.65,-0.11,-0.33,0.00,15.9
0.46,10.43,1.73,-0.37,-0.21,-0.20,16
0.44,10.92,2.82,-0.11,-0.13,-0.43,16.1
1.25,10.53,2.65,0.08,-0.62,-0.31,16.2
1.17,11.17,2.55,-0.07,-0.80,-0.36,16.3
1.10,9.28,1.86,0.30,-0.26,0.30,16.4
1.34,10.10,1.48,0.04,-0.24,0.27,16.5
1.15,11.27,1.42,0.11,-0.18,0.15,16.6
0.77,12.45,1.84,0.44,-0.01,0.24,16.7
1.32,9.94,1.14,0.44,-0.13,0.71,16.8
1.71,9.63,1.36,0.09,0.36,0.50,16.9
2.21,9.76,1.40,0.03,-0.21,-0.10,17
2.21,9.34,1.42,0.91,-0.73,-0.22,17.1
1.94,9.96,0.53,0.23,-0.07,-0.06,17.2
2.34,7.98,-0.16,0.05,-0.07,0.06,17.3
2.32,8.83,0.44,0.05,0.39,0.23,17.4
2.53,8.86,-0.02,-0.06,0.48,-0.09,17.5
2.52,10.40,0.51,-0.03,0.88,0.05,17.6
2.19,10.77,0.02,-0.18,1.38,0.35,17.7
2.06,11.33,0.75,0.23,1.08,0.30,17.8
2.10,9.63,0.04,0.49,0.99,0.14,17.9
2.29,9.05,0.10,0.64,0.71,-0.32,18
2.18,8.74,-0.30,0.48,0.80,-0.18,18.1
2.24,8.16,-0.54,0.13,0.58,0.09,18.2
2.34,8.17,-0.83,-0.60,0.24,-0.09,18.3
2.47,8.94,-0.46,-0.59,0.15,-0.11,18.4
2.30,10.04,-0.18,-0.68,0.08,-0.15,18.5
1.90,10.49,0.57,-0.81,0.23,-0.11,18.6
1.75,9.31,1.79,-0.08,0.64,-0.20,18.7
0.32,7.59,-0.04,-0.74,0.52,-0.54,18.8
-0.27,3.42,-0.86,-2.08,0.84,-0.27,18.9
0.21,0.05,-0.13,-2.03,0.84,-0.39,19
1.00,8.99,2.72,-2.01,0.13,-0.60,19.1
-2.22,-15.11,26.42,-1.76,-1.81,1.82,19.2
0.69,-1.42,0.01,-5.21,-0.84,1.33,19.3
0.78,-1.68,-1.19,-4.10,1.20,0.88,19.4
2.84,-12.54,1.53,-0.79,0.30,-0.26,19.5
2.84,-12.54,1.53,0.87,-0.08,-0.20,19.6
2.84,-12.54,1.53,2.58,0.56,0.19,19.7
0.23,-10.04,3.16,3.32,0.69,0.27,19.8
-0.24,-8.47,9.91,7.24,-0.12,-0.03,19.9
2.30,9.07,7.26,6.62,0.74,-0.45,20
-0.12,-2.00,12.95,-1.03,0.87,-0.06,20.1
1.94,-1.48,11.02,-0.48,-0.93,0.17,20.2
0.72,-0.39,9.87,0.14,0.18,-0.02,20.3
0.63,-0.02,9.17,0.01,-0.13,0.00,20.4
0.84,-0.29,9.58,-0.10,-0.16,-0.02,20.5
0.47,-0.27,9.09,-0.15,-0.11,-0.03,20.6
3.72,-0.10,8.54,-0.29,-1.22,-0.20,20.7
1.97,-2.71,10.35,-1.11,-0.29,-0.17,20.8
2.94,-2.64,5.95,-2.13,-0.46,-0.13,20.9
4.37,-4.26,7.93,-2.19,1.36,-0.32,21
-0.03,-6.64,6.26,-0.66,1.59,-0.01,21.1
2.69,-5.50,7.88,0.62,-1.07,0.97,21.2
1.00,-5.10,6.64,-0.66,-0.33,1.65,21.3
1.20,-5.36,6.49,-0.79,-0.36,0.63,21.4
1.20,-7.00,6.34,-0.26,0.20,-0.43,21.5
1.98,-6.88,7.64,0.86,0.20,-0.33,21.6
1.11,-4.00,8.25,1.59,0.33,0.10,21.7
0.60,-4.69,7.65,-0.21,-0.41,-0.21,21.8
1.80,-5.64,7.74,0.37,-0.39,-0.26,21.9
1.82,-0.95,10.59,2.90,0.20,-0.07,22
-0.20,0.05,6.27,1.58,0.64,-0.16,22.1
1.71,-0.97,8.86,-0.01,-0.66,-0.05,22.2
1.01,-0.28,8.98,0.18,0.33,0.02,22.3
1.25,-0.78,9.30,0.08,0.05,0.00,22.4
1.23,-0.86,9.41,-0.01,0.01,0.00,22.5
1.12,-0.86,9.51,0.02,0.01,0.00,22.6
1.06,-0.80,9.40,0.01,0.00,0.00,22.7
1.10,-0.79,9.38,0.00,0.00,0.00,22.8
1.11,-0.84,9.42,0.00,0.00,0.00,22.9
1.11,-0.82,9.43,0.00,0.00,0.00,23
1.09,-0.81,9.42,0.00,0.00,0.00,23.1
1.10,-0.81,9.42,0.00,0.00,0.00,23.2
1.12,-0.80,9.43,0.00,0.00,0.00,23.3
1.10,-0.81,9.40,0.00,0.00,0.00,23.4
1.11,-0.80,9.41,0.00,0.00,0.00,23.5
1.12,-0.81,9.41,0.00,0.00,0.00,23.6
1.11,-0.81,9.41,0.00,0.00,0.00,23.7
1.11,-0.78,9.40,0.00,0.00,0.00,23.8
1.10,-0.81,9.41,0.00,0.00,0.00,23.9
1.10,-0.80,9.43,0.00,0.00,0.00,24
1.11,-0.80,9.41,0.00,0.00,0.00,24.1
1.11,-0.80,9.42,0.00,0.00,0.00,24.2
1.10,-0.80,9.39,0.00,0.00,0.00,24.3
1.11,-0.80,9.41,0.00,0.00,0.00,24.4
1.11,-0.79,9.41,0.00,0.00,0.00,24.5
1.10,-0.79,9.42,0.00,0.00,0.00,24.6
1.11,-0.79,9.43,0.00,0.00,0.00,24.7
1.11,-0.78,9.41,0.00,0.00,0.00,24.8
1.11,-0.80,9.40,0.00,0.00,0.00,24.9
1.10,-0.80,9.41,0.00,0.00,0.00,25
1.12,-0.81,9.41,0.00,0.00,0.00,25.1
1.11,-0.79,9.41,0.00,0.00,0.00,25.2
1.12,-0.80,9.41,0.00,0.00,0.00,25.3
1.10,-0.80,9.41,0.00,0.00,0.00,25.4
1.09,-0.80,9.41,0.00,0.00,0.00,25.5
1.10,-0.80,9.40,0.00,0.00,0.00,25.6
1.10,-0.79,9.40,0.00,0.00,0.00,25.7
1.11,-0.78,9.40,0.00,0.00,0.00,25.8
1.10,-0.80,9.42,0.00,0.00,0.00,25.9
1.10,-0.79,9.41,0.00,0.00,0.00,26
1.09,-0.78,9.41,0.00,0.00,0.00,26.1
1.11,-0.79,9.42,0.00,0.00,0.00,26.2
1.10,-0.79,9.40,0.00,0.00,0.00,26.3
1.08,-0.79,9.41,0.00,0.00,0.00,26.4
1.08,-0.78,9.37,0.00,0.01,0.00,26.5
1.07,-0.75,9.39,0.00,0.00,0.00,26.6
1.09,-0.79,9.39,0.00,0.00,0.00,26.7
1.09,-0.79,9.43,0.00,0.00,0.00,26.8
1.10,-0.79,9.43,0.00,0.00,0.00,26.9
1.09,-0.78,9.41,0.00,0.00,0.00,27
1.09,-0.78,9.40,0.00,0.00,0.00,27.1
1.09,-0.78,9.40,0.00,0.00,0.00,27.2
1.07,-0.78,9.41,0.00,0.00,0.00,27.3
1.08,-0.77,9.43,0.00,0.00,0.00,27.4
1.09,-0.78,9.42,0.00,0.00,0.00,27.5
1.09,-0.77,9.41,0.00,0.00,0.00,27.6
1.09,-0.79,9.42,0.00,0.00,0.00,27.7
1.09,-0.79,9.43,0.00,0.00,0.00,27.8
1.08,-0.79,9.43,0.00,0.00,0.00,27.9
1.09,-0.78,9.41,0.00,0.00,0.00,28
1.08,-0.78,9.42,0.00,0.00,0.00,28.1
1.09,-0.76,9.43,0.00,0.00,0.00,28.2
1.08,-0.78,9.41,0.00,0.00,0.00,28.3
1.08,-0.76,9.41,0.00,0.00,0.00,28.4
1.08,-0.78,9.42,0.00,0.00,0.00,28.5
1.09,-0.77,9.43,0.00,0.00,0.00,28.6
1.08,-0.76,9.41,0.00,0.00,0.00,28.7
1.07,-0.76,9.41,0.00,0.00,0.00,28.8
1.07,-0.74,9.40,0.00,0.00,0.00,28.9
1.07,-0.73,9.37,0.00,0.00,0.00,29
1.28,-1.49,10.52,-0.16,-0.16,-0.03,29.1
1.31,-0.23,8.35,0.04,-0.09,0.03,29.2
2.05,-2.01,11.38,-0.21,-0.20,-0.01,29.3
0.29,0.17,9.44,0.78,0.61,0.08,29.4
0.23,0.15,9.54,0.42,0.26,0.05,29.5
0.00,0.17,10.28,0.96,0.10,0.07,29.6
0.09,1.71,10.13,1.09,0.07,0.07,29.7
1.02,2.89,9.44,1.23,0.29,0.24,29.8
0.06,3.32,7.55,1.11,-0.06,0.15,29.9
0.32,5.08,9.23,0.56,-0.48,0.18,30
0.60,6.28,7.27,1.22,-0.08,0.05,30.1
0.66,6.99,6.54,1.14,-0.06,0.06,30.2
0.23,7.70,6.08,0.91,0.12,0.06,30.3
0.38,8.79,5.05,1.10,-0.04,-0.13,30.4
0.28,8.50,3.34,1.03,0.15,0.01,30.5
0.62,9.47,3.64,0.91,0.20,0.02,30.6
0.22,9.26,2.95,0.83,0.07,-0.07,30.7
-1.03,9.12,2.99,0.81,0.05,-0.07,30.8
0.46,10.11,1.88,0.45,0.03,0.09,30.9
0.45,10.08,1.36,0.43,0.03,0.02,31
-0.12,9.92,0.52,0.46,0.09,-0.13,31.1
0.51,10.20,0.03,0.41,0.14,-0.12,31.2
0.07,9.90,-0.26,0.14,0.42,-0.15,31.3
-0.24,9.95,0.57,-0.19,0.53,-0.22,31.4
-0.70,9.73,-0.46,-0.03,0.49,-0.25,31.5
-0.83,10.13,0.17,-0.04,0.64,-0.15,31.6
-1.33,10.20,0.57,-0.07,0.59,-0.21,31.7
-1.54,10.03,0.84,-0.11,-0.21,-0.24,31.8
-1.50,10.51,1.04,-0.03,-0.21,-0.21,31.9
-1.50,10.51,1.04,0.03,0.18,0.01,32
-1.73,10.04,0.71,0.00,0.17,0.13,32.1
-1.46,10.07,0.67,-0.06,0.04,-0.06,32.2
-1.35,10.24,0.70,0.08,0.26,-0.09,32.3
-1.84,10.29,0.49,0.12,0.09,0.14,32.4
-1.74,10.68,0.37,0.21,0.51,0.46,32.5
-1.68,10.53,-0.06,-0.10,0.74,0.54,32.6
-1.01,10.37,-0.13,-0.26,0.61,0.42,32.7
-0.64,10.35,0.08,-0.16,0.93,-0.12,32.8
-0.69,11.11,0.07,-0.16,1.19,-0.57,32.9
-1.29,9.05,-0.35,-0.46,1.54,-0.25,33
-1.51,8.08,-0.10,-0.58,1.64,0.69,33.1
-1.37,8.13,0.25,-0.16,1.00,1.02,33.2
-0.21,9.06,0.45,0.03,0.98,0.78,33.3
-0.23,9.13,0.52,0.38,1.27,-0.32,33.4
-0.32,9.66,0.45,0.51,0.45,-1.02,33.5
-1.22,10.41,-0.18,0.16,0.11,-0.77,33.6
-1.14,11.06,0.22,-0.19,0.84,-0.07,33.7
-0.94,10.23,0.80,0.21,0.90,0.14,33.8
-0.61,9.94,0.82,0.10,0.94,0.07,33.9
-0.52,10.14,0.51,-0.19,0.92,0.04,34
-1.08,10.67,0.53,-0.29,0.83,0.18,34.1
-0.84,10.16,0.42,-0.43,0.92,0.29,34.2
-0.84,9.94,0.40,-0.16,0.39,-0.03,34.3
-1.23,10.57,0.42,0.01,0.52,0.06,34.4
-0.57,9.50,-0.15,-0.18,0.95,0.02,34.5
-0.65,9.83,0.27,-0.30,0.58,-0.41,34.6
-0.94,10.07,0.10,-0.11,0.37,-0.21,34.7
-0.80,10.26,0.00,-0.20,0.38,0.01,34.8
-0.76,10.02,-0.22,-0.08,0.19,-0.05,34.9
-0.44,9.68,-0.23,-0.12,-0.02,-0.31,35
-0.46,9.65,-0.22,-0.07,-0.02,-0.21,35.1
-0.77,9.78,-0.10,0.02,-0.10,0.03,35.2
-0.89,10.07,-0.05,-0.08,-0.15,0.19,35.3
-1.69,10.85,0.60,0.23,-0.12,0.52,35.4
-1.87,11.19,0.88,0.78,-0.35,0.60,35.5
-1.01,10.14,-0.06,0.18,-0.26,0.05,35.6
-0.71,9.75,0.08,-0.22,0.46,-0.25,35.7
-0.60,9.46,0.50,-0.06,0.10,-0.40,35.8
-0.52,9.81,0.30,-0.02,-0.04,-0.42,35.9
-0.39,9.74,0.15,-0.24,0.18,-0.57,36
-0.94,9.85,0.31,-0.05,-0.25,-0.35,36.1
-1.57,10.64,0.21,0.02,-0.14,-0.16,36.2
-1.99,12.21,0.12,0.46,0.08,0.56,36.3
-1.16,9.95,-0.52,-0.24,0.06,0.30,36.4
-1.52,9.26,0.47,-0.05,0.24,0.38,36.5
-1.09,8.81,0.09,0.25,-0.80,0.13,36.6
-0.88,9.70,-0.15,0.01,-0.95,-0.29,36.7
-1.11,9.84,-0.03,-0.06,-0.88,-0.29,36.8
-1.34,10.03,0.00,-0.03,-0.80,0.39,36.9
-0.84,9.91,0.04,-0.17,-0.63,0.24,37
-1.21,10.66,0.13,0.18,-1.09,0.04,37.1
-1.32,10.04,0.61,0.51,-0.61,0.17,37.2
-1.05,9.26,-0.14,0.02,0.08,0.31,37.3
-0.76,8.82,0.07,0.02,0.17,-0.03,37.4
-0.95,9.67,0.16,0.02,0.08,-0.38,37.5
-0.86,9.78,-0.04,-0.12,0.43,-0.60,37.6
-1.04,10.28,-0.10,-0.23,0.46,-0.55,37.7
-1.79,11.21,0.31,0.24,0.71,0.13,37.8
-1.24,10.63,-0.91,0.17,0.57,0.24,37.9
-0.89,9.21,-0.51,-0.28,1.05,0.09,38
-1.70,9.40,0.44,0.50,-0.28,0.22,38.1
-0.79,9.48,-0.51,0.28,-0.43,-0.01,38.2
-1.25,10.23,-0.48,-0.29,-0.36,-0.14,38.3
-1.13,9.54,-0.43,-0.37,-0.13,0.13,38.4
-1.24,10.05,-0.20,-0.25,-0.12,0.24,38.5
-0.98,9.79,-0.22,-0.11,0.15,0.30,38.6
-1.05,10.18,0.04,-0.10,0.16,0.14,38.7
-1.48,10.98,0.18,0.15,-0.13,0.10,38.8
-1.56,10.17,0.28,0.21,0.69,0.56,38.9
-1.15,10.03,0.21,0.09,0.94,0.17,39
-0.67,8.63,-0.27,-0.14,1.05,-0.04,39.1
-1.49,9.92,0.45,0.03,1.94,-0.26,39.2
-1.28,10.23,0.00,0.22,1.84,-0.09,39.3
-1.92,11.49,0.12,0.06,2.79,0.05,39.4
-2.00,11.00,-0.46,-0.62,2.58,0.10,39.5
-1.89,9.74,-0.10,-0.55,2.63,0.19,39.6
-1.11,9.67,0.19,-0.35,2.25,0.01,39.7
-1.09,9.67,0.13,0.13,1.54,-0.32,39.8
-0.88,9.47,-0.70,-0.50,1.54,-0.27,39.9
-0.83,9.60,-0.03,-0.53,1.60,-0.26,40
-0.85,9.57,0.18,-0.09,0.59,-0.25,40.1
-1.31,10.89,0.54,0.35,0.38,0.12,40.2
-1.60,11.89,0.42,0.19,0.62,0.35,40.3
-1.30,10.89,0.47,0.22,0.90,0.49,40.4
-0.81,9.38,0.23,0.25,0.76,0.46,40.5
-0.68,9.47,-0.02,-0.24,1.01,0.35,40.6
-0.38,9.46,-0.10,-0.42,0.83,-0.21,40.7
-0.15,8.77,-0.08,-0.35,0.75,-0.40,40.8
-0.50,9.37,-0.03,-0.11,0.77,-0.34,40.9
-1.14,10.40,0.27,0.08,0.91,-0.06,41
-0.85,10.36,-0.50,-0.18,0.42,-0.08,41.1
-1.21,10.12,0.37,0.06,0.87,0.25,41.2
-0.84,9.36,-0.07,-0.07,0.31,0.25,41.3
-0.37,9.10,-0.17,-0.20,-0.07,-0.15,41.4
-0.72,9.67,0.33,0.28,-0.61,-0.15,41.5
-0.95,9.72,0.22,0.33,-0.85,0.08,41.6
-1.81,11.24,0.58,0.35,-0.77,0.40,41.7
-0.99,10.06,-0.17,-0.10,-0.99,-0.02,41.8
-1.38,10.39,0.58,0.44,-0.77,-0.16,41.9
-1.15,9.14,0.01,0.46,-0.58,-0.03,42
-1.23,9.61,0.07,-0.06,0.03,0.20,42.1
-0.95,9.83,0.20,-0.10,-0.05,-0.02,42.2
-0.97,10.27,-0.10,-0.17,-0.20,-0.63,42.3
-1.53,10.50,0.31,0.13,0.00,-0.09,42.4
-1.17,9.50,-0.71,-0.33,-0.33,0.17,42.5
-1.88,10.05,0.31,-0.45,-0.01,0.44,42.6
-1.60,9.93,-0.07,0.15,-0.84,0.49,42.7
-1.19,9.73,0.01,0.18,-0.51,0.19,42.8
-1.21,9.76,-0.32,-0.02,-0.62,-0.36,42.9
-1.33,9.10,-0.15,-0.07,-0.58,-0.31,43
-1.75,9.92,-0.26,-0.05,-0.72,-0.16,43.1
-1.66,9.97,-0.16,-0.13,0.03,0.19,43.2
-1.52,10.46,0.27,0.04,0.12,-0.01,43.3
-1.62,10.38,0.36,0.25,0.15,-0.09,43.4
-1.67,9.92,0.19,0.09,0.62,0.17,43.5
-1.57,10.21,0.20,0.04,1.11,0.11,43.6
-1.53,10.37,0.53,0.17,1.42,-0.10,43.7
-1.81,9.82,0.14,0.16,1.41,-0.15,43.8
-2.04,11.11,-0.07,-0.11,1.72,0.13,43.9
-1.14,9.38,-0.21,-0.53,2.01,-0.37,44
-1.21,9.52,0.01,-0.15,0.84,-0.83,44.1
-1.20,9.64,-0.33,-0.31,0.78,-0.42,44.2
-1.65,10.27,-0.32,-0.46,0.68,0.11,44.3
-1.20,9.49,-0.33,-0.56,0.47,0.17,44.4
-1.33,10.09,-0.08,-0.37,-0.01,0.05,44.5
-1.44,10.43,0.47,-0.08,0.10,0.00,44.6
-1.51,9.74,0.93,0.92,-0.40,0.10,44.7
-1.61,10.04,-0.06,0.12,-0.30,0.36,44.8
-1.73,10.14,-0.04,-0.03,0.12,0.48,44.9
-1.46,10.16,0.37,-0.43,-0.18,0.05,45
-1.29,9.98,0.75,-0.03,-0.15,-0.45,45.1
-1.49,9.74,0.48,0.20,-0.36,-0.45,45.2
-1.79,10.07,0.22,-0.01,0.26,0.21,45.3
-1.77,10.26,0.27,-0.07,0.31,0.33,45.4
-1.69,10.10,0.15,-0.03,0.67,0.21,45.5
-1.66,10.08,0.08,-0.13,-0.12,-0.05,45.6
-1.21,9.30,0.11,0.03,-0.04,-0.17,45.7
-1.14,8.89,0.17,0.01,-0.56,-0.25,45.8
-1.48,9.66,0.19,-0.03,-0.87,0.03,45.9
-1.52,9.81,0.10,0.01,-0.72,0.28,46
-1.81,9.40,0.55,0.20,-0.81,0.51,46.1
-1.59,10.03,0.94,0.24,-0.49,0.34,46.2
-1.52,10.63,0.41,0.23,-1.24,-0.09,46.3
-1.23,9.52,0.48,0.04,0.24,0.13,46.4
-0.99,9.69,0.71,-0.20,-0.14,-0.34,46.5
-0.73,9.36,0.65,-0.24,0.09,-0.57,46.6
-1.15,9.10,1.09,0.19,0.37,-0.24,46.7
-1.23,9.43,0.88,0.04,0.23,-0.09,46.8
-1.38,9.60,0.79,-0.30,0.32,-0.05,46.9
-1.77,9.33,0.83,-0.50,0.22,0.30,47
-1.74,9.66,0.81,-0.64,-0.11,0.29,47.1
-1.39,9.88,0.62,-0.86,-0.05,0.19,47.2
-1.35,8.39,0.81,-0.99,0.07,0.13,47.3
-1.11,5.28,-0.03,-1.35,-0.66,0.39,47.4
0.39,0.19,-0.43,-1.19,-0.88,-0.06,47.5
-0.33,0.53,-0.04,-1.06,-3.96,1.21,47.6
26.22,23.38,17.83,-1.40,6.87,-1.73,47.7
1.62,-1.96,-3.33,-3.97,-1.56,-2.00,47.8
-0.65,3.30,7.10,-6.56,-0.22,-1.11,47.9
0.03,-3.02,4.80,-0.09,-0.24,-0.35,48
0.03,-3.02,4.80,-0.01,-0.02,-0.01,48.1
0.75,-0.95,10.86,-0.01,0.00,0.00,48.2
0.75,-0.95,10.86,0.00,0.00,0.00,48.3
0.13,-0.24,9.35,0.00,0.00,0.00,48.4
0.10,-0.27,9.53,0.00,0.00,0.00,48.5
0.09,-0.29,9.50,0.00,0.01,0.00,48.6
0.06,-0.29,9.53,0.00,0.00,0.00,48.7
0.07,-0.27,9.50,0.00,0.00,0.00,48.8
0.10,-0.29,9.53,0.00,0.00,0.00,48.9
0.05,-0.28,9.55,0.00,0.00,0.00,49
0.09,-0.29,9.55,0.00,-0.01,0.00,49.1
0.09,-0.27,9.53,0.00,0.00,0.00,49.2
0.09,-0.26,9.46,0.00,0.00,0.00,49.3
0.10,-0.28,9.49,0.00,0.00,0.00,49.4
0.08,-0.27,9.50,0.00,0.00,0.00,49.5
0.09,-0.27,9.51,0.00,0.00,0.00,49.6
0.05,-0.26,9.48,0.00,0.00,0.00,49.7
0.11,-0.28,9.52,0.00,0.00,0.00,49.8
0.07,-0.28,9.50,0.00,0.00,0.00,49.9
0.08,-0.28,9.51,0.00,0.00,0.00,50
0.10,-0.28,9.52,0.00,0.00,0.00,50.1
0.08,-0.28,9.49,0.00,0.00,0.00,50.2
0.08,-0.27,9.50,0.00,0.00,0.00,50.3
0.08,-0.27,9.50,0.00,0.00,0.00,50.4
0.07,-0.26,9.50,0.00,0.00,0.00,50.5
0.09,-0.27,9.49,0.00,0.00,0.00,50.6
0.08,-0.28,9.51,0.00,0.00,0.00,50.7
0.08,-0.28,9.50,0.00,0.00,0.00,50.8
0.07,-0.27,9.51,0.00,0.00,0.00,50.9
0.08,-0.27,9.52,0.00,0.00,0.00,51
0.08,-0.27,9.50,0.00,0.00,0.00,51.1
0.08,-0.27,9.52,0.00,0.00,0.00,51.2
0.07,-0.28,9.50,0.00,0.00,0.00,51.3
0.07,-0.28,9.50,0.00,0.00,0.00,51.4
0.08,-0.27,9.50,0.00,0.00,0.00,51.5
0.07,-0.26,9.50,0.00,0.00,0.00,51.6
0.07,-0.27,9.51,0.00,0.00,0.00,51.7
0.08,-0.27,9.50,0.00,0.00,0.00,51.8
0.08,-0.27,9.52,0.00,0.00,0.00,51.9
0.06,-0.27,9.51,0.00,0.00,0.00,52
0.08,-0.28,9.49,0.00,0.00,0.00,52.1
0.06,-0.27,9.51,0.00,0.00,0.00,52.2
0.09,-0.28,9.50,0.00,0.00,0.00,52.3
0.07,-0.27,9.51,0.00,0.00,0.00,52.4
0.07,-0.27,9.50,0.00,0.00,0.00,52.5
0.07,-0.27,9.49,0.00,0.00,0.00,52.6
0.07,-0.27,9.50,0.00,0.00,0.00,52.7
0.08,-0.28,9.49,0.00,0.00,0.00,52.8
0.07,-0.28,9.50,0.00,0.00,0.00,52.9
0.07,-0.27,9.49,0.00,0.00,0.00,53
0.07,-0.27,9.49,0.00,0.00,0.00,53.1
0.07,-0.27,9.51,0.00,0.00,0.00,53.2
0.08,-0.27,9.50,0.00,0.00,0.00,53.3
0.08,-0.28,9.51,0.00,0.00,0.00,53.4
0.07,-0.27,9.50,0.00,0.00,0.00,53.5
0.06,-0.27,9.51,0.00,0.00,0.00,53.6
0.07,-0.28,9.51,0.00,0.00,0.00,53.7
0.07,-0.27,9.51,0.00,0.00,0.00,53.8
0.07,-0.28,9.49,0.00,0.00,0.00,53.9
0.07,-0.28,9.49,0.00,0.00,0.00,54
0.08,-0.26,9.51,0.00,0.00,0.00,54.1
0.06,-0.28,9.50,0.00,0.00,0.00,54.2
0.07,-0.27,9.49,0.00,0.00,0.00,54.3
0.07,-0.28,9.51,0.00,0.00,0.00,54.4
0.06,-0.27,9.52,0.00,0.00,0.00,54.5
0.05,-0.27,9.48,0.00,0.00,0.00,54.6
0.07,-0.27,9.51,0.00,0.00,0.00,54.7
0.04,-0.28,9.51,0.00,0.00,0.00,54.8
0.08,-0.28,9.56,0.01,-0.02,0.00,54.9
0.29,-0.16,9.49,0.10,-0.19,0.00,55
0.64,0.01,9.33,0.09,-0.21,0.00,55.1
0.44,-0.11,9.42,-0.03,0.02,0.00,55.2
0.67,-0.08,9.78,0.07,-0.16,0.00,55.3
0.85,-0.30,10.30,0.15,-0.29,0.01,55.4
1.79,0.51,9.39,0.60,-0.25,0.01,55.5
0.91,1.64,9.50,1.01,0.14,-0.11,55.6
0.77,2.36,9.34,1.11,0.03,-0.13,55.7
0.65,3.96,8.42,1.26,0.03,-0.01,55.8
0.77,4.55,8.24,1.04,0.01,0.30,55.9
1.57,5.77,8.15,0.90,-0.03,0.26,56
1.00,5.93,7.66,0.87,-0.05,-0.04,56.1
1.28,7.00,6.65,1.02,-0.09,0.00,56.2
1.34,7.68,5.94,0.95,-0.14,0.01,56.3
1.91,8.24,5.02,0.67,-0.19,0.07,56.4
1.83,8.29,4.92,0.29,-0.08,-0.03,56.5
2.12,8.34,4.90,-0.10,-0.13,-0.13,56.6
1.67,7.79,6.07,-0.51,-0.32,-0.35,56.7
1.39,7.52,6.78,-0.04,-0.29,-0.35,56.8
1.57,8.05,5.69,0.57,-0.35,-0.33,56.9
0.92,8.52,4.97,0.53,-0.77,-0.57,57
1.04,8.87,4.39,0.29,-1.21,-0.67,57.1
1.90,8.69,4.80,-0.32,-1.45,-0.44,57.2
2.16,7.85,6.63,-1.02,-0.37,0.00,57.3
2.22,7.62,6.04,-0.30,0.06,0.38,57.4
2.41,8.04,4.96,0.35,0.72,0.82,57.5
2.53,8.15,5.84,-0.07,1.21,1.06,57.6
2.61,7.12,5.49,0.14,1.27,1.14,57.7
2.70,7.76,5.54,0.53,1.14,0.90,57.8
2.75,8.02,5.28,0.42,0.70,0.57,57.9
2.75,7.77,5.40,0.15,0.28,0.34,58
2.69,7.59,4.99,0.21,-0.33,-0.17,58.1
2.69,8.10,5.15,0.05,-0.67,-0.44,58.2
2.82,8.19,5.91,-0.31,-0.99,-0.73,58.3
2.68,8.21,5.63,-0.20,-1.09,-0.89,58.4
2.65,7.99,5.49,-0.37,-1.08,-0.88,58.5
2.56,7.77,5.77,-0.48,-0.94,-0.78,58.6
2.43,7.97,5.73,-0.15,-0.66,-0.65,58.7
2.45,8.23,5.51,-0.08,-0.49,-0.46,58.8
2.63,8.21,5.90,-0.20,-0.15,-0.10,58.9
2.55,8.53,6.12,-0.07,0.09,0.05,59
2.63,8.49,5.69,0.08,0.21,0.30,59.1
2.96,8.91,6.51,-0.04,0.33,0.40,59.2
2.82,8.45,5.83,0.13,0.36,0.39,59.3
2.88,8.61,5.97,0.11,0.28,0.36,59.4
2.80,8.04,5.50,0.11,0.11,0.36,59.5
3.17,7.71,5.27,0.09,-0.06,0.31,59.6
3.24,7.40,5.15,0.06,-0.05,0.20,59.7
3.27,7.50,5.01,0.07,-0.10,0.04,59.8
3.66,7.56,4.94,0.02,-0.37,0.04,59.9
3.60,7.71,5.20,-0.15,-0.36,-0.15,60
4.02,7.60,5.21,-0.18,-0.56,-0.16,60.1
3.96,7.39,5.14,-0.21,-0.52,-0.29,60.2
3.50,7.27,4.82,-0.17,-0.41,-0.42,60.3
3.76,7.49,4.83,-0.22,-0.45,-0.41,60.4
4.18,7.96,5.38,-0.33,-0.47,-0.34,60.5
4.21,7.84,5.42,-0.29,-0.50,-0.38,60.6
4.14,7.81,5.20,-0.21,-0.58,-0.40,60.7
3.98,7.64,5.08,-0.26,-0.61,-0.43,60.8
3.84,7.37,5.08,-0.31,-0.59,-0.40,60.9
3.71,7.26,4.80,-0.17,-0.63,-0.34,61
3.58,7.08,4.66,-0.17,-0.48,-0.29,61.1
3.83,7.26,5.07,-0.18,-0.29,-0.14,61.2
3.83,7.38,4.87,0.00,-0.15,-0.11,61.3
3.82,7.61,4.49,-0.04,0.03,0.00,61.4
4.24,8.62,4.33,0.16,-0.35,-0.18,61.5
3.87,7.85,4.88,-0.28,-0.38,-0.21,61.6
3.88,7.03,5.51,-0.45,0.14,0.19,61.7
3.65,7.14,6.25,-0.01,0.23,0.23,61.8
3.93,7.90,5.47,0.38,0.75,0.55,61.9
4.22,8.41,4.14,0.91,0.73,0.32,62
3.25,8.48,3.13,1.15,0.41,-0.25,62.1
1.79,8.40,2.01,1.58,1.05,-0.39,62.2
0.62,10.08,0.85,1.81,0.34,-1.34,62.3
0.27,10.79,-0.23,1.27,0.43,-1.17,62.4
0.20,10.56,0.67,-0.41,1.08,0.05,62.5
0.69,9.68,1.21,-0.64,1.32,0.46,62.6
0.88,9.32,1.65,-0.20,0.97,0.06,62.7
0.66,9.86,1.44,0.32,0.60,-0.21,62.8
0.65,9.93,0.86,0.25,0.82,-0.14,62.9
0.70,9.76,1.16,-0.21,0.98,-0.14,63
0.41,10.46,1.03,-0.10,1.16,-0.09,63.1
0.54,10.15,0.87,-0.15,1.08,-0.05,63.2
-0.03,10.25,0.83,0.00,1.11,-0.01,63.3
-0.51,10.77,0.95,0.10,1.08,0.10,63.4
-0.19,9.60,0.38,0.13,0.62,0.20,63.5
-0.26,9.89,0.63,-0.17,0.56,0.18,63.6
-0.01,9.13,0.17,-0.11,0.18,-0.08,63.7
-0.13,9.71,0.45,-0.12,0.04,-0.17,63.8
0.01,9.87,0.09,0.16,-0.31,-0.13,63.9
-0.27,10.53,0.33,-0.15,-0.34,0.03,64
-0.68,11.74,1.33,-0.10,-0.42,0.11,64.1
-0.65,10.49,0.90,0.26,-0.75,-0.11,64.2
-0.69,10.72,1.19,0.46,-0.56,0.04,64.3
-0.24,9.46,0.26,0.61,-0.44,0.05,64.4
0.06,9.98,0.49,-0.28,0.20,0.14,64.5
-0.08,9.81,0.41,-0.29,0.38,0.02,64.6
0.16,9.64,0.07,0.13,0.46,0.13,64.7
0.40,9.91,0.02,0.13,0.46,0.13,64.8
-0.53,9.93,-0.29,0.12,0.24,-0.11,64.9
-0.62,9.88,0.70,-0.53,0.59,0.38,65
0.58,8.74,0.09,-0.05,0.16,0.39,65.1
0.31,9.40,0.00,-0.12,-0.03,-0.14,65.2
0.21,9.89,-0.26,0.05,-0.25,-0.24,65.3
0.37,10.90,0.17,-0.26,0.01,0.16,65.4
-0.32,11.96,1.31,-0.20,0.05,0.00,65.5
-0.38,10.22,0.51,0.41,-0.26,0.18,65.6
-0.67,10.69,1.39,0.37,0.42,0.51,65.7
0.13,9.11,0.34,0.67,0.58,0.40,65.8
0.87,9.45,0.72,0.28,1.34,0.21,65.9
0.35,9.77,-0.12,0.38,1.44,-0.63,66
0.09,9.96,0.21,-0.15,1.87,-0.24,66.1
-0.62,10.38,1.21,-0.34,2.46,0.11,66.2
-0.30,10.15,0.76,0.12,2.69,0.22,66.3
-0.21,10.16,0.52,-0.16,2.20,-0.16,66.4
-0.62,9.90,0.63,-0.21,2.26,-0.30,66.5
-0.20,10.04,0.20,-0.03,1.84,0.12,66.6
0.26,9.52,0.55,-0.30,1.90,0.04,66.7
0.31,10.05,0.63,-0.05,1.46,-0.04,66.8
0.12,11.07,1.02,0.08,1.07,0.16,66.9
-0.04,11.67,1.70,0.13,0.73,0.15,67
0.70,9.23,0.31,0.65,0.37,-0.09,67.1
0.62,9.24,0.98,0.25,0.85,-0.11,67.2
0.63,9.32,0.54,0.20,0.77,-0.23,67.3
0.19,9.94,0.45,-0.41,0.70,-0.10,67.4
0.23,9.67,0.51,-0.64,0.75,-0.06,67.5
0.00,10.66,0.80,-0.26,0.62,-0.19,67.6
-0.49,11.61,1.12,0.12,0.52,-0.24,67.7
-0.87,11.30,0.45,0.32,0.57,-0.09,67.8
-0.81,9.32,0.76,-0.47,0.62,0.47,67.9
-0.87,9.55,1.04,-0.22,0.58,0.77,68
-0.16,8.92,-0.12,0.06,0.09,0.28,68.1
0.02,8.98,0.46,-0.49,0.14,-0.07,68.2
-0.13,10.14,0.74,-0.09,-0.25,-0.24,68.3
-0.32,10.85,0.55,0.21,-0.41,-0.15,68.4
-0.55,10.70,1.00,0.23,-0.41,-0.04,68.5
0.06,9.11,0.89,0.23,-0.38,-0.12,68.6
-0.24,9.01,0.62,0.41,-0.17,-0.24,68.7
-0.20,8.89,0.28,0.39,0.17,0.08,68.8
-0.09,9.41,0.51,-0.20,0.65,0.11,68.9
-0.39,10.24,0.71,-0.24,0.66,-0.19,69
-0.95,12.02,1.05,-0.06,0.64,-0.20,69.1
-0.44,10.19,0.11,-0.09,0.64,-0.14,69.2
-1.04,10.25,1.69,-0.48,0.69,0.03,69.3
-0.78,9.93,0.67,0.49,0.22,0.35,69.4
-0.39,9.55,0.62,-0.11,0.07,0.07,69.5
-0.59,9.40,0.67,-0.38,-0.15,-0.20,69.6
-0.95,10.55,0.73,0.01,-0.55,0.04,69.7
-1.02,11.50,1.35,0.05,-0.56,0.07,69.8
-0.70,9.98,0.91,0.23,-0.53,-0.08,69.9
-0.92,10.05,1.03,0.08,-0.27,-0.14,70
-0.82,9.18,0.72,0.03,-0.18,0.03,70.1
-0.68,9.28,0.86,0.00,0.17,0.20,70.2
-0.46,9.77,0.57,0.06,0.37,0.02,70.3
-0.58,10.25,0.80,-0.15,0.53,-0.13,70.4
-1.17,11.45,0.82,0.10,0.29,-0.23,70.5
-1.07,9.51,0.64,-0.15,0.09,-0.30,70.6
-1.41,10.45,1.12,-0.22,0.30,0.19,70.7
-0.59,9.12,0.44,0.16,0.13,0.32,70.8
-0.90,10.10,0.97,-0.13,-0.13,-0.10,70.9
-0.72,10.33,0.54,0.16,-0.72,-0.16,71
-0.59,10.65,0.64,0.12,-0.60,0.10,71.1
-0.58,10.52,1.10,0.10,-0.73,0.15,71.2
-0.19,9.15,0.90,0.19,-0.90,-0.04,71.3
-0.63,10.48,1.06,0.26,-0.97,-0.19,71.4
-0.20,9.04,0.73,0.33,-0.67,-0.15,71.5
-0.31,10.14,0.69,-0.02,-0.25,-0.05,71.6
-0.21,10.08,0.63,-0.17,-0.17,-0.02,71.7
-0.27,10.12,0.71,-0.23,-0.17,0.01,71.8
-0.48,10.09,1.33,-0.09,-0.16,0.02,71.9
-0.47,10.15,0.73,0.18,-0.42,-0.09,72
-0.60,9.07,1.09,-0.23,-0.26,-0.19,72.1
-0.96,10.63,1.25,0.20,-0.59,0.42,72.2
-0.34,9.32,0.67,0.26,-0.61,0.28,72.3
-0.71,9.56,1.02,-0.30,-0.79,-0.21,72.4
-0.65,9.87,1.07,-0.11,-0.90,-0.08,72.5
-0.65,10.67,0.99,0.04,-1.12,-0.09,72.6
-0.61,10.92,1.29,-0.16,-1.03,-0.02,72.7
-0.16,10.11,1.43,-0.12,-1.06,-0.06,72.8
-0.05,9.25,1.35,0.39,-1.02,-0.24,72.9
0.40,8.90,1.15,0.30,-0.56,0.03,73
0.12,9.29,1.91,-0.27,-0.01,0.08,73.1
-0.27,10.31,1.58,-0.10,0.10,0.04,73.2
-0.07,10.33,1.50,-0.42,-0.09,0.03,73.3
0.34,9.55,1.70,-0.42,-0.09,-0.15,73.4
0.06,10.64,1.52,0.06,-0.12,-0.07,73.5
0.15,9.79,1.36,-0.11,0.03,0.18,73.6
-0.41,7.33,0.61,-0.43,0.18,0.22,73.7
0.24,2.18,-1.44,-0.78,0.60,0.29,73.8
0.26,0.15,-0.49,-2.08,0.12,-0.06,73.9
0.24,0.19,-0.14,-2.09,0.11,-0.06,74
0.69,-0.35,3.08,-2.05,0.04,0.03,74.1
-2.29,-13.91,-15.42,-10.97,3.31,-1.86,74.2
7.11,-20.72,3.56,-5.10,-1.32,0.52,74.3
1.02,-10.36,4.08,-1.98,-0.77,0.28,74.4
1.00,-8.69,4.16,1.79,1.06,0.49,74.5
-5.15,-4.37,7.58,4.65,1.41,0.89,74.6
0.93,2.05,9.28,3.56,-1.55,1.08,74.7
0.32,-1.25,9.84,-0.66,-0.06,-0.27,74.8
-0.71,-1.15,9.83,0.17,0.22,-0.08,74.9
-0.57,-0.73,8.97,0.13,0.13,0.06,75
-0.73,-0.82,9.44,0.08,0.09,0.04,75.1
-1.35,-0.94,9.11,-0.04,0.18,0.04,75.2
-0.83,-0.88,9.36,0.02,-0.11,-0.02,75.3
-0.81,-0.89,9.41,-0.01,-0.08,-0.02,75.4
-0.90,-0.95,9.26,0.00,-0.06,-0.01,75.5
-0.57,-0.97,9.53,0.01,-0.12,-0.03,75.6
-0.72,-1.01,9.47,0.00,0.02,0.00,75.7
-0.75,-0.93,9.30,0.01,0.04,0.02,75.8
-0.72,-0.94,9.44,0.00,0.00,0.00,75.9
-0.69,-0.88,9.34,0.00,-0.01,0.00,76
-0.73,-0.93,9.36,0.00,-0.02,-0.01,76.1
-0.60,-0.93,9.47,0.00,-0.03,-0.01,76.2
-0.62,-0.95,9.47,0.00,0.01,0.00,76.3
-0.65,-0.92,9.44,0.00,0.02,0.01,76.4
-0.69,-0.87,9.36,0.01,0.02,0.01,76.5
-0.71,-0.91,9.38,0.01,0.02,0.01,76.6
-0.73,-0.90,9.41,0.00,0.01,0.01,76.7
-0.77,-0.88,9.38,0.00,0.02,0.01,76.8
-0.79,-0.88,9.34,0.01,0.03,0.01,76.9
-0.81,-0.90,9.35,0.00,0.01,0.01,77
-0.77,-0.89,9.44,0.00,-0.01,0.00,77.1
-0.82,-0.90,9.37,0.00,0.01,0.00,77.2
-0.81,-0.93,9.38,0.00,0.01,0.00,77.3
-0.82,-0.89,9.39,0.01,0.01,0.00,77.4
-0.81,-0.93,9.47,0.00,0.00,0.00,77.5
-0.83,-0.90,9.34,0.00,0.02,0.01,77.6
-0.82,-0.89,9.38,0.01,0.00,0.00,77.7
-0.81,-0.88,9.36,0.00,0.01,0.00,77.8
-0.85,-0.89,9.41,0.00,0.02,0.01,77.9
-0.87,-0.87,9.33,0.00,0.02,0.01,78
-0.86,-0.89,9.39,0.00,0.00,0.00,78.1
-0.88,-0.92,9.43,0.00,0.00,0.00,78.2
-0.88,-0.92,9.47,0.00,0.02,0.01,78.3
-0.95,-0.95,9.58,0.03,0.07,0.03,78.4
-0.92,-0.63,9.39,0.16,0.00,0.06,78.5
-1.08,-0.57,9.29,0.12,0.03,0.04,78.6
-0.91,-0.39,9.43,0.09,-0.01,0.05,78.7
-1.07,-0.39,9.27,0.03,0.03,0.02,78.8
-1.08,-0.48,9.45,-0.04,0.02,0.00,78.9
-1.07,-0.44,9.36,-0.01,0.02,0.00,79
-1.08,-0.48,9.40,-0.03,0.00,-0.01,79.1
-1.07,-0.53,9.42,-0.03,-0.01,-0.01,79.2
-1.04,-0.48,9.33,-0.02,-0.01,-0.01,79.3
-1.07,-0.58,9.38,-0.07,0.01,-0.02,79.4
-1.04,-0.53,9.34,-0.03,-0.03,-0.01,79.5
-1.05,-0.75,9.53,-0.05,0.00,-0.01,79.6
-0.97,-0.63,9.33,0.02,-0.01,0.00,79.7
-0.99,-0.73,9.51,-0.01,0.02,0.00,79.8
-1.05,-0.64,9.31,-0.01,0.02,0.00,79.9
-1.04,-0.67,9.39,-0.01,-0.02,-0.01,80
-1.01,-0.68,9.41,0.00,0.00,0.00,80.1
-1.15,-0.78,9.55,0.02,0.03,0.01,80.2
-1.07,-0.79,9.79,0.13,0.02,0.04,80.3
-1.55,-0.48,9.77,0.41,0.12,0.17,80.4
-1.45,0.09,9.55,0.69,0.03,0.35,80.5
-1.50,2.11,7.47,0.79,0.55,0.68,80.6
-3.05,-0.40,10.89,-1.28,1.65,0.94,80.7
-3.17,1.15,8.57,0.84,0.10,1.25,80.8
-2.91,1.54,8.85,0.33,0.44,1.53,80.9
-3.12,2.65,8.64,0.08,0.82,2.11,81
-2.17,3.41,8.38,-0.07,1.03,2.45,81.1
-1.89,4.62,8.61,-0.30,1.09,2.28,81.2
-2.25,4.06,7.75,0.45,0.70,1.92,81.3
0.36,8.86,5.69,1.37,0.25,1.04,81.4
-2.84,7.59,4.54,0.64,-0.21,-0.42,81.5
-1.68,8.42,5.79,0.41,-1.23,-0.68,81.6
-1.77,7.40,6.20,0.32,-1.34,-0.78,81.7
-1.35,7.97,5.30,0.79,-1.35,-0.69,81.8
-1.66,8.29,5.28,0.44,-1.17,-0.58,81.9
-1.47,8.43,5.07,0.19,-0.26,-0.10,82
-1.35,8.43,4.85,-0.03,0.30,0.23,82.1
-1.10,8.42,5.27,-0.27,0.52,0.35,82.2
-1.20,8.14,5.52,-0.28,0.52,0.29,82.3
-1.10,8.29,5.56,-0.15,0.39,0.23,82.4
-1.29,8.19,5.33,0.02,0.08,0.02,82.5
-1.28,8.21,5.30,0.05,-0.10,-0.06,82.6
-1.36,8.15,5.23,0.01,0.05,0.02,82.7
-1.15,8.30,5.30,0.04,-0.06,-0.01,82.8
-1.16,8.21,5.41,-0.02,0.01,0.00,82.9
-1.33,8.19,5.30,0.01,-0.02,-0.03,83
-1.31,8.27,5.25,0.03,0.01,0.00,83.1
-1.26,8.26,5.23,0.04,-0.03,-0.02,83.2
-1.27,8.21,5.28,0.00,0.02,0.02,83.3
-1.19,8.26,5.25,0.05,-0.02,0.00,83.4
-1.18,8.42,5.18,0.06,-0.02,0.01,83.5
-1.24,8.28,5.11,0.03,0.02,0.01,83.6
-1.20,8.37,5.21,0.05,0.00,0.01,83.7
-1.30,8.32,4.98,0.11,0.04,0.02,83.8
-1.10,8.69,4.85,0.09,0.01,0.04,83.9
-1.12,8.52,4.92,-0.03,0.04,0.01,84
-1.22,8.44,5.09,-0.02,0.00,0.00,84.1
-1.18,8.60,5.01,0.04,-0.01,0.01,84.2
-1.25,8.53,4.86,0.02,-0.01,-0.01,84.3
-1.37,8.60,4.93,0.02,-0.03,-0.02,84.4
-1.17,8.68,4.87,0.11,-0.15,-0.08,84.5
-1.26,8.70,4.86,0.11,-0.19,-0.13,84.6
-2.13,8.96,4.67,0.35,-0.31,-0.25,84.7
-1.73,9.20,3.72,0.71,-0.60,-0.28,84.8
-1.80,9.84,3.97,0.46,-0.92,-0.55,84.9
-1.68,8.85,4.49,0.08,-1.32,-0.78,85
-1.55,9.23,4.04,0.46,-1.23,-0.71,85.1
-1.97,10.22,4.38,0.23,-1.11,-0.66,85.2
-1.75,10.09,4.32,0.04,-1.01,-0.39,85.3
-1.25,9.57,4.36,-0.03,-0.52,-0.11,85.4
-1.55,9.23,4.10,-0.02,-0.11,-0.01,85.5
-0.69,8.46,3.72,0.00,0.13,0.26,85.6
-0.53,8.19,3.67,-0.03,0.20,0.32,85.7
-0.57,9.16,4.08,-0.02,0.27,0.34,85.8
-0.59,9.58,4.28,-0.01,0.21,0.37,85.9
-0.23,8.95,3.99,0.05,0.19,0.34,86
-0.36,8.66,3.77,0.07,0.18,0.28,86.1
-0.08,8.35,3.69,0.11,0.06,0.33,86.2
0.35,9.10,4.15,0.13,0.13,0.28,86.3
0.20,9.10,4.11,0.06,0.22,0.19,86.4
0.14,8.95,3.83,0.05,0.23,0.15,86.5
0.71,8.43,3.73,-0.11,0.13,0.30,86.6
0.86,8.72,3.95,-0.17,0.20,0.21,86.7
0.95,8.95,3.63,-0.09,0.08,0.16,86.8
0.85,8.58,4.39,-0.41,-0.16,0.03,86.9
1.19,8.84,4.04,0.02,-0.43,-0.09,87
0.91,8.95,4.77,-0.09,-0.40,-0.22,87.1
0.99,9.35,4.24,0.23,-0.17,0.02,87.2
1.50,8.84,4.11,0.15,-0.06,0.05,87.3
1.26,10.17,4.73,-0.03,-0.06,-0.13,87.4
1.02,9.16,2.73,1.30,-0.35,-0.44,87.5
0.29,10.75,-0.64,2.58,-0.21,-0.24,87.6
1.19,11.81,-0.54,0.94,0.02,0.52,87.7
1.29,11.05,0.36,-0.24,-0.02,0.48,87.8
1.11,9.29,0.18,0.11,-0.52,-0.04,87.9
1.73,8.86,0.43,0.35,-0.62,0.43,88
2.17,9.51,-0.56,0.26,-0.34,0.43,88.1
1.93,9.33,-0.64,-0.01,-0.02,0.20,88.2
0.05,9.33,0.47,-0.05,0.21,-0.14,88.3
2.27,10.16,-0.91,0.02,-0.13,-0.22,88.4
1.72,9.88,-0.34,-0.36,0.49,-0.58,88.5
0.44,10.34,0.18,-0.35,0.42,-0.36,88.6
1.48,11.93,-1.14,0.04,0.21,-0.19,88.7
-0.06,10.15,1.20,-0.46,0.79,-0.36,88.8
-0.33,9.21,0.31,0.23,-0.42,-0.25,88.9
1.80,11.47,-3.85,0.60,-0.37,0.26,89
1.45,9.87,-0.83,-0.41,-0.63,0.69,89.1
0.60,10.36,-0.69,0.20,-1.06,0.35,89.2
2.53,9.84,0.34,-0.14,-1.19,0.24,89.3
2.02,9.52,-0.32,-0.09,-0.64,0.25,89.4
2.69,10.09,-0.83,0.78,-0.66,0.08,89.5
1.64,9.61,-0.89,0.46,-0.34,0.21,89.6
2.50,9.81,-2.66,0.27,-0.30,0.02,89.7
1.26,9.09,-2.06,-0.06,-0.07,-0.05,89.8
2.07,9.83,-2.05,0.17,-0.11,-0.07,89.9
1.77,9.53,-1.96,-0.30,0.16,0.13,90
2.25,9.38,-2.02,-0.09,-0.16,0.07,90.1
2.59,10.32,-2.79,0.01,-0.16,0.07,90.2
2.15,9.98,-0.66,-0.93,0.41,-0.02,90.3
2.20,9.01,-0.36,-1.08,0.38,-0.19,90.4
0.09,9.24,0.15,0.21,1.49,-1.32,90.5
-0.40,10.50,-0.22,0.72,0.46,-0.66,90.6
-0.75,9.72,-1.38,0.64,0.05,-0.26,90.7
0.50,11.06,-0.33,-0.18,-0.20,0.04,90.8
-0.86,10.01,-1.21,-0.70,0.28,-0.02,90.9
0.64,10.42,-0.07,0.04,-0.02,0.48,91
0.67,9.75,-0.34,0.24,0.32,0.20,91.1
0.22,10.01,-0.91,0.07,0.10,0.10,91.2
0.39,10.82,1.02,-0.29,0.16,0.05,91.3
1.50,9.72,-0.61,-0.08,-0.18,-0.13,91.4
0.72,9.37,-0.46,-0.34,-0.10,-0.07,91.5
-0.07,9.30,0.03,0.08,0.57,-0.41,91.6
-0.03,10.51,0.24,0.40,0.26,-0.28,91.7
-0.09,10.78,0.25,0.04,0.11,-0.07,91.8
-0.35,10.44,0.00,0.03,0.22,-0.11,91.9
-0.10,10.14,-0.52,0.04,-0.20,-0.10,92
-0.16,10.06,-0.53,-0.02,-0.09,0.06,92.1
-0.60,10.49,-0.41,-0.23,0.12,0.00,92.2
-0.11,10.13,-0.16,-0.07,-0.13,-0.02,92.3
0.36,10.61,-0.43,0.08,-0.25,-0.06,92.4
0.34,8.73,0.96,-0.49,-0.08,0.10,92.5
-0.82,10.85,-0.09,0.30,0.61,-0.44,92.6
-1.64,10.38,0.20,-0.06,0.29,-0.85,92.7
-0.40,9.89,1.35,-0.85,-1.13,0.24,92.8
-0.38,8.98,1.24,-0.35,-0.40,0.27,92.9
-1.29,9.51,1.82,-0.09,-0.51,0.03,93
-0.36,10.20,2.59,-0.30,-0.49,0.32,93.1
-0.66,9.45,3.20,-0.33,0.25,0.38,93.2
-0.63,9.60,2.70,-0.10,0.70,0.55,93.3
-0.78,10.03,3.53,-0.41,0.82,0.31,93.4
-0.13,9.70,3.78,-0.40,0.56,0.18,93.5
-0.16,9.89,3.26,-0.12,0.08,-0.10,93.6
-1.23,8.97,3.41,-0.25,-0.77,-0.84,93.7
-0.20,8.94,3.27,-0.01,-1.69,-0.62,93.8
-0.32,9.28,3.31,0.32,-2.44,-0.94,93.9
-0.82,8.98,3.49,0.37,-2.58,-1.35,94
-0.90,9.37,3.33,0.76,-2.68,-1.35,94.1
-1.29,9.46,2.95,0.68,-2.70,-1.18,94.2
-1.02,9.54,3.18,0.46,-2.29,-0.92,94.3
-1.03,8.99,2.86,0.37,-1.77,-0.79,94.4
-0.91,9.43,3.12,0.07,-0.95,-0.48,94.5
-1.19,9.68,3.06,-0.08,-0.47,-0.28,94.6
-1.27,9.07,3.31,-0.35,0.17,0.07,94.7
-1.49,9.76,2.98,-0.12,0.57,0.24,94.8
-1.61,10.10,3.64,-0.45,0.71,0.35,94.9
-1.69,10.72,3.67,-0.33,0.72,0.50,95
-1.28,10.68,3.65,-0.26,0.46,0.52,95.1
-0.75,10.66,3.88,-0.32,0.09,0.47,95.2
-0.86,9.43,3.70,-0.17,-0.29,0.22,95.3
-0.42,8.01,3.29,0.14,-0.49,0.19,95.4
-0.39,7.78,2.26,0.66,-0.76,0.18,95.5
0.09,7.99,2.59,0.30,-0.93,0.10,95.6
-0.01,8.25,3.33,0.19,-0.65,-0.31,95.7
-1.03,9.55,3.33,0.48,-0.29,-0.54,95.8
0.26,11.76,2.41,0.63,-0.10,-0.15,95.9
1.41,9.55,3.68,-0.61,0.95,-0.01,96
0.08,9.81,4.13,-0.60,1.60,-0.10,96.1
0.10,8.88,2.97,-0.44,0.68,0.63,96.2
-0.95,8.32,4.59,-0.71,1.02,0.37,96.3
0.02,8.99,2.97,0.31,1.70,0.86,96.4
0.00,10.46,2.78,0.49,0.21,0.34,96.5
0.11,9.53,1.33,0.75,-2.40,-1.06,96.6
-0.62,9.02,1.66,0.98,-2.66,-0.70,96.7
0.60,10.32,0.62,1.23,-2.87,0.18,96.8
0.79,8.82,0.09,0.60,-2.43,0.19,96.9
1.58,9.40,-1.76,0.21,-0.37,0.58,97
1.08,10.24,-2.26,-0.43,0.59,0.07,97.1
0.16,11.30,-1.01,-0.39,1.18,-0.32,97.2
-0.55,8.62,-1.65,1.04,1.86,-0.38,97.3
-1.56,8.59,-0.95,1.01,2.18,-0.23,97.4
-2.02,8.76,-1.47,1.32,2.33,-0.60,97.5
-1.92,10.45,-1.87,0.81,1.07,-1.42,97.6
-1.09,11.33,-2.03,0.13,0.67,-2.17,97.7
-1.25,12.21,-1.93,-0.78,0.45,-2.02,97.8
-1.61,12.65,-2.14,-0.85,0.27,-1.02,97.9
-2.66,9.62,-1.53,-0.31,-0.25,0.74,98
-2.22,9.91,-2.23,0.21,-0.38,2.10,98.1
-1.57,9.48,-2.41,0.11,-0.65,2.22,98.2
-1.00,9.41,-2.34,-0.10,-0.14,1.74,98.3
-1.07,7.93,-2.15,-0.19,0.17,0.61,98.4
-2.51,10.27,-3.03,-0.11,0.20,-0.27,98.5
-0.71,10.97,-2.33,-0.09,0.30,-0.41,98.6
-1.63,11.12,-2.51,-0.17,0.47,-1.21,98.7
-1.08,8.51,-1.99,-0.05,0.94,-1.18,98.8
-1.08,9.69,-1.91,-0.01,1.15,-1.30,98.9
-1.13,10.19,-2.28,0.08,0.34,-1.62,99
-1.79,10.95,-2.24,-0.40,-0.25,-0.98,99.1
-2.40,12.60,-2.75,-0.58,0.57,0.37,99.2
-3.44,10.12,-2.45,-0.34,0.97,1.31,99.3
-3.15,10.91,-2.44,-0.54,1.22,2.22,99.4
-0.62,9.80,-2.15,0.07,1.01,2.43,99.5
-0.50,8.65,-2.24,0.61,1.13,1.07,99.6
-0.34,8.89,-2.21,0.60,1.46,-0.37,99.7
-0.51,10.09,-2.27,0.82,1.74,-1.02,99.8
-0.02,9.73,-2.66,0.96,2.72,-1.63,99.9
-0.29,10.08,-2.39,0.35,2.23,-2.31,100
-1.47,10.20,-2.45,0.33,2.94,-1.71,100.1
-1.45,9.79,-2.01,0.11,2.70,-1.16,100.2
-1.33,9.21,-1.92,0.16,2.24,-1.16,100.3
-0.84,10.00,-2.18,-0.09,1.56,-1.55,100.4
-0.86,12.24,-3.30,-0.85,0.98,-2.23,100.5
-1.85,12.04,-3.31,-1.50,0.30,-2.20,100.6
-2.42,10.03,-1.81,-0.98,0.05,-0.75,100.7
-2.12,9.74,-2.04,-0.01,0.29,1.22,100.8
-2.51,12.08,-2.71,0.29,0.02,2.79,100.9
-1.46,11.47,-3.28,0.25,0.16,2.98,101
-0.67,8.94,-2.69,-0.06,0.35,2.04,101.1
-0.18,7.72,-2.04,-0.33,0.43,0.51,101.2
-0.72,9.39,-2.24,-0.16,0.05,-0.40,101.3
-1.63,8.70,-3.22,0.29,0.34,-1.36,101.4
-0.51,9.84,-2.41,-0.45,0.36,-1.08,101.5
-0.30,9.12,-1.84,0.03,1.10,-1.81,101.6
-0.98,10.27,-2.13,0.32,0.93,-1.95,101.7
-0.95,11.98,-2.54,-0.07,-0.16,-1.21,101.8
-0.87,10.70,-1.97,-0.12,-0.32,-0.81,101.9
-1.92,11.55,-1.99,-0.08,-0.12,0.45,102
-2.70,10.37,-2.52,0.44,-0.32,1.14,102.1
-1.66,10.50,-2.05,0.19,-0.51,2.74,102.2
-0.79,10.24,-2.15,0.48,-0.61,2.36,102.3
-1.15,8.79,-2.48,-0.10,-0.27,1.67,102.4
-0.31,8.49,-2.60,-0.40,-0.13,1.31,102.5
0.39,9.08,-1.55,-0.45,0.14,-0.06,102.6
-0.48,9.06,-2.91,0.18,0.96,-1.41,102.7
-0.58,10.43,-2.00,-0.38,0.37,-2.06,102.8
-0.11,9.93,-2.28,0.09,0.49,-2.05,102.9
-0.39,10.86,-1.93,0.02,0.49,-1.63,103
-0.59,11.27,-2.07,-0.02,-0.03,-1.04,103.1
-1.47,12.39,-1.63,-0.09,-0.20,0.13,103.2
-1.41,10.10,-1.96,0.65,0.03,0.76,103.3
-1.32,10.93,-2.29,0.93,-0.34,1.59,103.4
-1.19,11.14,-2.95,0.98,-0.90,1.73,103.5
-0.79,11.53,-2.91,-0.42,-0.17,1.70,103.6
-0.72,8.62,-1.94,-0.88,0.18,1.25,103.7
-0.77,7.17,-1.90,-0.65,0.10,1.05,103.8
0.00,8.68,-1.64,-0.37,-0.50,0.68,103.9
-0.67,8.80,-2.67,0.41,-0.03,-1.79,104
-0.74,10.23,-2.35,-0.38,0.32,-1.76,104.1
-0.38,9.28,-2.02,-0.08,0.75,-1.39,104.2
-1.17,10.21,-1.45,-0.21,1.19,-1.28,104.3
-1.49,10.85,-2.04,0.34,0.78,-1.13,104.4
-0.71,11.16,-2.24,0.52,-1.01,-0.96,104.5
-0.67,9.83,-2.22,0.04,-0.56,-0.45,104.6
-1.85,11.67,-1.87,-0.36,0.35,0.71,104.7
-1.77,9.18,-1.71,0.38,0.00,0.79,104.8
-1.53,11.32,-2.57,0.06,-0.45,1.52,104.9
-1.10,11.80,-2.21,-0.17,-0.65,1.37,105
-0.66,9.77,-2.55,0.15,0.08,0.91,105.1
-0.04,6.84,-1.84,-0.42,-0.13,1.05,105.2
0.71,8.03,-1.58,-0.64,0.20,0.80,105.3
0.38,9.93,-1.91,0.08,0.17,-0.41,105.4
0.39,10.53,-2.80,0.79,0.24,-1.61,105.5
-0.31,10.50,-1.01,-0.29,-0.24,-1.47,105.6
0.63,8.99,-1.70,0.29,0.08,0.08,105.7
0.51,9.09,-1.26,-0.03,-0.19,0.10,105.8
-0.10,9.53,-2.00,0.04,-0.49,-0.02,105.9
0.23,9.93,-2.11,-0.23,-1.09,0.18,106
-0.13,10.06,-2.41,0.21,-1.06,0.32,106.1
-0.99,11.09,-2.16,0.13,-0.70,0.33,106.2
-0.99,9.39,-1.22,-0.14,-0.93,0.12,106.3
-1.34,9.61,-1.64,0.28,-0.32,0.01,106.4
-0.88,9.46,-1.66,0.33,-0.19,-0.04,106.5
-0.65,8.82,-1.46,0.18,-0.17,-0.28,106.6
-0.73,8.96,-1.56,-0.02,0.14,-0.41,106.7
-1.12,9.37,-1.28,-0.05,0.20,-0.44,106.8
-0.42,10.30,-2.24,0.20,0.09,-0.43,106.9
-0.31,10.07,-1.78,-0.09,0.25,-0.80,107
-0.36,8.42,-1.53,-0.24,1.03,-0.91,107.1
0.29,6.77,-0.73,-0.45,0.89,-0.80,107.2
-1.24,8.47,-3.07,-0.40,1.16,-0.46,107.3
-0.21,7.06,0.74,-0.89,1.32,0.56,107.4
0.19,-0.96,-1.14,0.71,2.04,0.97,107.5
17.38,-9.63,-33.60,1.40,1.73,0.54,107.6
-8.81,3.37,-10.37,6.79,0.77,-4.39,107.7
0.39,5.67,-7.89,-3.42,1.70,0.38,107.8
0.29,2.25,-6.30,0.97,1.13,0.57,107.9
1.01,0.62,-14.93,4.35,-0.65,1.65,108
1.75,-0.89,-12.31,2.45,0.05,3.06,108.1
1.87,-0.51,-10.06,-0.12,-0.10,2.05,108.2
2.89,0.57,-10.05,-0.05,0.01,0.84,108.3
1.17,0.66,-10.07,0.00,-0.02,-0.04,108.4
1.16,0.66,-10.09,0.00,0.01,0.00,108.5
1.15,0.65,-10.06,0.00,0.00,0.00,108.6
1.15,0.67,-10.07,0.00,0.00,0.00,108.7
1.16,0.65,-10.06,0.00,0.00,0.00,108.8
1.16,0.66,-10.08,0.00,0.00,0.00,108.9
1.14,0.66,-10.08,0.00,0.00,0.00,109
1.14,0.67,-10.07,0.00,0.00,0.00,109.1
1.15,0.66,-10.07,0.00,0.00,0.00,109.2
1.16,0.66,-10.05,0.00,0.00,0.00,109.3
1.14,0.67,-10.08,0.00,0.00,0.00,109.4
1.14,0.66,-10.09,0.00,0.00,0.00,109.5
1.15,0.66,-10.09,0.00,0.00,0.00,109.6
1.15,0.65,-10.07,0.00,0.00,0.00,109.7
1.13,0.67,-10.08,0.00,-0.01,0.00,109.8
1.13,0.67,-10.07,0.00,-0.01,0.00,109.9
1.12,0.66,-10.06,0.00,-0.01,0.00,110
1.10,0.69,-10.05,-0.01,-0.01,0.00,110.1
1.10,0.69,-10.06,0.00,-0.01,0.00,110.2
1.09,0.67,-10.08,0.00,0.00,0.00,110.3
1.10,0.68,-10.08,0.00,0.00,0.00,110.4
1.10,0.70,-10.07,0.00,0.00,0.00,110.5
1.10,0.70,-10.07,0.00,0.00,0.00,110.6
1.10,0.69,-10.09,0.00,0.00,0.00,110.7
1.10,0.69,-10.07,0.00,0.00,0.00,110.8
1.10,0.68,-10.08,0.00,0.00,0.00,110.9
1.11,0.68,-10.08,0.00,0.00,0.00,111
1.11,0.69,-10.07,0.00,0.00,0.00,111.1
1.10,0.69,-10.07,0.00,0.00,0.00,111.2
1.10,0.68,-10.08,0.00,0.00,0.00,111.3
1.10,0.68,-10.07,0.00,0.00,0.00,111.4
1.12,0.67,-10.06,0.00,0.00,0.00,111.5
1.10,0.67,-10.07,0.00,0.00,0.00,111.6
1.11,0.69,-10.09,0.00,0.00,0.00,111.7
1.11,0.67,-10.07,0.00,0.00,0.00,111.8
1.11,0.67,-10.07,0.00,0.00,0.00,111.9
1.12,0.67,-10.08,0.00,0.00,0.00,112
1.13,0.68,-10.07,0.00,0.00,0.00,112.1
1.11,0.69,-10.07,0.00,0.00,0.00,112.2
1.09,0.67,-10.07,-0.01,-0.01,0.00,112.3
1.04,0.70,-10.03,-0.01,-0.01,0.00,112.4
1.12,0.68,-10.06,0.02,0.03,0.00,112.5
1.11,0.66,-10.07,0.00,0.00,0.00,112.6
1.12,0.69,-10.07,0.00,0.00,0.00,112.7
1.11,0.68,-10.07,0.00,0.00,0.00,112.8
1.11,0.67,-10.08,0.00,0.00,0.00,112.9
1.13,0.67,-10.06,0.00,0.00,0.00,113
1.12,0.68,-10.05,0.00,0.00,0.00,113.1
1.13,0.68,-10.09,0.00,0.00,0.00,113.2
1.12,0.69,-10.08,0.00,0.00,0.00,113.3
1.13,0.68,-10.07,0.00,0.00,0.00,113.4
1.12,0.67,-10.07,0.00,0.00,0.00,113.5
1.12,0.67,-10.07,0.00,0.00,0.00,113.6
1.10,0.68,-10.05,0.00,0.00,0.00,113.7
1.10,0.68,-10.07,0.00,-0.01,0.00,113.8
1.10,0.68,-10.08,0.00,-0.01,0.00,113.9
1.10,0.70,-10.12,-0.02,-0.03,0.00,114
0.95,0.69,-10.05,-0.03,-0.03,0.00,114.1
0.62,0.61,-10.17,-0.06,-0.10,0.13,114.2
0.48,0.62,-10.29,-0.11,-0.18,0.38,114.3
0.01,0.63,-10.62,-0.16,-0.41,0.90,114.4
-0.12,0.93,-10.45,-0.44,-0.49,1.21,114.5
-0.26,1.82,-9.88,-0.92,-0.61,1.52,114.6
-0.13,2.92,-9.82,-0.95,-0.65,1.64,114.7
0.00,4.29,-9.68,-1.00,-0.85,1.48,114.8
-0.10,5.30,-9.00,-1.32,-0.93,1.15,114.9
-0.45,7.09,-7.14,-2.08,-0.55,0.46,115
-0.62,8.22,-5.93,-2.31,-0.26,0.07,115.1
-2.15,8.56,-4.29,-2.76,0.05,-0.29,115.2
-3.36,8.54,3.00,-3.78,1.07,-0.56,115.3
-4.04,8.72,4.53,-2.07,2.57,0.18,115.4
-1.95,10.21,-0.17,0.15,4.41,1.08,115.5
-2.86,9.81,0.24,-0.91,3.75,0.15,115.6
-2.45,8.58,2.77,-1.54,2.96,0.18,115.7
-1.97,8.94,1.59,-0.14,2.97,0.49,115.8
-2.32,9.77,1.06,-0.02,1.94,0.26,115.9
-2.80,10.00,2.02,-0.35,0.97,0.10,116
-1.74,9.21,2.57,-0.15,-0.70,-0.15,116.1
-2.29,9.23,2.37,0.41,-1.28,-0.27,116.2
-2.77,10.60,-0.29,1.35,-1.26,-0.05,116.3
-1.56,9.99,-1.36,0.81,-0.83,0.28,116.4
-1.99,9.79,0.77,-0.37,-0.03,-0.03,116.5
-2.12,9.79,0.38,-0.06,-0.02,-0.01,116.6
-1.89,9.85,-0.11,0.05,0.01,0.05,116.7
-1.93,9.82,0.28,-0.06,-0.01,0.03,116.8
-1.81,9.86,0.05,0.01,0.00,0.05,116.9
-1.87,9.84,0.09,-0.02,0.00,0.04,117
-1.67,9.91,0.15,-0.01,0.00,0.06,117.1
-1.82,9.85,0.08,0.00,0.00,0.02,117.2
-1.66,9.88,0.14,-0.01,0.00,0.07,117.3
-1.66,9.90,0.11,0.00,0.00,0.06,117.4
-1.61,9.89,0.11,-0.01,0.00,0.07,117.5
-1.27,9.98,0.21,-0.02,0.00,0.10,117.6
-1.54,9.90,0.14,0.00,0.00,0.03,117.7
-1.42,9.92,0.17,-0.02,0.00,0.07,117.8
-1.30,9.95,0.21,-0.02,0.00,0.08,117.9
-1.05,9.97,0.19,0.02,-0.05,0.13,118
-1.11,9.99,0.10,0.05,-0.02,0.09,118.1
-1.14,9.95,0.14,-0.01,-0.01,0.06,118.2
-0.93,9.99,0.17,-0.02,-0.01,0.09,118.3
-0.77,10.04,0.23,-0.01,-0.01,0.10,118.4
-0.81,9.99,0.15,-0.01,-0.01,0.11,118.5
-0.55,10.05,0.19,-0.02,-0.01,0.14,118.6
-0.36,10.10,0.33,-0.01,-0.01,0.11,118.7
-0.49,10.05,0.22,0.00,0.00,0.00,118.8
-0.64,10.01,0.21,0.00,0.00,-0.01,118.9
-0.42,10.05,0.26,0.00,0.00,0.03,119
-0.50,10.03,0.21,0.01,0.00,-0.01,119.1
-0.41,10.05,0.25,0.00,0.00,0.02,119.2
-0.42,10.06,0.23,0.00,0.00,0.03,119.3
-0.33,10.06,0.24,0.00,0.00,0.03,119.4
-0.37,10.04,0.26,0.00,0.00,0.01,119.5
-0.37,10.05,0.26,0.00,0.00,0.03,119.6
-0.24,10.08,0.25,0.00,0.00,0.04,119.7
-0.33,10.05,0.25,0.00,0.00,0.01,119.8
-0.25,10.08,0.27,0.00,0.00,0.02,119.9
-0.35,10.04,0.25,0.00,0.00,0.00,120
-0.27,10.06,0.28,0.00,0.00,0.01,120.1
-0.31,10.04,0.26,0.00,0.00,0.00,120.2
-0.27,10.05,0.28,0.00,0.00,0.00,120.3
-0.31,10.04,0.26,0.00,0.00,0.00,120.4
-0.46,10.01,0.22,0.00,0.00,-0.01,120.5
-0.17,10.10,0.29,-0.01,0.00,0.02,120.6
-0.28,10.06,0.28,0.00,0.00,0.00,120.7
-0.17,10.08,0.30,0.00,0.00,0.02,120.8
-0.18,10.07,0.30,0.00,0.00,0.00,120.9
-0.30,10.05,0.27,0.00,0.00,-0.02,121
-0.27,10.07,0.29,0.00,0.00,-0.02,121.1
-0.31,10.05,0.28,0.00,0.00,-0.01,121.2
-0.34,10.05,0.23,0.00,0.00,-0.01,121.3
-0.30,10.05,0.31,0.00,0.00,0.00,121.4
-0.26,10.06,0.28,0.00,0.00,0.02,121.5
-0.35,10.03,0.26,0.00,0.00,0.01,121.6
-0.24,10.06,0.31,0.00,0.00,0.02,121.7
-0.28,10.05,0.27,0.00,0.00,0.02,121.8
-0.23,10.06,0.30,-0.01,0.00,0.01,121.9
-0.23,10.06,0.26,0.00,0.00,0.01,122
-0.29,10.12,0.38,0.01,0.01,-0.28,122.1
-0.67,10.05,0.27,0.06,0.02,-0.45,122.2
-1.43,10.74,-0.36,-0.23,0.13,-0.37,122.3
-2.68,11.30,1.59,-1.11,-0.15,-0.35,122.4
-2.74,10.74,3.41,-0.79,-0.80,-0.50,122.5
-2.33,10.97,1.72,0.49,-0.73,-0.19,122.6
-1.96,10.54,2.13,0.35,-1.04,-0.21,122.7
-1.61,9.86,2.09,0.43,-1.18,-0.16,122.8
-1.58,10.06,1.43,0.65,-1.04,0.02,122.9
-1.06,9.45,1.86,0.25,-0.79,0.09,123
-0.94,9.65,1.83,0.32,-0.33,0.18,123.1
-0.90,9.52,1.64,0.12,0.24,0.27,123.2
-0.57,9.05,1.55,-0.14,0.51,0.31,123.3
-0.24,9.18,1.62,-0.30,0.80,0.45,123.4
-0.60,9.16,1.77,-0.44,1.00,0.39,123.5
-0.65,9.76,2.21,-0.41,1.32,0.30,123.6
-0.64,10.07,2.07,-0.25,1.46,0.26,123.7
-0.10,9.68,2.09,-0.13,1.43,0.39,123.8
-0.60,9.36,1.92,-0.03,1.42,0.37,123.9
-0.22,9.01,1.88,0.00,1.19,0.47,124
-0.48,9.15,1.80,0.05,1.04,0.39,124.1
-0.69,9.66,2.04,-0.01,0.84,0.14,124.2
-0.53,8.68,5.68,-0.02,0.59,0.29,124.3
0.01,10.37,0.86,0.47,0.13,0.22,124.4
0.15,9.87,2.07,-0.53,-0.65,-0.10,124.5
-0.15,9.25,2.46,-0.33,-0.88,-0.11,124.6
-0.04,9.11,2.30,0.00,-0.66,-0.03,124.7
0.45,9.35,1.73,0.67,-0.09,-0.11,124.8
0.96,9.99,1.07,0.58,0.20,0.05,124.9
1.06,9.69,1.54,-0.13,0.67,0.03,125
0.26,10.03,1.88,-0.53,1.12,0.21,125.1
1.88,9.56,2.49,-0.58,1.00,-0.01,125.2
0.96,9.26,3.72,-0.28,-0.55,0.06,125.3
0.41,10.08,1.68,-0.09,0.60,0.34,125.4
0.14,10.42,1.03,0.43,-0.42,0.11,125.5
-0.14,9.93,0.63,0.31,0.34,-0.02,125.6
-0.11,9.40,-0.33,0.88,0.35,-0.17,125.7
-0.28,9.10,-0.47,0.97,0.17,-0.10,125.8
-0.38,9.73,-0.81,1.11,0.22,0.20,125.9
0.01,9.69,-0.96,1.01,0.34,-0.23,126
-1.25,10.75,-1.25,0.51,0.96,-1.05,126.1
-1.05,10.51,-1.11,0.16,0.89,-1.00,126.2
-2.59,10.24,-0.99,-0.26,1.74,-1.22,126.3
-2.59,10.24,-0.70,-0.10,1.29,-1.12,126.4
-1.89,10.17,-2.67,0.23,0.99,-1.19,126.5
-1.75,10.29,-6.69,-1.19,0.83,-1.09,126.6
-2.61,7.51,-2.03,0.08,1.16,0.42,126.7
-1.92,9.44,-2.96,0.26,0.21,0.50,126.8
-2.11,9.77,-4.43,-0.14,0.00,-0.04,126.9
-2.30,11.21,-6.35,0.06,-0.14,0.23,127
-3.06,9.60,-2.73,-0.39,-0.74,0.39,127.1
-3.39,7.81,-0.97,0.75,0.03,0.38,127.2
-3.43,11.06,-1.81,0.12,-0.94,0.63,127.3
-2.32,8.19,-2.46,0.08,-0.90,0.16,127.4
-2.18,9.23,-2.51,-0.40,0.17,-0.24,127.5
-2.45,9.40,-2.31,-0.30,0.79,-0.57,127.6
-1.37,9.74,-2.54,-0.16,1.19,-0.44,127.7
-2.77,12.28,-2.07,-0.36,1.47,-0.26,127.8
-3.38,7.23,-3.59,0.26,-0.13,0.47,127.9
-2.71,9.89,-4.32,0.51,-0.94,0.58,128
-2.22,8.29,-3.86,-0.11,0.42,-0.16,128.1
-1.17,8.80,-4.03,0.23,-0.17,0.13,128.2
-1.61,8.61,-4.42,-0.35,-0.05,-0.10,128.3
-0.94,9.20,-4.63,-0.09,0.01,0.14,128.4
-2.27,10.91,-6.56,-0.04,0.15,0.43,128.5
-1.97,8.91,-3.79,0.29,-0.89,-0.03,128.6
-2.79,7.97,-0.84,0.34,0.18,0.17,128.7
-2.43,10.65,-2.63,0.10,0.15,0.17,128.8
-1.44,8.17,-3.07,-0.68,-0.42,-0.16,128.9
-1.92,9.58,-2.27,-0.48,0.79,-0.59,129
-1.63,9.90,-2.21,0.02,0.91,-0.58,129.1
-2.41,11.04,-3.03,-0.29,1.32,-0.52,129.2
-2.77,10.38,-2.68,-0.28,1.10,-0.06,129.3
-1.70,9.14,-3.75,0.42,-0.35,0.77,129.4
-2.13,8.75,-3.05,-0.37,0.61,-0.27,129.5
-1.49,9.39,-3.39,0.30,0.21,0.14,129.6
-1.06,8.64,-3.70,-0.16,-0.36,-0.05,129.7
-1.07,9.37,-4.11,0.03,-0.26,0.17,129.8
-0.93,9.64,-4.34,-0.20,-0.47,0.20,129.9
-3.38,11.12,-3.26,0.00,-0.72,0.25,130
-1.47,8.47,-3.37,0.14,-0.81,-0.11,130.1
-2.61,8.68,-0.74,0.21,-0.05,0.27,130.2
-2.34,10.00,-2.35,0.14,-0.58,0.02,130.3
-1.88,9.04,-2.66,-0.49,-0.24,-0.14,130.4
-1.90,9.69,-2.47,-0.11,0.30,-0.32,130.5
-2.15,9.63,-2.12,-0.21,0.54,-0.36,130.6
-1.68,9.71,-2.74,-0.13,0.21,-0.35,130.7
-2.39,10.49,-2.89,-0.10,0.73,-0.22,130.8
-2.43,8.34,-2.95,0.10,0.78,0.02,130.9
-2.65,8.47,-3.41,0.43,0.05,0.60,131
-1.94,9.08,-3.89,-0.04,-0.21,-0.07,131.1
-2.07,8.31,-3.24,0.08,0.25,0.18,131.2
-1.30,8.85,-3.75,0.07,-0.52,0.02,131.3
-1.23,9.00,-3.71,-0.16,-0.13,0.18,131.4
-0.61,9.50,-4.10,-0.14,-0.26,0.13,131.5
-0.86,8.95,-4.08,-0.12,-0.30,0.35,131.6
-2.02,10.81,-3.06,-0.09,-1.26,0.11,131.7
-2.89,9.02,-2.56,0.23,-0.59,-0.03,131.8
-2.39,9.13,-1.45,0.11,-0.26,0.06,131.9
-2.44,9.87,-1.66,-0.09,-0.53,0.00,132
-1.64,8.87,-2.11,-0.26,0.29,-0.14,132.1
-2.11,9.92,-1.74,-0.18,0.62,-0.21,132.2
-1.88,9.62,-1.97,-0.18,0.30,-0.24,132.3
-1.59,9.74,-2.03,0.04,0.46,-0.14,132.4
-1.34,9.80,-1.87,-0.12,0.79,-0.36,132.5
-1.27,9.54,-1.98,-0.13,0.74,-0.44,132.6
-2.62,10.33,-1.82,0.02,0.41,0.04,132.7
-2.26,9.33,-2.92,0.12,-0.49,0.14,132.8
-2.65,8.78,-2.77,-0.15,-0.20,0.10,132.9
-2.13,8.38,-3.57,0.63,0.06,0.19,133
-2.95,9.91,-2.99,-0.07,0.09,0.16,133.1
-0.97,9.30,-2.41,-0.54,0.02,0.53,133.2
-0.77,9.08,-2.01,-0.62,0.10,-0.12,133.3
-0.39,9.28,-1.43,-0.57,0.79,-0.34,133.4
-0.94,8.62,-0.88,-0.30,0.35,-0.99,133.5
-2.49,10.91,-1.27,-0.14,-0.10,-0.94,133.6
-0.15,6.42,-0.21,-0.11,-0.23,-0.45,133.7
0.27,0.40,0.81,0.57,-1.90,-0.84,133.8
0.70,0.33,-0.10,0.03,-1.93,-0.92,133.9
-11.84,17.74,-6.10,1.59,-1.22,0.85,134
-22.39,0.62,0.79,-0.09,-1.78,-1.73,134.1
-3.20,-0.32,5.31,-2.26,-5.04,-3.05,134.2
-1.90,-2.88,13.68,-3.35,-5.83,-3.32,134.3
-0.44,-4.94,9.75,-0.65,0.01,-2.87,134.4
0.84,-4.24,10.68,0.89,0.00,-2.40,134.5
-0.81,-7.68,3.15,0.84,1.51,-1.63,134.6
-2.58,0.48,8.58,0.10,-0.38,-0.04,134.7
-2.35,-0.61,8.81,0.01,-0.14,0.00,134.8
-2.68,-0.99,8.95,-0.13,0.15,0.01,134.9
-2.79,-1.15,9.09,0.00,-0.13,-0.01,135
-2.20,-0.98,9.27,0.07,-0.35,-0.04,135.1
-2.27,-0.98,9.11,0.01,-0.07,-0.01,135.2
-2.26,-0.97,9.09,0.02,-0.06,-0.01,135.3
-2.18,-0.95,9.08,0.01,-0.06,-0.01,135.4
-2.15,-0.92,9.11,0.02,-0.05,-0.01,135.5
-2.14,-0.95,9.13,0.01,-0.03,-0.01,135.6
-2.10,-0.93,9.15,0.01,-0.02,-0.01,135.7
-2.11,-0.93,9.15,0.00,-0.01,0.00,135.8
-2.07,-0.94,9.12,0.01,-0.02,-0.01,135.9
-2.02,-0.91,9.17,0.02,-0.06,-0.02,136
-1.97,-0.90,9.18,0.02,-0.06,-0.02,136.1
-1.94,-0.93,9.16,0.00,-0.03,-0.01,136.2
-1.89,-0.90,9.19,0.01,-0.05,-0.02,136.3
-1.85,-0.90,9.21,0.01,-0.04,-0.02,136.4
-1.80,-0.88,9.22,0.01,-0.04,-0.02,136.5
-1.75,-0.88,9.24,0.02,-0.05,-0.02,136.6
-1.70,-0.86,9.25,0.02,-0.06,-0.03,136.7
-1.66,-0.84,9.28,0.01,-0.04,-0.02,136.8
-1.63,-0.84,9.26,0.01,-0.02,-0.01,136.9
-1.61,-0.84,9.29,0.01,-0.02,-0.01,137
-1.59,-0.85,9.26,0.00,0.00,0.00,137.1
-1.61,-0.85,9.26,0.00,-0.01,0.00,137.2
-1.58,-0.84,9.28,0.00,-0.01,-0.01,137.3
-1.58,-0.84,9.27,0.00,-0.02,-0.01,137.4
-1.54,-0.84,9.29,0.01,-0.02,-0.01,137.5
-1.51,-0.83,9.28,0.01,-0.02,-0.01,137.6
-1.48,-0.83,9.29,0.00,-0.02,-0.01,137.7
-1.47,-0.83,9.29,0.00,-0.02,-0.01,137.8
-1.46,-0.82,9.29,0.00,-0.01,-0.01,137.9
-1.46,-0.84,9.29,0.00,-0.01,0.00,138
-1.45,-0.84,9.28,0.00,0.00,0.00,138.1
-1.44,-0.83,9.29,0.00,0.00,0.00,138.2
-1.44,-0.83,9.31,0.00,0.00,0.00,138.3
-1.45,-0.84,9.30,0.00,0.00,0.00,138.4
-1.44,-0.84,9.32,0.00,0.00,0.00,138.5
-1.45,-0.83,9.30,0.00,0.00,0.00,138.6
-1.44,-0.84,9.28,0.00,0.00,0.00,138.7
-1.44,-0.83,9.31,0.00,0.00,0.00,138.8
-1.44,-0.84,9.31,0.00,0.01,0.00,138.9
-1.48,-0.83,9.30,-0.01,0.02,0.00,139
-1.45,-0.86,9.31,0.01,-0.02,-0.01,139.1
-1.43,-0.87,9.31,0.01,-0.02,-0.01,139.2
-1.39,-0.84,9.30,0.01,-0.03,-0.02,139.3
-1.37,-0.82,9.33,0.02,-0.04,-0.02,139.4
-1.35,-0.81,9.33,0.02,-0.04,-0.02,139.5
-1.29,-0.81,9.31,0.00,-0.02,-0.01,139.6
-1.30,-0.81,9.34,0.00,-0.01,-0.01,139.7
-1.29,-0.81,9.32,0.00,-0.01,-0.01,139.8
-1.28,-0.82,9.33,0.00,-0.01,0.00,139.9
-1.27,-0.82,9.35,0.00,-0.01,-0.01,140
-1.24,-0.81,9.33,0.01,-0.02,-0.01,140.1
-1.23,-0.81,9.36,0.00,-0.01,-0.01,140.2
-1.21,-0.82,9.34,0.01,-0.02,-0.01,140.3
-1.20,-0.80,9.33,0.00,-0.01,-0.01,140.4
-1.20,-0.81,9.33,0.00,-0.01,-0.01,140.5
-1.20,-0.79,9.31,0.00,-0.01,-0.01,140.6
-1.18,-0.79,9.30,0.00,0.00,0.00,140.7
-1.19,-0.81,9.38,0.00,0.00,0.00,140.8
-1.18,-0.80,9.32,0.00,-0.01,0.00,140.9
-1.15,-0.79,9.37,0.01,-0.01,-0.01,141
-1.16,-0.79,9.36,0.00,0.00,0.00,141.1
-1.15,-0.78,9.37,0.00,-0.01,0.00,141.2
-1.14,-0.80,9.37,0.00,0.00,0.00,141.3
-1.15,-0.79,9.36,0.00,0.00,0.00,141.4
-1.14,-0.79,9.35,0.00,0.00,0.00,141.5
-1.16,-0.79,9.34,0.00,0.00,0.00,141.6
-1.11,-0.81,9.36,0.00,-0.01,0.00,141.7
-1.13,-0.78,9.36,0.00,0.00,0.00,141.8
-1.12,-0.78,9.33,0.00,0.00,0.00,141.9
-1.12,-0.79,9.35,0.00,0.00,0.00,142
-1.12,-0.79,9.33,0.00,-0.01,0.00,142.1
-1.13,-0.79,9.36,0.00,0.00,0.00,142.2
-1.12,-0.81,9.35,0.00,0.00,0.00,142.3
-1.14,-0.80,9.35,0.00,0.00,0.00,142.4
-1.12,-0.79,9.34,0.00,0.00,0.00,142.5
-1.13,-0.79,9.36,0.00,0.00,0.00,142.6
-1.12,-0.79,9.35,0.00,0.00,0.00,142.7
-1.11,-0.78,9.37,0.00,0.00,0.00,142.8
-1.11,-0.79,9.36,0.00,0.00,0.00,142.9
-1.13,-0.79,9.36,0.00,0.00,0.00,143
-1.13,-0.80,9.35,0.00,0.00,0.00,143.1
-1.11,-0.79,9.34,0.00,0.00,0.00,143.2
-1.11,-0.79,9.36,0.00,0.00,0.00,143.3
-1.12,-0.78,9.36,0.00,0.00,0.00,143.4
-1.10,-0.78,9.36,0.00,0.00,0.00,143.5
-1.12,-0.79,9.35,0.00,0.00,0.00,143.6
-1.12,-0.80,9.36,0.00,0.00,0.00,143.7
-1.11,-0.79,9.36,0.00,0.00,0.00,143.8
-1.12,-0.78,9.35,0.00,0.00,0.00,143.9
-1.11,-0.79,9.36,0.00,0.00,0.00,144
-1.11,-0.80,9.36,0.00,0.00,0.00,144.1
-1.10,-0.80,9.35,0.00,0.00,0.00,144.2
-1.11,-0.79,9.35,0.00,0.00,0.00,144.3
-1.11,-0.80,9.35,0.00,0.00,0.00,144.4
-1.10,-0.79,9.33,0.00,0.00,0.00,144.5
-1.11,-0.79,9.34,0.00,0.00,0.00,144.6
-1.10,-0.81,9.37,0.00,0.00,0.00,144.7
-1.09,-0.79,9.35,0.00,0.00,0.00,144.8
-1.10,-0.79,9.35,0.00,0.00,0.00,144.9
-1.10,-0.79,9.36,0.00,0.00,0.00,145
-1.10,-0.80,9.35,0.00,0.00,0.00,145.1
-1.09,-0.78,9.36,0.00,0.00,0.00,145.2
-1.10,-0.78,9.37,0.00,-0.01,-0.01,145.3
-1.08,-0.78,9.36,0.00,0.00,0.00,145.4
-1.09,-0.80,9.37,0.00,0.00,0.00,145.5
-1.08,-0.80,9.35,0.00,0.00,0.00,145.6
-1.08,-0.79,9.37,0.00,0.00,0.00,145.7
-1.09,-0.79,9.35,0.00,0.00,0.00,145.8
-1.08,-0.79,9.37,0.00,0.00,0.00,145.9
-1.08,-0.78,9.37,0.00,0.00,0.00,146
-1.08,-0.79,9.35,0.00,0.00,0.00,146.1
-1.07,-0.81,9.38,0.00,0.00,0.00,146.2
-1.07,-0.79,9.36,0.00,0.00,0.00,146.3
-1.07,-0.79,9.37,0.00,0.00,0.00,146.4
-1.06,-0.79,9.37,0.00,0.00,0.00,146.5
-1.05,-0.78,9.35,0.00,0.00,0.00,146.6
-1.06,-0.78,9.37,0.00,0.00,0.00,146.7
-1.07,-0.78,9.36,0.00,0.00,0.00,146.8
-1.05,-0.79,9.36,0.00,0.00,0.00,146.9
-1.07,-0.79,9.38,0.00,0.00,0.00,147
-1.05,-0.78,9.37,0.00,0.00,0.00,147.1
-1.06,-0.78,9.37,0.00,0.00,0.00,147.2
-1.06,-0.79,9.37,0.00,0.00,0.00,147.3
-1.06,-0.79,9.37,0.00,0.00,0.00,147.4
-1.05,-0.78,9.37,0.00,0.00,0.00,147.5
-1.05,-0.79,9.37,0.00,0.00,0.00,147.6
-1.05,-0.79,9.38,0.00,0.00,0.00,147.7
-1.06,-0.79,9.37,0.00,0.00,0.00,147.8
-1.06,-0.79,9.36,0.00,0.00,0.00,147.9
-1.07,-0.79,9.38,0.00,0.00,0.00,148
-1.05,-0.78,9.38,0.00,0.00,0.00,148.1
-1.05,-0.78,9.37,0.00,0.00,0.00,148.2
-1.06,-0.80,9.38,0.00,0.00,0.00,148.3
-1.06,-0.79,9.36,0.00,0.00,0.00,148.4
-1.06,-0.79,9.36,0.00,0.01,0.00,148.5
-0.91,-0.72,9.49,-0.02,0.03,0.00,148.6
-1.45,-1.11,9.64,-0.07,0.32,0.03,148.7
-1.38,-1.68,11.29,0.43,0.73,0.09,148.8
-2.12,0.35,9.58,2.15,0.18,-0.37,148.9
-2.35,2.64,8.34,2.64,0.34,-0.65,149
-2.49,3.38,7.16,3.01,-0.04,-0.67,149.1
-3.06,7.12,2.47,3.56,-0.29,-0.50,149.2
-2.04,9.48,0.58,1.90,-1.60,-0.14,149.3
-2.22,9.15,2.94,-0.11,-1.72,-0.80,149.4
-2.10,7.69,5.84,-0.84,-0.87,-0.46,149.5
-1.98,7.57,6.13,0.19,-0.51,-0.28,149.6
-1.84,8.21,5.01,0.67,-0.54,-0.17,149.7
-1.81,8.74,4.01,0.41,0.21,0.11,149.8
-1.84,8.81,3.91,0.14,0.29,0.13,149.9
-1.91,8.64,4.11,-0.17,0.29,0.12,150
-1.40,8.55,4.99,-0.34,-0.12,0.12,150.1
-2.03,8.00,5.64,-0.25,-0.03,-0.02,150.2
-1.53,8.67,4.58,0.46,0.07,0.12,150.3
-1.59,8.95,3.94,0.53,0.15,0.05,150.4
-1.65,9.15,3.44,0.20,0.13,0.04,150.5
-1.73,9.00,3.72,-0.11,0.13,0.02,150.6
-1.65,8.76,4.42,-0.26,0.05,0.03,150.7
-1.73,8.69,4.53,-0.10,-0.02,0.01,150.8
-1.63,8.91,4.03,0.15,0.02,0.04,150.9
-1.59,9.00,3.82,0.13,0.03,0.02,151
-1.63,8.92,4.03,-0.06,0.00,-0.01,151.1
-1.70,8.82,4.20,-0.08,-0.01,-0.02,151.2
-1.64,8.89,4.10,0.01,0.00,0.00,151.3
-1.66,8.89,4.11,0.01,0.00,0.00,151.4
-1.65,8.91,4.01,0.01,0.00,0.00,151.5
-1.60,8.90,4.09,-0.01,0.00,0.00,151.6
-1.63,8.89,4.15,-0.02,0.00,0.00,151.7
-1.65,8.88,4.12,0.00,0.00,0.00,151.8
-1.63,8.87,4.12,0.00,0.00,0.00,151.9
-1.63,8.89,4.11,0.00,0.00,0.01,152
-1.63,8.87,4.13,-0.01,0.00,0.00,152.1
-1.65,8.89,4.10,0.01,0.00,0.00,152.2
-1.68,8.88,4.05,0.01,0.00,0.01,152.3
-1.66,8.87,4.11,-0.01,0.00,0.01,152.4
-1.62,8.87,4.15,-0.01,0.00,0.00,152.5
-1.63,8.89,4.07,0.01,0.00,0.00,152.6
-1.60,8.89,4.12,-0.01,0.00,0.00,152.7
-1.65,8.89,4.09,0.01,0.00,0.00,152.8
-1.62,8.91,4.05,0.01,0.00,0.00,152.9
-1.64,8.88,4.17,-0.03,0.00,0.00,153
-1.64,8.84,4.17,-0.02,0.00,0.00,153.1
-1.61,8.88,4.13,0.01,0.00,0.00,153.2
-1.62,8.89,4.12,0.00,0.00,0.00,153.3
-1.61,8.87,4.14,-0.02,-0.01,0.01,153.4
-1.61,8.86,4.19,-0.02,0.00,0.00,153.5
-1.60,8.87,4.18,-0.01,0.00,0.01,153.6
-1.60,8.85,4.18,-0.01,0.00,0.00,153.7
-1.62,8.86,4.20,0.00,0.01,-0.01,153.8
-1.63,8.86,4.18,0.01,0.01,0.00,153.9
-1.63,8.88,4.11,0.01,0.00,0.00,154
-1.57,8.86,4.30,-0.01,0.00,-0.01,154.1
-1.62,8.85,4.37,0.05,0.03,-0.01,154.2
-1.73,8.98,4.05,0.15,0.25,0.06,154.3
-2.06,9.07,3.53,-0.06,0.71,0.24,154.4
-2.32,9.30,4.17,-0.48,0.93,0.32,154.5
-2.18,9.00,4.46,-0.53,1.20,0.47,154.6
-2.15,9.15,3.68,-0.25,1.72,0.74,154.7
-2.22,9.22,4.11,-0.53,1.89,0.82,154.8
-2.12,8.95,4.18,-0.52,2.20,1.03,154.9
-2.28,9.97,4.15,-0.43,2.50,1.17,155
-2.46,9.55,4.46,-0.89,2.97,1.36,155.1
-2.23,9.34,4.10,-0.94,3.54,1.78,155.2
-2.23,8.53,3.76,-1.15,3.90,1.88,155.3
-1.57,7.10,3.50,-1.26,4.00,2.02,155.4
-1.32,7.44,3.42,-0.88,3.93,2.06,155.5
-1.39,7.77,3.24,-0.74,3.72,1.85,155.6
-1.68,8.68,4.04,-0.76,3.02,1.47,155.7
-1.80,9.44,4.18,-0.51,2.45,1.22,155.8
-1.77,9.10,3.99,-0.35,1.51,0.73,155.9
-1.78,9.13,4.13,-0.21,0.90,0.44,156
-1.80,8.98,3.78,0.10,0.01,0.05,156.1
-1.62,8.73,3.86,0.14,-0.61,-0.24,156.2
-1.58,8.70,3.84,0.37,-1.46,-0.61,156.3
-1.58,9.03,3.88,0.54,-1.99,-0.86,156.4
-1.64,8.93,3.93,0.56,-2.64,-1.22,156.5
-1.81,9.07,4.06,0.62,-2.86,-1.39,156.6
-1.84,9.07,3.89,0.67,-2.90,-1.39,156.7
-1.65,8.86,3.84,0.56,-2.76,-1.27,156.8
-1.78,8.93,3.93,0.46,-2.25,-1.04,156.9
-1.67,8.96,3.78,0.42,-1.83,-0.80,157
-1.77,8.89,3.80,0.23,-1.15,-0.52,157.1
-1.74,8.97,3.90,0.15,-0.70,-0.30,157.2
-1.83,9.16,3.89,0.05,0.01,0.06,157.3
-1.72,9.05,3.93,-0.11,0.44,0.28,157.4
-1.83,9.31,3.96,-0.22,1.13,0.56,157.5
-1.92,9.54,4.09,-0.35,1.55,0.72,157.6
-1.98,9.73,4.27,-0.43,1.86,0.88,157.7
-1.89,9.68,4.19,-0.48,2.08,1.02,157.8
-1.69,9.24,4.19,-0.48,1.90,0.95,157.9
-1.54,9.11,3.97,-0.30,1.62,0.82,158
-1.56,9.20,3.95,-0.17,1.04,0.57,158.1
-1.72,9.48,4.12,-0.09,0.63,0.35,158.2
-1.52,9.65,4.14,0.05,0.15,0.21,158.3
-1.47,9.29,4.02,0.13,-0.45,-0.16,158.4
-1.24,8.70,3.59,0.32,-1.01,-0.41,158.5
-1.31,8.59,3.56,0.28,-1.30,-0.61,158.6
-1.27,8.28,3.46,0.28,-1.66,-0.87,158.7
-1.34,8.71,3.70,0.30,-1.93,-0.86,158.8
-1.48,9.07,3.81,0.36,-2.06,-0.97,158.9
-1.55,9.03,4.03,0.39,-2.25,-1.01,159
-1.55,9.04,3.83,0.47,-2.21,-1.08,159.1
-1.67,8.86,3.92,0.40,-2.09,-1.03,159.2
-1.63,8.73,3.76,0.44,-1.84,-0.88,159.3
-1.56,8.75,3.53,0.45,-1.23,-0.60,159.4
-1.73,8.91,3.53,0.27,-0.72,-0.39,159.5
-1.58,8.35,3.42,-0.18,0.04,0.00,159.6
-1.65,8.39,3.79,-0.33,0.56,0.32,159.7
-1.15,9.11,3.46,-0.37,1.37,0.80,159.8
-2.55,10.09,0.88,0.11,1.77,0.66,159.9
-1.49,9.31,3.02,0.13,0.73,0.24,160
-1.68,9.15,3.12,-0.79,0.92,0.38,160.1
-0.95,9.48,1.01,0.30,1.23,0.58,160.2
-1.00,9.78,1.93,-0.30,-0.49,-0.08,160.3
-2.14,10.30,2.00,0.28,0.58,0.09,160.4
-2.55,8.74,0.29,0.19,2.07,0.22,160.5
-3.01,8.00,2.36,-0.01,3.43,0.50,160.6
-3.71,9.96,1.98,0.32,2.87,0.13,160.7
-4.68,9.48,2.25,-0.76,3.12,-0.94,160.8
-5.38,8.96,2.44,-1.18,3.40,-0.46,160.9
-4.54,8.48,1.61,-1.60,2.94,0.09,161
-3.97,6.65,1.55,-1.65,2.74,0.10,161.1
-4.33,7.76,1.15,-1.27,2.93,0.07,161.2
-5.02,8.74,1.47,-1.39,2.76,-0.33,161.3
-5.98,11.78,2.49,-1.33,2.04,-0.50,161.4
-4.88,10.73,0.02,-0.95,1.88,-0.42,161.5
-5.12,9.57,-0.01,-0.24,0.77,0.17,161.6
-4.14,8.02,-0.21,-1.72,1.36,0.47,161.7
-2.92,5.71,0.88,-1.92,1.06,0.80,161.8
-4.13,6.31,0.65,-0.03,1.09,1.27,161.9
-5.19,7.54,0.35,0.21,0.95,0.53,162
-6.42,8.58,1.49,-0.29,1.42,-0.81,162.1
-8.45,9.41,0.99,-0.24,1.22,-1.36,162.2
-6.25,7.60,0.89,-0.92,1.76,-1.40,162.3
-6.54,7.89,0.20,-1.27,1.16,-1.37,162.4
-5.16,7.73,0.78,-2.01,1.51,-0.18,162.5
-5.25,7.64,0.90,-1.71,1.09,-0.39,162.6
-5.50,8.58,0.89,-0.80,-0.14,-0.51,162.7
-5.55,8.44,0.48,-0.22,-0.65,-0.50,162.8
-6.67,8.95,0.91,0.33,-0.61,0.44,162.9
-6.77,10.28,1.49,0.66,-0.41,1.09,163
-6.97,7.22,1.24,1.00,-0.57,1.00,163.1
-7.44,8.30,0.88,1.01,-0.68,2.12,163.2
-4.80,7.92,0.52,0.70,-0.41,2.40,163.3
-3.24,7.71,0.12,0.54,-0.02,2.19,163.4
-2.98,7.75,0.60,-0.55,0.69,0.23,163.5
-3.65,8.95,0.52,-0.47,0.99,-1.21,163.6
-5.26,9.86,0.82,-0.09,1.14,-2.29,163.7
-6.66,9.82,0.02,0.10,1.47,-2.45,163.8
-5.35,8.30,0.03,-0.46,-0.16,-1.60,163.9
-4.66,8.47,0.45,-0.76,0.05,-0.95,164
-4.64,8.04,0.47,-0.44,0.01,-0.97,164.1
-5.76,8.11,0.48,-0.15,0.00,-0.52,164.2
-5.92,8.17,0.27,0.14,-0.31,1.17,164.3
-5.67,10.29,1.06,-0.01,0.00,2.20,164.4
-5.20,9.42,0.42,-0.02,0.16,2.03,164.5
-5.60,9.43,0.79,-0.01,0.24,1.83,164.6
-4.38,7.96,0.66,0.07,0.05,1.53,164.7
-3.58,8.06,0.82,-0.19,0.85,0.73,164.8
-3.92,7.75,0.68,-0.20,1.13,-0.27,164.9
-6.28,10.82,1.09,-0.04,0.91,-1.12,165
-4.88,9.73,0.56,0.05,1.42,-1.55,165.1
-5.96,9.04,0.26,-0.57,0.64,-1.68,165.2
-4.43,7.92,0.30,-1.06,0.98,-0.69,165.3
-4.33,8.53,0.51,-0.96,1.29,-0.57,165.4
-4.40,8.43,-0.03,-0.80,0.91,-0.86,165.5
-5.67,9.00,0.18,-1.03,0.48,-0.39,165.6
-6.36,9.81,0.12,-0.92,0.46,0.42,165.7
-5.91,10.01,1.22,-0.23,-0.57,1.25,165.8
-6.05,8.20,1.01,0.70,-0.26,1.54,165.9
-4.94,10.42,0.61,1.53,-1.31,2.00,166
-4.49,8.68,0.32,1.16,-1.56,0.81,166.1
-3.38,8.02,0.21,0.05,-0.75,0.41,166.2
-3.37,8.29,0.13,-0.13,-0.85,-0.26,166.3
-3.99,9.96,0.84,-0.02,-0.44,-0.92,166.4
-4.74,8.69,-0.28,0.32,-0.96,-1.35,166.5
-3.85,9.58,-0.47,0.54,-1.10,-0.51,166.6
-3.91,8.46,-0.12,0.95,0.05,0.44,166.7
-4.06,8.41,0.15,0.19,-0.26,0.95,166.8
-3.81,7.68,-0.01,0.01,-0.04,0.96,166.9
-3.90,8.22,-0.01,-0.39,0.50,0.46,167
-5.49,9.60,0.57,-0.62,0.83,-0.24,167.1
-5.26,9.94,1.08,-0.44,1.68,-1.15,167.2
-6.18,10.09,0.73,-0.15,1.61,-1.45,167.3
-5.48,8.55,0.12,-0.21,0.31,-1.29,167.4
-4.99,7.66,0.17,-0.98,0.89,-0.15,167.5
-5.47,7.45,0.57,-1.18,1.52,0.36,167.6
-5.44,9.18,1.44,-0.84,1.59,0.94,167.7
-5.29,8.19,-0.15,-0.53,1.52,0.62,167.8
-3.87,8.45,0.07,-1.25,0.57,-0.37,167.9
-4.54,8.37,0.44,-1.14,0.58,-1.38,168
-5.76,8.78,0.69,-0.13,0.25,-1.49,168.1
-5.28,8.69,-0.59,0.35,-0.47,-0.86,168.2
-5.69,9.37,0.05,-0.60,-0.26,0.14,168.3
-5.48,8.92,1.13,-0.50,0.62,0.58,168.4
-5.90,6.97,0.45,0.77,0.77,1.15,168.5
-6.42,8.85,0.62,0.95,-0.65,2.22,168.6
-4.46,9.11,-0.07,0.41,-0.45,2.63,168.7
-3.67,8.16,0.31,-0.66,0.48,1.26,168.8
-3.88,7.45,0.98,-0.76,1.23,-0.61,168.9
-5.65,9.11,0.78,0.07,0.64,-0.97,169
-4.41,8.74,0.46,0.76,0.38,-1.06,169.1
-5.07,9.13,-0.09,0.37,-0.32,-2.00,169.2
-4.93,8.63,0.36,-0.56,-0.01,-1.36,169.3
-4.53,8.26,-0.03,-0.47,0.16,-0.77,169.4
-4.97,8.59,0.27,-0.36,0.04,-0.35,169.5
-5.43,8.83,0.56,0.42,-0.80,0.03,169.6
-5.89,8.69,1.31,0.93,-0.54,0.40,169.7
-5.82,9.68,1.87,1.59,-0.51,1.24,169.8
-5.97,8.77,0.60,1.74,-0.92,1.11,169.9
-5.38,9.15,0.34,0.40,-0.82,1.64,170
-4.85,8.32,0.17,-0.19,-0.54,1.56,170.1
-3.94,7.95,0.42,-0.34,0.26,0.49,170.2
-3.71,7.78,0.03,-0.08,0.19,-0.34,170.3
-4.46,8.57,0.25,-0.30,0.43,-0.74,170.4
-5.06,9.36,0.37,-0.25,0.89,-0.82,170.5
-3.85,9.67,0.32,-0.01,0.71,-0.93,170.6
-4.97,9.06,-0.48,0.10,0.61,-2.01,170.7
-5.53,8.54,0.20,-0.66,-0.31,-1.34,170.8
-4.83,7.28,-0.09,-0.65,0.10,0.10,170.9
-4.23,8.43,0.39,-0.35,0.01,0.87,171
-4.17,8.41,0.07,0.00,-0.31,0.21,171.1
-6.39,9.75,0.47,0.11,-0.61,-0.42,171.2
-6.35,10.66,1.35,0.48,-0.39,0.40,171.3
-6.63,8.44,0.49,1.27,0.01,1.19,171.4
-5.44,8.79,0.42,0.77,-0.77,2.17,171.5
-3.97,7.96,0.06,-0.08,-0.39,1.73,171.6
-4.07,7.93,0.61,-0.40,0.18,0.83,171.7
-3.91,8.11,0.36,-0.04,0.62,-0.45,171.8
-4.53,9.34,0.10,0.12,0.39,-1.21,171.9
-4.61,9.60,0.01,-0.09,0.27,-1.85,172
-5.13,9.00,-0.34,0.00,0.58,-2.29,172.1
-5.26,8.55,-0.17,-0.54,-0.30,-1.21,172.2
-4.56,7.73,-0.09,-0.65,-0.23,-0.13,172.3
-5.10,8.82,0.82,-0.34,-0.07,0.74,172.4
-4.70,8.15,0.15,0.30,-0.21,0.66,172.5
-5.88,8.81,0.09,0.67,-0.63,0.63,172.6
-4.76,9.88,1.13,0.49,-0.70,1.05,172.7
-5.99,7.59,-0.04,0.62,-0.35,0.37,172.8
-5.81,9.09,0.54,0.06,-0.84,1.06,172.9
-4.72,8.11,0.47,0.02,-0.19,0.81,173
-4.98,8.12,0.55,-0.06,0.48,0.25,173.1
-4.44,8.60,0.64,0.07,0.49,-0.50,173.2
-4.64,9.03,0.30,0.15,0.38,-1.02,173.3
-4.92,9.00,0.61,-0.04,0.66,-1.18,173.4
-5.44,9.45,0.84,0.00,1.05,-0.67,173.5
-4.18,8.95,0.56,-0.01,0.43,-0.58,173.6
-5.02,8.13,0.05,-0.23,-0.40,-1.47,173.7
-5.08,8.50,0.11,-0.47,-0.75,-0.82,173.8
-6.12,7.55,0.38,-0.43,-0.38,0.26,173.9
-5.89,7.36,0.76,-0.21,-0.61,1.12,174
-7.01,8.55,1.35,0.14,-0.73,1.00,174.1
-6.96,9.84,2.39,-0.11,-0.05,0.61,174.2
-6.05,8.22,-0.14,-0.02,0.61,0.59,174.3
-5.92,7.71,0.98,-0.44,1.54,-0.02,174.4
-4.98,8.01,0.86,-0.23,1.02,-0.05,174.5
-5.12,8.78,1.06,-0.32,1.00,0.09,174.6
-6.75,10.43,-0.20,-0.60,1.11,0.12,174.7
-4.42,8.41,-0.64,-1.06,0.63,0.54,174.8
-3.12,6.95,0.47,-1.12,0.06,-0.31,174.9
-4.11,7.62,0.58,-0.38,0.23,-1.09,175
-4.89,9.36,1.41,0.14,-0.24,-0.42,175.1
-3.26,7.65,0.44,0.52,-0.13,0.08,175.2
-4.38,7.70,1.28,1.06,0.20,-0.27,175.3
-4.79,8.76,1.03,1.81,-0.06,-0.17,175.4
-4.28,7.41,-0.03,1.61,-1.09,0.03,175.5
-1.27,3.03,2.69,1.25,-0.48,0.82,175.6
0.45,-0.01,-0.91,3.05,1.92,1.68,175.7
1.06,0.02,-0.66,2.44,1.80,1.88,175.8
-11.13,15.53,-8.48,5.24,1.80,0.85,175.9
-0.46,0.83,-3.00,-2.34,1.31,-1.53,176
-4.74,0.98,-15.73,-0.15,-2.09,-0.85,176.1
-1.60,-3.27,-11.00,0.14,-1.45,6.13,176.2
-1.82,0.23,-13.84,0.24,-0.57,6.21,176.3
-0.76,1.14,-4.58,-2.99,-1.63,4.23,176.4
-2.31,7.84,-10.81,-0.66,-1.63,2.38,176.5
-2.03,5.17,-3.92,-1.69,-0.84,1.47,176.6
-2.51,6.79,-6.52,1.50,0.16,0.29,176.7
0.38,3.17,-10.85,2.60,0.54,0.04,176.8
-0.11,1.67,-9.91,2.22,0.23,0.06,176.9
0.16,-1.65,-8.79,1.68,0.24,0.08,177
0.34,0.49,-10.16,-0.14,-0.02,-0.01,177.1
0.36,0.50,-10.11,0.00,0.00,0.00,177.2
0.35,0.51,-10.12,0.00,0.00,0.00,177.3
0.34,0.51,-10.11,0.00,0.00,0.00,177.4
0.35,0.51,-10.10,0.00,0.00,0.00,177.5
0.35,0.49,-10.11,0.00,0.00,0.00,177.6
0.35,0.50,-10.12,0.00,0.00,0.00,177.7
0.34,0.51,-10.11,0.00,0.00,0.00,177.8
0.35,0.51,-10.12,0.00,0.00,0.00,177.9
0.35,0.49,-10.11,0.00,0.00,0.00,178
0.35,0.50,-10.11,0.00,0.00,0.00,178.1
0.34,0.50,-10.12,0.00,0.00,0.00,178.2
0.35,0.51,-10.10,0.00,0.00,0.00,178.3
0.35,0.50,-10.11,0.00,0.00,0.00,178.4
0.33,0.48,-10.11,0.00,0.00,0.00,178.5
0.34,0.50,-10.12,0.00,0.00,0.00,178.6
0.36,0.49,-10.12,0.00,0.00,0.00,178.7
0.34,0.50,-10.10,0.00,0.00,0.00,178.8
0.33,0.49,-10.11,0.00,0.00,0.00,178.9
0.37,0.50,-10.11,0.00,0.00,0.00,179
0.35,0.50,-10.12,0.00,0.00,0.00,179.1
0.34,0.50,-10.11,0.00,0.00,0.00,179.2
0.34,0.49,-10.12,0.00,0.00,0.00,179.3
0.35,0.51,-10.12,0.00,0.00,0.00,179.4
0.35,0.49,-10.12,0.00,0.00,0.00,179.5
0.34,0.49,-10.11,0.00,0.00,0.00,179.6
0.35,0.51,-10.12,0.00,0.00,0.00,179.7
0.35,0.51,-10.13,0.00,0.00,0.00,179.8
0.34,0.49,-10.13,0.00,0.00,0.00,179.9
0.36,0.49,-10.13,0.00,0.00,0.00,180
0.33,0.50,-10.12,0.00,0.00,0.00,180.1
0.35,0.49,-10.13,0.00,0.00,0.00,180.2
0.34,0.50,-10.11,0.00,0.00,0.00,180.3
0.35,0.49,-10.12,0.00,0.00,0.00,180.4
0.35,0.51,-10.11,0.00,0.00,0.00,180.5
0.34,0.50,-10.11,0.00,0.00,0.00,180.6
0.34,0.50,-10.10,0.00,0.00,0.00,180.7
0.34,0.50,-10.12,0.00,0.00,0.00,180.8
0.34,0.50,-10.11,0.00,0.00,0.00,180.9
0.35,0.50,-10.12,0.00,0.00,0.00,181
0.35,0.50,-10.12,0.00,0.00,0.00,181.1
0.35,0.49,-10.12,0.00,0.00,0.00,181.2
0.34,0.50,-10.12,0.00,0.00,0.00,181.3
0.35,0.50,-10.13,0.00,0.00,0.00,181.4
0.35,0.50,-10.12,0.00,0.00,0.00,181.5
0.35,0.49,-10.12,0.00,0.00,0.00,181.6
0.34,0.49,-10.12,0.00,0.00,0.00,181.7
0.35,0.50,-10.11,0.00,0.00,0.00,181.8
0.35,0.50,-10.12,0.00,0.00,0.00,181.9
0.34,0.50,-10.13,0.00,0.00,0.00,182
0.35,0.50,-10.14,0.00,0.00,0.00,182.1
0.33,0.50,-10.14,0.00,0.00,0.00,182.2
0.34,0.50,-10.13,0.00,0.00,0.00,182.3
0.33,0.49,-10.12,0.00,0.00,0.00,182.4
0.34,0.50,-10.11,0.00,0.00,0.00,182.5
0.35,0.50,-10.12,0.00,0.00,0.00,182.6
0.37,0.49,-10.13,0.00,0.00,0.00,182.7
0.33,0.50,-10.10,0.00,-0.01,0.00,182.8
0.31,0.52,-10.12,0.00,-0.02,0.00,182.9
0.32,0.50,-10.13,0.00,0.00,0.00,183
0.32,0.52,-10.13,0.00,0.01,0.00,183.1
0.31,0.50,-10.11,0.00,0.00,0.00,183.2
0.33,0.49,-10.13,0.00,0.01,0.00,183.3
0.33,0.49,-10.12,0.00,0.00,0.00,183.4
0.34,0.49,-10.13,0.00,0.00,0.00,183.5
0.34,0.50,-10.14,0.00,0.00,0.00,183.6
0.34,0.51,-10.14,0.00,0.00,0.00,183.7
0.33,0.52,-10.13,0.00,0.00,0.00,183.8
0.32,0.52,-10.13,0.00,0.00,0.00,183.9
0.34,0.48,-10.10,0.00,0.00,0.00,184
0.33,0.49,-10.12,0.00,0.00,0.00,184.1
0.33,0.50,-10.14,0.00,0.00,0.00,184.2
0.33,0.49,-10.13,0.00,-0.01,0.00,184.3
0.31,0.51,-10.13,0.00,-0.01,0.00,184.4
0.30,0.51,-10.13,0.00,-0.01,0.00,184.5
0.29,0.51,-10.12,0.00,0.00,0.00,184.6
0.29,0.50,-10.12,0.00,-0.01,0.00,184.7
0.29,0.51,-10.12,0.00,-0.01,0.00,184.8
0.27,0.49,-10.14,0.00,-0.02,0.00,184.9
0.40,0.54,-10.21,-0.01,-0.05,-0.01,185
0.56,0.75,-10.37,-0.11,-0.12,-0.24,185.1
0.24,0.88,-10.57,-0.34,0.02,-0.57,185.2
-0.14,1.27,-9.29,-0.74,0.03,-0.71,185.3
0.05,2.03,-11.72,-0.54,-0.50,-0.55,185.4
-0.88,3.63,-10.02,-1.84,0.03,-0.75,185.5
-0.89,4.89,-9.01,-2.15,-0.07,-0.45,185.6
-0.43,6.97,-6.24,-2.79,0.11,-0.37,185.7
-1.40,7.96,-4.83,-3.24,0.84,-0.60,185.8
-0.79,9.47,0.49,-0.93,-2.84,-0.13,185.9
-0.98,9.82,0.34,-0.84,-1.46,-0.10,186
-1.14,10.15,-1.84,0.41,0.39,0.06,186.1
-1.24,9.65,-2.49,-0.72,1.72,-0.19,186.2
-1.43,9.67,-1.28,-1.68,3.32,-0.01,186.3
-0.83,10.05,0.08,-1.45,4.61,0.46,186.4
-0.81,10.00,0.79,-0.86,3.32,0.48,186.5
-1.48,9.93,0.69,-0.29,1.40,0.25,186.6
-0.68,10.00,0.95,-0.03,-0.15,0.07,186.7
-0.87,9.91,1.12,-0.07,-0.01,0.02,186.8
-0.73,9.98,1.01,-0.01,0.00,0.03,186.9
-0.81,9.95,1.05,-0.03,-0.01,0.01,187
-0.83,9.93,1.11,-0.04,-0.01,0.01,187.1
-0.81,9.94,1.13,-0.02,0.00,0.01,187.2
-0.80,9.94,1.11,-0.01,0.00,0.01,187.3
-0.76,9.95,1.11,-0.01,0.00,0.02,187.4
-0.74,9.95,1.12,-0.01,0.00,0.01,187.5
-0.74,9.93,1.14,-0.01,0.00,0.01,187.6
-0.74,9.94,1.14,-0.01,0.00,0.01,187.7
-0.73,9.94,1.16,-0.01,0.00,0.01,187.8
-0.70,9.94,1.18,-0.01,0.00,0.01,187.9
-0.70,9.94,1.15,0.00,0.00,0.00,188
-0.74,9.94,1.17,0.00,0.00,0.00,188.1
-0.73,9.94,1.18,-0.01,0.00,0.00,188.2
-0.69,9.95,1.18,0.00,0.00,0.00,188.3
-0.77,9.92,1.19,-0.01,0.00,-0.01,188.4
-0.69,9.95,1.18,0.00,0.00,0.01,188.5
-0.75,9.93,1.17,0.00,0.00,0.01,188.6
-0.75,9.93,1.17,0.00,0.00,0.01,188.7
-0.72,9.95,1.18,0.00,0.00,0.00,188.8
-0.71,9.93,1.19,-0.01,0.00,0.00,188.9
-0.67,9.95,1.19,-0.01,0.00,0.00,189
-0.69,9.94,1.21,-0.01,0.00,-0.01,189.1
-0.77,9.92,1.23,-0.01,0.00,-0.01,189.2
-0.71,9.93,1.22,0.00,0.00,0.00,189.3
-0.80,9.91,1.21,0.00,0.00,-0.01,189.4
-0.76,9.92,1.21,0.00,0.00,0.00,189.5
-0.72,9.93,1.24,0.00,0.00,0.00,189.6
-0.74,9.92,1.23,0.00,0.00,0.00,189.7
-0.75,9.93,1.24,0.00,0.00,0.00,189.8
-0.71,9.94,1.24,0.00,0.00,0.00,189.9
-0.57,9.97,1.26,-0.01,0.00,-0.02,190
-1.32,9.81,1.24,-0.04,0.01,-0.26,190.1
-1.22,9.81,1.48,-0.10,0.00,-0.15,190.2
-1.27,9.75,1.62,-0.06,-0.01,-0.02,190.3
-1.10,9.87,1.35,0.03,0.00,0.03,190.4
-1.05,9.84,1.48,-0.01,0.00,0.02,190.5
-0.93,9.89,1.37,0.01,0.00,0.02,190.6
-0.95,9.90,1.35,0.00,0.00,0.02,190.7
-0.93,9.88,1.44,-0.02,-0.01,0.02,190.8
-0.93,9.86,1.44,-0.01,0.00,0.01,190.9
-0.99,9.87,1.40,0.00,0.00,0.00,191
-0.93,9.87,1.52,-0.02,0.00,0.00,191.1
-0.95,9.89,1.40,0.01,0.00,0.01,191.2
-0.96,9.85,1.48,-0.01,0.00,0.01,191.3
-0.91,9.88,1.45,0.00,0.00,0.02,191.4
-0.91,9.89,1.40,0.00,0.00,0.01,191.5
-0.94,9.86,1.54,-0.02,0.00,0.01,191.6
-0.91,9.88,1.45,0.00,0.00,0.01,191.7
-0.93,9.85,1.50,-0.01,0.00,-0.01,191.8
-0.90,9.88,1.51,-0.01,0.00,0.01,191.9
-0.85,9.88,1.51,0.00,0.00,0.00,192
-0.87,9.86,1.50,0.00,0.00,0.00,192.1
-0.87,9.87,1.49,0.00,0.00,0.00,192.2
-0.93,9.86,1.49,0.00,0.00,0.00,192.3
-0.92,9.86,1.50,0.00,0.00,-0.01,192.4
-0.90,9.86,1.48,0.00,0.00,0.00,192.5
-0.88,9.88,1.49,0.00,0.00,0.00,192.6
-0.91,9.86,1.50,-0.01,0.00,-0.01,192.7
-0.84,9.88,1.50,0.00,0.00,0.00,192.8
-0.84,9.88,1.50,0.00,0.00,0.00,192.9
-0.90,9.87,1.52,0.00,0.00,-0.01,193
-0.93,9.88,1.44,0.00,0.00,-0.03,193.1
-1.03,10.17,1.11,-0.04,-0.02,-0.05,193.2
-1.73,11.59,2.10,-0.43,-0.30,-0.13,193.3
-1.53,10.54,2.79,-0.45,-0.60,-0.18,193.4
-1.61,11.51,1.75,0.35,-0.66,-0.24,193.5
-1.57,11.01,2.24,0.04,-0.92,-0.35,193.6
-1.31,10.16,2.26,0.11,-1.08,-0.32,193.7
-1.04,9.89,1.79,0.33,-1.03,-0.25,193.8
-0.93,9.68,1.89,0.21,-0.82,-0.24,193.9
-0.98,9.28,1.88,0.20,-0.64,-0.08,194
-0.83,9.58,1.68,0.23,-0.27,0.23,194.1
-0.84,9.89,1.66,0.02,0.00,0.30,194.2
-0.86,9.08,2.05,-0.23,0.41,0.50,194.3
-0.57,8.90,2.10,-0.05,0.69,0.55,194.4
-0.59,8.95,1.41,0.10,1.02,0.40,194.5
-0.40,9.37,1.59,-0.14,1.14,0.38,194.6
0.07,8.59,3.04,-0.23,1.28,0.30,194.7
0.29,9.91,1.45,0.22,2.21,0.46,194.8
0.50,8.19,2.80,-0.42,2.43,0.52,194.9
-0.26,10.23,3.48,-0.53,1.88,0.50,195
0.19,9.08,3.90,-0.11,0.58,0.37,195.1
-0.20,9.26,1.37,0.98,-0.07,0.24,195.2
-0.27,10.22,-0.43,0.77,-0.85,-0.18,195.3
0.88,9.89,3.03,0.01,2.15,-0.26,195.4
-1.75,8.91,-0.43,0.29,3.32,0.02,195.5
-3.21,9.31,0.52,0.10,3.65,-0.69,195.6
-3.39,9.91,1.23,0.00,2.32,-1.36,195.7
-5.03,9.22,0.90,0.17,1.97,-1.27,195.8
-5.30,8.81,0.24,0.12,1.71,-1.11,195.9
-5.13,8.72,-0.70,-0.66,0.89,-0.20,196
-3.87,8.05,-1.17,-1.05,1.25,-0.06,196.1
-4.25,8.22,-0.73,-1.17,1.60,-0.71,196.2
-4.21,8.36,-0.99,-0.81,1.80,-0.87,196.3
-5.47,9.01,-0.80,-0.87,0.99,-1.12,196.4
-6.71,9.15,-1.01,-0.74,0.52,-0.68,196.5
-6.02,9.76,-0.79,-0.69,0.52,0.76,196.6
-5.18,7.76,-0.15,-0.58,0.16,0.38,196.7
-5.16,7.46,-0.05,-0.26,0.55,0.60,196.8
-4.97,8.89,-0.36,-0.28,0.34,0.66,196.9
-4.83,7.93,-0.31,-0.30,0.33,-0.10,197
-4.68,8.06,-0.52,-0.15,0.45,-0.35,197.1
-4.76,8.44,-0.39,-0.18,0.27,-0.82,197.2
-5.99,9.39,-0.37,-0.01,0.43,-0.75,197.3
-5.48,8.78,-0.72,0.88,0.31,-0.13,197.4
-4.87,6.76,-0.51,1.07,-1.68,-1.06,197.5
-5.94,7.45,-0.64,0.63,-1.13,0.71,197.6
-6.73,7.88,-0.16,0.12,-1.06,1.38,197.7
-5.63,7.76,-1.13,-0.07,-0.65,1.59,197.8
-4.39,7.90,-0.60,-0.22,-1.15,0.94,197.9
-3.98,8.54,0.66,0.46,0.38,-0.20,198
-5.70,11.08,-1.23,0.67,0.59,-1.16,198.1
-5.16,9.36,-0.63,0.04,-0.80,-2.14,198.2
-6.61,8.26,-0.49,0.09,0.00,-1.30,198.3
-5.37,9.10,-0.42,0.19,-0.09,1.63,198.4
-6.12,9.23,-0.58,0.38,-0.23,2.29,198.5
-4.87,9.34,-0.69,0.17,0.14,2.63,198.6
-3.87,8.42,-0.57,-0.14,0.74,1.89,198.7
-4.17,10.80,0.06,-0.21,0.77,0.50,198.8
-5.04,8.47,-1.18,0.27,1.52,-2.03,198.9
-4.30,8.25,-0.70,0.07,-0.02,-2.11,199
-4.18,9.57,-0.37,-0.30,0.25,-1.59,199.1
-4.81,9.98,-0.18,-0.24,0.36,-1.98,199.2
-5.39,9.33,-0.81,0.37,-0.67,-2.05,199.3
-5.44,9.15,-0.48,0.07,-1.01,-1.05,199.4
-4.72,9.16,-0.52,0.12,0.36,1.36,199.5
-7.04,9.17,-0.12,0.21,0.61,1.55,199.6
-5.49,9.48,-0.11,0.29,0.01,3.02,199.7
-4.99,8.81,-0.84,0.34,-0.43,2.49,199.8
-3.89,8.14,-0.55,-0.38,0.00,1.75,199.9
-3.82,7.88,-0.43,-0.41,0.43,0.82,200
-4.52,10.70,0.06,-0.05,0.56,-0.74,200.1
-3.89,9.52,-0.89,0.30,1.11,-1.92,200.2
-4.89,8.95,-0.73,0.18,0.09,-2.77,200.3
-4.88,8.89,-0.61,-0.21,-0.22,-1.92,200.4
-4.01,9.21,-0.58,-0.51,0.04,-1.27,200.5
-4.99,8.98,-0.35,-0.41,0.07,-1.41,200.6
-5.65,8.49,-0.41,-0.36,0.41,-0.10,200.7
-6.52,10.96,0.37,-0.22,0.03,0.99,200.8
-6.02,8.98,-0.18,0.30,0.21,0.97,200.9
-6.68,9.56,-1.13,0.08,0.53,1.73,201
-4.77,9.14,-0.48,-0.09,-0.66,2.39,201.1
-4.04,8.36,-0.75,0.06,-0.23,1.97,201.2
-3.72,7.73,-0.74,-0.03,0.22,0.92,201.3
-3.36,7.94,-0.60,-0.06,0.41,0.12,201.4
-5.79,11.27,-0.93,0.24,0.33,-1.60,201.5
-3.82,9.96,-0.90,0.45,0.63,-2.34,201.6
-7.62,10.44,-0.58,0.33,0.03,-3.48,201.7
-5.01,8.30,-0.89,0.01,-0.13,-1.19,201.8
-4.59,8.25,-0.59,-0.29,-0.32,-0.18,201.9
-4.11,8.80,-0.16,-0.24,0.15,0.33,202
-5.59,8.85,-0.16,0.19,-0.35,-0.16,202.1
-5.41,9.45,0.58,1.12,-0.97,1.31,202.2
-4.95,9.00,-0.23,1.61,-0.62,1.85,202.3
-5.48,9.37,-0.02,1.21,-1.01,1.50,202.4
-5.01,8.02,-0.51,1.00,-0.92,1.43,202.5
-3.56,8.40,-0.65,0.01,-0.74,1.37,202.6
-4.14,9.01,-0.48,-0.54,0.04,0.40,202.7
-5.27,9.77,-0.87,-0.12,-0.06,-0.67,202.8
-3.25,8.89,-0.63,-0.08,-0.15,-0.58,202.9
-5.56,9.27,-1.48,-0.08,-0.70,-2.10,203
-4.68,8.78,-0.90,-0.87,-0.91,-1.42,203.1
-4.60,8.16,-0.31,-0.90,-0.53,-0.95,203.2
-4.59,7.37,0.59,-0.54,-0.03,-0.43,203.3
-5.80,8.79,-0.01,0.41,-0.21,0.03,203.4
-5.81,8.48,0.55,0.47,0.07,0.57,203.5
-6.10,10.62,-0.24,0.73,-0.08,0.83,203.6
-4.17,8.42,-0.21,0.01,0.38,0.49,203.7
-6.23,7.73,0.24,-0.33,0.82,0.82,203.8
-5.56,8.04,-0.48,-0.03,0.62,1.81,203.9
-3.96,7.96,0.06,-0.56,1.59,1.11,204
-4.80,8.71,-0.03,-0.27,1.78,-0.72,204.1
-4.87,9.54,-0.41,0.24,1.31,-1.62,204.2
-6.76,12.77,-0.47,-0.01,1.11,-1.70,204.3
-3.84,7.88,-1.48,0.19,0.65,-2.54,204.4
-6.20,7.72,-0.41,-0.56,-0.96,-2.66,204.5
-4.51,7.41,-0.68,-0.55,-0.83,0.45,204.6
-5.14,7.82,0.11,-0.15,-0.77,1.57,204.7
-5.45,8.61,0.44,1.00,-1.02,2.13,204.8
-4.60,9.52,0.16,2.69,-2.20,1.48,204.9
-5.34,9.97,-0.25,3.12,-1.95,0.50,205
-7.68,10.89,-1.02,2.06,-1.51,0.72,205.1
-4.59,9.48,-0.49,0.69,-0.92,2.11,205.2
-4.45,9.60,-0.34,-0.13,-0.77,1.38,205.3
-4.11,8.21,-0.34,-0.29,-0.94,0.55,205.4
-3.97,8.48,-0.89,-0.24,-0.85,0.57,205.5
-3.61,8.86,-0.65,-0.41,-0.73,0.25,205.6
-4.23,8.87,-0.53,-0.44,0.17,-0.79,205.7
-3.76,8.91,-0.63,-0.24,-0.03,-1.10,205.8
-3.54,10.44,0.02,-0.07,0.00,-1.69,205.9
-5.77,9.60,-0.49,0.49,0.47,-2.55,206
-6.11,7.79,-0.60,0.21,-0.61,-0.83,206.1
-4.76,6.64,-1.25,-0.07,-1.09,1.03,206.2
-4.47,8.95,-0.08,-0.36,-0.53,1.96,206.3
-4.72,8.20,-0.22,0.21,-0.11,1.17,206.4
-5.66,8.49,-0.17,0.76,-0.63,0.49,206.5
-5.09,8.96,-0.14,0.69,-0.43,0.61,206.6
-4.74,9.82,-0.98,0.28,-0.41,-0.42,206.7
-3.30,10.25,-0.61,-0.24,-0.42,-2.17,206.8
-5.91,8.33,0.73,0.43,-0.21,-2.30,206.9
-5.17,6.86,-0.28,1.33,-0.60,-0.41,207
-5.83,9.78,-0.43,1.63,-0.69,2.02,207.1
-5.89,10.68,-1.39,1.22,-0.16,2.74,207.2
-4.86,10.01,-0.93,-0.19,0.60,2.51,207.3
-4.78,9.81,-0.63,-0.19,0.60,2.51,207.4
-2.51,6.71,-0.60,-0.59,0.51,0.73,207.5
-3.81,8.31,-1.03,-0.11,0.29,-1.16,207.6
-3.83,9.42,-0.80,-0.42,0.05,-1.69,207.7
-4.94,10.22,-0.48,-0.61,0.76,-2.60,207.8
-5.12,10.06,-0.32,-0.41,0.41,-2.67,207.9
-6.46,10.02,-0.10,0.12,-0.18,-2.01,208
-4.56,8.54,0.17,0.60,-0.51,-0.48,208.1
-5.96,7.61,-0.77,0.82,0.15,0.88,208.2
-4.95,8.81,0.28,0.55,-0.67,2.07,208.3
-4.51,8.78,-0.46,1.31,-0.45,1.34,208.4
-3.57,8.05,-0.54,1.27,-1.41,0.47,208.5
-4.40,8.36,-0.12,0.73,-1.15,-0.61,208.6
-1.31,6.28,-1.71,0.36,-0.73,0.01,208.7
0.53,-0.21,-2.34,2.75,0.87,0.92,208.8
0.37,-0.03,-0.38,2.59,0.88,0.77,208.9
4.44,-4.79,-4.80,1.13,2.48,3.32,209
0.21,0.75,-4.09,0.78,0.89,-4.52,209.1
-1.37,2.50,-8.95,1.33,3.76,-4.48,209.2
-0.54,-1.20,-7.49,0.99,3.02,-3.92,209.3
1.61,-0.31,-7.10,3.69,0.06,-2.02,209.4
1.35,-1.94,-10.17,-0.42,0.05,-1.62,209.5
1.64,-1.57,-10.17,-0.02,0.00,-0.90,209.6
0.39,0.61,-10.12,-0.01,0.01,-0.25,209.7
0.35,0.52,-10.12,0.00,0.01,-0.01,209.8
0.37,0.53,-10.12,0.00,0.00,0.00,209.9
0.37,0.55,-10.10,0.00,0.00,0.00,210
0.36,0.54,-10.12,0.00,0.00,0.00,210.1
0.38,0.53,-10.09,0.00,0.00,0.00,210.2
0.37,0.53,-10.11,0.00,0.00,0.00,210.3
0.37,0.54,-10.11,0.00,0.00,0.00,210.4
0.39,0.52,-10.09,0.00,0.00,0.00,210.5
0.37,0.54,-10.11,0.00,0.00,0.00,210.6
0.37,0.53,-10.11,0.00,0.00,0.00,210.7
0.37,0.53,-10.12,0.00,0.00,0.00,210.8
0.38,0.53,-10.14,0.00,0.00,0.00,210.9
0.37,0.54,-10.13,0.00,0.00,0.00,211
0.37,0.53,-10.10,0.00,0.00,0.00,211.1
0.36,0.53,-10.11,0.00,0.00,0.00,211.2
0.38,0.55,-10.12,0.00,0.00,0.00,211.3
0.37,0.54,-10.10,0.00,0.00,0.00,211.4
0.38,0.53,-10.11,0.00,0.00,0.00,211.5
0.37,0.53,-10.13,0.00,0.00,0.00,211.6
0.38,0.53,-10.13,0.00,0.00,0.00,211.7
0.37,0.53,-10.12,0.00,0.00,0.00,211.8
0.38,0.54,-10.11,0.00,0.00,0.00,211.9
0.37,0.54,-10.11,0.00,0.00,0.00,212
0.38,0.52,-10.11,0.00,0.00,0.00,212.1
0.38,0.53,-10.10,0.00,0.00,0.00,212.2
0.37,0.54,-10.11,0.00,0.00,0.00,212.3
0.37,0.53,-10.12,0.00,0.00,0.00,212.4
0.38,0.54,-10.13,0.00,0.00,0.00,212.5
0.38,0.53,-10.11,0.00,0.00,0.00,212.6
0.38,0.54,-10.11,0.00,0.00,0.00,212.7
0.36,0.53,-10.12,0.00,0.00,0.00,212.8
0.38,0.53,-10.10,0.00,0.00,0.00,212.9
0.38,0.53,-10.10,0.00,0.00,0.00,213
0.38,0.52,-10.10,0.00,0.00,0.00,213.1
0.38,0.52,-10.13,0.00,0.00,0.00,213.2
0.39,0.53,-10.12,0.00,0.00,0.00,213.3
0.37,0.53,-10.12,0.00,0.00,0.00,213.4
0.37,0.53,-10.10,0.00,0.00,0.00,213.5
0.38,0.53,-10.11,0.00,0.00,0.00,213.6
0.38,0.53,-10.11,0.00,0.00,0.00,213.7
0.37,0.53,-10.11,0.00,0.00,0.00,213.8
0.38,0.53,-10.09,0.00,0.00,0.00,213.9
0.38,0.53,-10.10,0.00,0.00,0.00,214
0.37,0.53,-10.11,0.00,0.00,0.00,214.1
0.38,0.53,-10.11,0.00,0.00,0.00,214.2
0.36,0.54,-10.11,0.00,0.00,0.00,214.3
0.38,0.54,-10.12,0.00,0.00,0.00,214.4
0.37,0.53,-10.13,0.00,0.00,0.00,214.5
0.38,0.55,-10.12,0.00,0.00,0.00,214.6
0.39,0.54,-10.10,0.00,0.00,0.00,214.7
0.38,0.54,-10.11,0.00,0.00,0.00,214.8
0.37,0.53,-10.12,0.00,0.00,0.00,214.9
0.37,0.54,-10.11,0.00,0.00,0.00,215
0.38,0.52,-10.13,0.00,0.00,0.00,215.1
0.38,0.53,-10.11,0.00,0.00,0.00,215.2
0.39,0.55,-10.10,0.00,0.00,0.00,215.3
0.38,0.54,-10.12,0.00,0.00,0.00,215.4
0.38,0.53,-10.11,0.00,0.00,0.00,215.5
0.38,0.54,-10.11,0.00,0.00,0.00,215.6
0.38,0.54,-10.11,0.00,0.00,0.00,215.7
0.39,0.54,-10.11,0.00,0.00,0.00,215.8
0.38,0.54,-10.12,0.00,0.00,0.00,215.9
0.38,0.54,-10.12,0.00,0.00,0.00,216
0.38,0.53,-10.11,0.00,0.00,0.00,216.1
0.37,0.54,-10.11,0.00,0.00,0.00,216.2
0.38,0.54,-10.11,0.00,0.00,0.00,216.3
0.37,0.54,-10.11,0.00,0.00,0.00,216.4
0.38,0.54,-10.14,0.00,0.00,0.00,216.5
0.39,0.54,-10.12,0.00,0.00,0.00,216.6
0.38,0.55,-10.12,0.00,0.00,0.00,216.7
0.37,0.55,-10.12,0.00,0.00,0.00,216.8
0.38,0.54,-10.11,0.00,0.00,0.00,216.9
0.39,0.53,-10.11,0.00,0.00,0.00,217
0.38,0.54,-10.13,0.00,0.00,0.00,217.1
0.37,0.53,-10.11,0.00,0.00,0.00,217.2
0.38,0.54,-10.11,0.00,0.00,0.00,217.3
0.37,0.54,-10.11,0.00,0.00,0.00,217.4
0.38,0.54,-10.11,0.00,0.00,0.00,217.5
0.37,0.53,-10.10,0.00,0.00,0.00,217.6
0.38,0.54,-10.11,0.00,0.00,0.00,217.7
0.38,0.54,-10.11,0.00,0.00,0.00,217.8
0.39,0.54,-10.11,0.00,0.00,0.00,217.9
0.37,0.53,-10.11,0.00,0.00,0.00,218
0.38,0.52,-10.11,0.00,0.00,0.00,218.1
0.38,0.53,-10.11,0.00,0.00,0.00,218.2
0.38,0.53,-10.13,0.00,0.00,0.00,218.3
0.38,0.55,-10.12,0.00,0.00,0.00,218.4
0.37,0.54,-10.11,0.00,0.00,0.00,218.5
0.36,0.53,-10.14,0.00,0.00,0.00,218.6
0.38,0.53,-10.12,0.00,0.00,0.00,218.7
0.38,0.53,-10.13,0.00,0.00,0.00,218.8
0.37,0.53,-10.12,0.00,0.00,0.00,218.9
0.39,0.53,-10.12,0.00,0.00,0.00,219
0.38,0.53,-10.11,0.00,0.00,0.00,219.1
0.38,0.54,-10.11,0.00,0.00,0.00,219.2
0.37,0.52,-10.13,0.00,0.00,0.00,219.3
0.38,0.52,-10.12,0.00,0.00,0.00,219.4
0.38,0.53,-10.12,0.00,0.00,0.00,219.5
0.37,0.55,-10.11,0.00,0.00,0.00,219.6
0.37,0.53,-10.12,0.00,0.00,0.00,219.7
0.38,0.53,-10.11,0.00,0.00,0.00,219.8
0.38,0.53,-10.11,0.00,0.00,0.00,219.9
0.37,0.53,-10.12,0.00,0.00,0.00,220
0.38,0.53,-10.10,0.00,0.00,0.00,220.1
0.37,0.53,-10.14,0.00,0.00,0.00,220.2
0.37,0.52,-10.12,0.00,0.00,0.00,220.3
0.38,0.53,-10.10,0.00,0.00,0.00,220.4
0.38,0.54,-10.10,0.00,0.00,0.00,220.5
0.37,0.53,-10.12,0.00,0.00,0.00,220.6
0.38,0.54,-10.12,0.00,0.00,0.00,220.7
0.38,0.54,-10.10,0.00,0.00,0.00,220.8
0.38,0.53,-10.12,0.00,0.00,0.00,220.9
0.38,0.54,-10.11,0.00,0.00,0.00,221
0.38,0.54,-10.11,0.00,0.00,0.00,221.1
0.38,0.54,-10.11,0.00,0.00,0.00,221.2
0.38,0.53,-10.13,0.00,0.00,0.00,221.3
0.37,0.54,-10.11,0.00,0.00,0.00,221.4
0.38,0.51,-10.09,0.00,0.00,0.00,221.5
0.40,0.53,-10.11,0.00,0.00,0.00,221.6
0.37,0.52,-10.10,0.00,0.00,0.00,221.7
0.39,0.54,-10.12,0.00,0.00,0.00,221.8
0.37,0.53,-10.11,0.00,0.00,0.00,221.9
0.37,0.54,-10.11,0.00,0.00,0.00,222
0.37,0.52,-10.11,0.00,0.00,0.00,222.1
0.38,0.54,-10.11,0.00,0.00,0.00,222.2
0.38,0.55,-10.11,0.00,0.00,0.00,222.3
0.39,0.53,-10.12,0.00,0.00,0.00,222.4
0.38,0.54,-10.10,0.00,0.00,0.00,222.5
0.39,0.55,-10.12,0.00,0.00,0.00,222.6
0.39,0.53,-10.12,0.00,0.00,0.00,222.7
0.38,0.54,-10.12,0.00,0.00,0.00,222.8
0.38,0.54,-10.13,0.00,0.00,0.00,222.9
0.38,0.55,-10.12,0.00,0.00,0.00,223
0.38,0.54,-10.12,0.00,0.00,0.00,223.1
0.38,0.53,-10.13,0.00,0.00,0.00,223.2
0.38,0.54,-10.10,0.00,0.00,0.00,223.3
0.38,0.54,-10.11,0.00,0.00,0.00,223.4
0.38,0.54,-10.11,0.00,0.00,0.00,223.5
0.37,0.55,-10.12,0.00,0.00,0.00,223.6
0.37,0.54,-10.11,0.00,0.00,0.00,223.7
0.38,0.53,-10.11,0.00,0.00,0.00,223.8
0.38,0.53,-10.12,0.00,0.00,0.00,223.9
0.39,0.54,-10.11,0.00,0.00,0.00,224
0.38,0.54,-10.12,0.00,0.00,0.00,224.1
0.38,0.53,-10.12,0.00,0.00,0.00,224.2
0.37,0.54,-10.12,0.00,0.00,0.00,224.3
0.37,0.53,-10.11,0.00,0.00,0.00,224.4
0.38,0.55,-10.11,0.00,0.00,0.00,224.5
0.37,0.55,-10.12,0.00,0.00,0.00,224.6
0.37,0.54,-10.12,0.00,0.00,0.00,224.7
0.38,0.54,-10.11,0.00,0.00,0.00,224.8
0.37,0.54,-10.13,0.00,0.00,0.00,224.9
0.38,0.54,-10.10,0.00,0.00,0.00,225
0.38,0.54,-10.11,0.00,0.00,0.00,225.1
0.38,0.54,-10.11,0.00,0.00,0.00,225.2
0.38,0.55,-10.12,0.00,0.00,0.00,225.3
0.37,0.53,-10.11,0.00,0.00,0.00,225.4
0.38,0.53,-10.10,0.00,0.00,0.00,225.5
0.36,0.53,-10.12,0.00,0.00,0.00,225.6
0.39,0.52,-10.11,0.00,0.00,0.00,225.7
0.38,0.54,-10.10,0.00,0.00,0.00,225.8
0.37,0.53,-10.11,0.00,0.00,0.00,225.9
0.39,0.52,-10.12,0.00,0.00,0.00,226
0.38,0.52,-10.11,0.00,0.00,0.00,226.1
0.37,0.53,-10.12,0.00,0.00,0.00,226.2
0.37,0.53,-10.12,0.00,0.00,0.00,226.3
0.37,0.53,-10.10,0.00,0.00,0.00,226.4
0.37,0.53,-10.12,0.00,0.00,0.00,226.5
0.38,0.55,-10.12,0.00,0.00,0.00,226.6
0.37,0.54,-10.12,0.00,0.00,0.00,226.7
0.39,0.54,-10.12,0.00,0.00,0.00,226.8
0.36,0.54,-10.11,0.00,0.00,0.00,226.9
0.38,0.53,-10.13,0.00,0.00,0.00,227
0.38,0.54,-10.12,0.00,0.00,0.00,227.1
0.38,0.54,-10.11,0.00,0.00,0.00,227.2
0.40,0.54,-10.12,0.00,0.00,0.00,227.3
0.38,0.53,-10.10,0.00,0.00,0.00,227.4
0.40,0.49,-10.15,0.00,0.00,0.00,227.5
-0.31,0.36,-12.55,-0.11,-0.21,0.03,227.6
-0.38,1.03,-9.78,-1.37,-0.37,0.29,227.7
-0.29,3.23,-10.13,-1.19,-0.41,0.50,227.8
-0.34,4.11,-10.16,-1.37,-0.55,0.55,227.9
-0.38,5.20,-8.64,-1.88,-0.71,0.57,228
-0.49,7.21,-6.48,-2.17,-0.71,0.40,228.1
-0.80,8.04,-4.78,-2.10,-0.41,0.21,228.2
-1.51,8.79,-3.44,-2.21,-0.24,-0.26,228.3
-1.69,8.76,0.06,-2.74,-0.08,-0.23,228.4
-0.67,9.44,2.88,-2.08,-0.33,0.20,228.5
-1.07,9.05,3.86,-1.49,-0.19,0.03,228.6
0.14,8.41,5.40,-1.11,-0.16,-0.06,228.7
-1.74,7.82,5.94,-0.87,0.26,-0.14,228.8
-1.85,8.11,5.40,0.25,0.12,-0.02,228.9
-1.76,8.53,4.71,0.59,0.12,0.08,229
-1.06,9.31,3.45,0.50,-0.02,0.20,229.1
-1.32,9.19,3.46,0.13,-0.01,0.03,229.2
-1.51,8.93,3.99,-0.23,-0.02,-0.04,229.3
-1.39,8.75,4.59,-0.28,-0.03,-0.02,229.4
-1.37,8.72,4.76,0.00,0.02,-0.02,229.5
-1.68,8.80,4.35,0.26,0.08,-0.03,229.6
-2.00,9.01,3.30,0.53,0.13,0.00,229.7
-1.25,9.54,2.84,0.46,0.01,0.15,229.8
-1.53,9.38,2.92,0.05,0.01,-0.01,229.9
-1.53,9.34,3.11,-0.12,-0.02,-0.01,230
-1.59,9.18,3.44,-0.18,-0.02,-0.02,230.1
-1.59,9.12,3.65,-0.08,-0.01,-0.01,230.2
-1.52,9.23,3.39,0.04,0.00,0.01,230.3
-1.54,9.22,3.36,0.00,0.00,0.00,230.4
-1.54,9.19,3.51,-0.05,-0.01,0.00,230.5
-1.56,9.15,3.55,-0.04,-0.01,0.01,230.6
-1.48,9.19,3.51,-0.01,0.00,0.00,230.7
-1.55,9.18,3.48,0.00,0.00,0.00,230.8
-1.53,9.19,3.47,0.00,-0.01,0.01,230.9
-1.52,9.15,3.59,-0.04,-0.01,0.00,231
-1.58,9.13,3.58,-0.03,0.00,-0.01,231.1
-1.55,9.13,3.60,0.00,0.00,0.00,231.2
-1.55,9.18,3.43,0.01,-0.01,0.01,231.3
-1.52,9.12,3.62,-0.09,-0.02,0.00,231.4
-1.42,9.10,3.75,-0.13,-0.03,0.00,231.5
-1.53,8.96,4.04,-0.15,-0.02,-0.02,231.6
-1.47,8.92,4.15,-0.06,-0.01,-0.01,231.7
-1.46,9.06,3.77,0.07,0.01,0.01,231.8
-1.51,9.04,3.85,0.01,0.00,0.00,231.9
-1.43,9.00,4.03,0.01,0.01,0.00,232
-1.58,8.96,4.13,0.12,0.06,-0.04,232.1
-1.56,9.17,4.05,0.47,0.10,-0.01,232.2
-2.07,9.32,3.11,0.91,0.22,-0.06,232.3
-2.00,11.36,0.48,0.91,0.49,0.17,232.4
-2.12,10.46,2.50,-0.79,0.22,-0.16,232.5
-2.37,10.32,3.75,-0.90,0.37,-0.11,232.6
-1.45,8.96,1.62,0.19,0.79,0.18,232.7
-1.22,7.82,2.07,-0.48,0.48,0.17,232.8
-1.38,8.59,2.22,-0.16,0.50,0.20,232.9
-1.30,8.86,1.66,0.09,0.47,0.26,233
-1.62,9.53,2.67,-0.28,0.18,0.12,233.1
-1.49,9.59,2.23,0.01,0.06,0.17,233.2
-1.58,9.59,2.42,0.03,-0.17,0.10,233.3
-1.56,9.62,2.29,0.09,-0.26,0.03,233.4
-1.60,9.62,2.21,0.19,-0.38,-0.03,233.5
-1.62,9.50,2.39,0.06,-0.45,-0.07,233.6
-1.65,9.70,2.29,0.20,-0.35,-0.08,233.7
-1.51,9.65,2.15,0.12,-0.30,-0.10,233.8
-1.57,9.56,2.42,0.09,-0.15,-0.12,233.9
-1.57,9.81,2.07,0.14,-0.03,-0.10,234
-1.56,9.44,2.35,-0.04,0.06,-0.08,234.1
-1.57,9.62,2.19,0.00,0.16,-0.03,234.2
-1.61,9.63,2.36,-0.10,0.22,-0.01,234.3
-1.52,9.57,2.29,-0.09,0.23,0.02,234.4
-1.52,9.55,2.20,-0.07,0.21,0.04,234.5
-1.51,9.49,2.28,-0.11,0.14,0.03,234.6
-1.59,9.71,2.26,-0.03,0.04,0.05,234.7
-1.68,9.84,2.35,-0.04,-0.04,0.03,234.8
-1.67,10.22,2.41,0.02,-0.12,0.02,234.9
-1.61,10.20,2.44,0.03,-0.18,-0.01,235
-1.76,10.87,2.58,0.07,-0.25,-0.05,235.1
-1.70,11.03,2.55,0.08,-0.32,-0.05,235.2
-1.46,10.08,2.59,0.04,-0.42,-0.07,235.3
-1.14,9.19,2.27,0.21,-0.41,-0.04,235.4
-1.03,8.95,1.81,0.31,-0.42,0.01,235.5
-0.95,8.93,1.93,0.03,-0.50,0.06,235.6
-0.94,9.55,2.37,-0.11,-0.49,0.09,235.7
-1.06,10.47,2.51,-0.14,-0.43,0.09,235.8
-0.72,10.30,2.44,-0.05,-0.23,0.10,235.9
-0.38,10.08,2.31,-0.21,-0.21,0.09,236
-0.70,9.65,2.55,-0.26,-0.14,-0.13,236.1
-0.82,8.97,2.28,0.00,-0.43,-0.14,236.2
0.14,8.53,1.87,0.08,-0.66,-0.06,236.3
-0.32,8.57,4.30,0.22,-0.58,-0.06,236.4
-0.12,10.21,0.74,0.92,1.67,0.82,236.5
-0.42,10.01,2.36,-0.19,0.91,0.56,236.6
-0.30,9.82,1.10,0.06,1.03,0.45,236.7
0.01,7.05,6.60,-1.10,0.54,0.01,236.8
0.64,10.19,-3.32,1.54,0.73,0.30,236.9
-0.06,10.40,2.10,-0.25,1.60,0.03,237
-0.26,11.21,1.11,-0.55,0.08,-0.06,237.1
-0.11,10.33,-0.20,0.94,-0.62,-0.29,237.2
-1.09,9.43,-1.93,1.48,-0.64,-1.36,237.3
-2.15,10.67,-0.20,1.33,0.11,0.21,237.4
-0.65,11.41,-1.63,1.06,-0.62,1.18,237.5
-0.04,9.98,0.16,-0.49,-0.48,0.44,237.6
-0.97,7.89,1.16,-0.30,0.00,0.18,237.7
0.99,9.67,0.28,0.86,-1.42,0.06,237.8
1.59,8.94,-1.81,0.83,-0.20,-0.46,237.9
-1.57,10.53,-0.87,-0.46,0.13,-0.01,238
0.82,8.94,-2.09,-0.36,-0.58,-0.41,238.1
-2.11,9.53,-0.93,-0.51,-0.19,-0.48,238.2
-4.27,8.70,1.32,-0.31,1.40,-0.93,238.3
-0.80,11.00,-1.86,1.04,-0.57,-0.01,238.4
-0.54,10.99,-1.74,-0.63,0.64,-0.18,238.5
-2.56,10.57,-1.81,-0.35,0.56,0.09,238.6
0.02,10.07,-5.95,0.87,-1.75,0.84,238.7
-0.85,11.74,-3.20,0.29,-0.24,0.51,238.8
-3.99,9.12,-2.31,-0.59,1.85,-0.68,238.9
-1.70,9.11,-1.28,-0.06,-0.56,0.21,239
-1.09,8.68,-0.69,0.03,-0.57,0.50,239.1
-0.04,9.22,-1.72,0.42,-0.28,0.59,239.2
0.00,9.66,-3.27,0.88,-0.32,0.45,239.3
0.06,10.28,-3.19,0.95,-0.26,0.33,239.4
1.45,10.33,-4.92,0.47,-0.32,-0.01,239.5
-0.58,7.79,-4.32,-0.40,0.15,-0.66,239.6
0.04,10.00,-3.65,0.55,-1.02,0.11,239.7
-1.47,8.20,-4.51,0.51,-0.98,0.32,239.8
-2.57,9.69,-4.41,0.23,-0.69,0.22,239.9
1.31,7.92,-5.31,0.67,-1.38,0.74,240
-2.32,8.90,-6.46,-0.84,-0.20,0.12,240.1
-0.04,9.08,-4.15,0.13,-0.34,0.40,240.2
-3.31,11.82,-4.13,-0.50,-0.36,0.15,240.3
0.07,11.58,-2.25,-2.08,0.28,0.44,240.4
-0.47,13.68,-1.01,-2.32,-0.20,0.22,240.5
-1.59,10.17,0.90,-1.53,-0.69,-0.85,240.6
-0.16,7.96,0.82,0.05,-0.26,-2.07,240.7
-2.74,2.14,6.10,-2.92,-2.41,-2.19,240.8
-1.60,3.25,7.51,-3.78,-3.16,-0.26,240.9
-2.23,0.93,11.14,-2.62,-1.22,0.23,241
-1.95,1.38,10.35,-0.85,-0.02,-0.29,241.1
-0.86,2.57,10.65,0.81,-0.34,-0.56,241.2
0.29,1.21,11.88,1.78,-1.58,-0.36,241.3
1.17,2.61,9.10,0.46,-0.26,1.17,241.4
0.23,0.50,8.37,-0.11,0.36,-0.31,241.5
0.46,4.23,9.48,-0.19,0.71,-0.22,241.6
0.14,1.91,8.98,-0.23,-0.20,-0.07,241.7
0.11,1.55,9.76,-0.14,-0.08,-0.04,241.8
-0.24,1.91,9.27,0.09,0.10,0.02,241.9
-0.37,1.72,9.36,0.01,0.27,0.21,242
0.82,1.55,9.28,-0.10,0.05,0.12,242.1
-0.12,1.56,9.50,0.00,0.03,-0.04,242.2
0.08,1.38,9.78,-0.02,-0.07,-0.15,242.3
-0.28,1.49,10.04,-0.09,-0.09,-0.15,242.4
-0.15,1.57,9.75,-0.04,-0.26,-0.06,242.5
-0.38,1.75,9.35,-0.06,0.00,0.01,242.6
0.74,1.30,9.77,-0.08,-0.10,0.14,242.7
0.54,1.22,9.96,-0.06,-0.04,0.03,242.8
0.21,1.31,9.87,0.02,-0.04,-0.07,242.9
0.27,1.24,9.78,-0.02,-0.06,-0.05,243
0.39,1.34,9.92,0.01,0.05,0.01,243.1
0.15,1.40,9.47,0.03,-0.05,0.00,243.2
-0.27,0.98,13.51,0.31,0.49,0.09,243.3
